province,longitude,latitude,Almandine,Anhydrite,Anorthosite,Antimony,Apatite,Arsenic,Asbestos,Barite,Barium,Be,Bentonite,Beryllium,Bismuth,Building Stone,Cadmium,Caesium,Calcium Carbonate,Cesium,Chromium,Chrysotile,Clay,Closed between 2020 and 2021,Coal,Cobalt,Copper,Diamond,Diatomite,Dimension Stone,Dolomite,Feldspar,Fireclay,Flagstone,Fluorine,Fluorspar,Fullers Earth,GM68420,GM68420.pdf,Gallium,Garnet,Gemstones,Germanium,Gold,Gold Silver,Granite,Graphite,Gypsum,Ilmenite,Iron,Iron ore,Jade,Lead,Lime,Limestone,Lithium,Magnesia,Magnesitic Dolomite,Magnesium,Magnetite,Mercury,Mica,Molybdenum,Nepheline Syenite,Nephrite,Nickel,Niobium,PM,Palladium,Perlite,Phosphate,Platinum,Potash,Pozzolan,Pumice,Pyrite,Pyrophyllite,Quartz,Radium,Rare Earth Elements (REE),Rhenium,Salt,Selenium,Serpentine,Shale,Siderite,Silica,Silver,Slate,Slerium,Soapstones,Sodium Sulphate,Steatite,Strontium,Sulfur,Sulphur,Sulphure,Talc,Tantalum,Tellerium,Tellurium,Thorium,Tin,Titanium,Tremolite,Tungsten,Uranium,Wollastonite,Zinc,Zircon,geometry,index_right,SiO2_pct,Al2O3_pct,Fe2O3_pct,MgO_pct,CaO_pct,Na2O_pct,K2O_pct,TiO2_pct,P2O5_pct,MnO_pct,Au_ppb,Cu_ppm,Ni_ppm,Co_ppm,Li_ppm,Cr_ppm,Zn_ppm,Pb_ppm,Mo_ppm,As_ppm,Th_ppm,U_ppm,La_ppm,Ce_ppm,Nd_ppm,Nb_ppm,V_ppm,W_ppm,Vp_100_kms,MagSus_SI,Density_gcc,distance,elevation
Alberta,-119.2595334,54.02862025,0,0,0,0,0,0,0,0,0,0,0,0,0,0,0,0,0,0,0,0,0,0,1,0,0,0,0,0,0,0,0,0,0,0,0,0,0,0,0,0,0,0,0,0,0,0,0,0,0,0,0,0,0,0,0,0,0,0,0,0,0,0,0,0,0,0,0,0,0,0,0,0,0,0,0,0,0,0,0,0,0,0,0,0,0,0,0,0,0,0,0,0,0,0,0,0,0,0,0,0,0,0,0,0,0,0,0,0,POINT (-1525958.3337411587 849170.0345496284),43667,10.08006,1.3441762,0.9157023,0.7828493,30.056355,0.58401287,0.6841868,0.23886105,6.0573664,0.03540887,7.566604,13.606967,18.104792,11.127805,5.1658926,14.102632,4058.0798,408.09412,2.4371908,10.964535,75.014984,51.4347,426.64917,505.8323,24.02681,15.378661,274.67572,187.34122,6.156535,0.0,2.7415583,4126.2169569790285,1526.0
Alberta,-119.1783886,53.93860907,0,0,0,0,0,0,0,0,0,0,0,0,0,0,0,0,0,0,0,0,0,0,1,0,0,0,0,0,0,0,0,0,0,0,0,0,0,0,0,0,0,0,0,0,0,0,0,0,0,0,0,0,0,0,0,0,0,0,0,0,0,0,0,0,0,0,0,0,0,0,0,0,0,0,0,0,0,0,0,0,0,0,0,0,0,0,0,0,0,0,0,0,0,0,0,0,0,0,0,0,0,0,0,0,0,0,0,0,POINT (-1524759.5002336388 838074.83496537),43232,10.509113,1.4948486,1.4728879,0.6392965,29.851658,0.21032892,0.61128604,0.32743186,6.478723,0.040785734,7.5373063,30.002161,19.373186,12.094529,6.3309364,20.800648,10823.078,1638.1223,3.0567093,10.340519,12.8072815,50.517616,40.271633,46.87187,24.538885,21.961147,248.10219,9.442221,6.00305,0.0,2.70222,5133.985333505597,997.0
Alberta,-117.5087097,53.09308204,0,0,0,0,0,0,0,0,0,0,0,0,0,0,0,0,0,0,0,0,0,0,1,0,0,0,0,0,0,0,0,0,0,0,0,0,0,0,0,0,0,0,0,0,0,0,0,0,0,0,0,0,0,0,0,0,0,0,0,0,0,0,0,0,0,0,0,0,0,0,0,0,0,0,0,0,0,0,0,0,0,0,0,0,0,0,0,0,0,0,0,0,0,0,0,0,0,0,0,0,0,0,0,0,0,0,0,0,POINT (-1456191.7562425954 712424.1215821471),37570,31.763702,5.646134,7.142402,0.16006821,11.979845,2.1192288,1.6890423,0.6382805,1.4330331,0.14654124,6.7911844,509.71957,31.25641,19.215378,13.199227,54.068157,36432.695,6540.999,5.4294195,4.8755913,13.749751,20.55912,37.78773,163.04466,21.69266,32.11923,63.64259,5.209881,5.870413,0.0,2.7686038,4514.349402083481,1757.0
Alberta,-117.4604471,53.60719525,0,0,0,0,0,0,0,0,0,0,0,0,0,0,0,0,0,0,0,0,0,0,1,0,0,0,0,0,0,0,0,0,0,0,0,0,0,0,0,0,0,0,0,0,0,0,0,0,0,0,0,0,0,0,0,0,0,0,0,0,0,0,0,0,0,0,0,0,0,0,0,0,0,0,0,0,0,0,0,0,0,0,0,0,0,0,0,0,0,0,0,0,0,0,0,0,0,0,0,0,0,0,0,0,0,0,0,0,POINT (-1433701.9187399866 764224.1598291417),39753,19.958529,4.7392106,4.412431,0.395807,20.130655,1.5849476,1.7081265,0.43533635,2.1432745,0.06331662,7.257545,451.9121,28.208645,17.72241,9.907187,38.974438,28525.209,4439.3896,4.433979,7.0087156,124.13319,35.547295,705.88947,947.5852,22.464796,32.361004,174.46313,6.3258367,5.8450656,0.0,2.725312,5616.867573800063,1444.0
Alberta,-117.4407696,53.10082201,0,0,0,0,0,0,0,0,0,0,0,0,0,0,0,0,0,0,0,0,0,0,1,0,0,0,0,0,0,0,0,0,0,0,0,0,0,0,0,0,0,0,0,0,0,0,0,0,0,0,0,0,0,0,0,0,0,0,0,0,0,0,0,0,0,0,0,0,0,0,0,0,0,0,0,0,0,0,0,0,0,0,0,0,0,0,0,0,0,0,0,0,0,0,0,0,0,0,0,0,0,0,0,0,0,0,0,0,POINT (-1451687.0882460014 711668.0643237005),37571,31.612782,5.6225667,7.1559386,0.15995707,11.958366,2.1400228,1.6953422,0.63264275,1.4228749,0.14721966,6.8020735,512.5557,31.221003,19.212734,13.190302,53.900658,35989.05,6477.926,5.3929596,4.913316,13.645185,20.535019,37.22558,162.06943,21.672197,31.796474,63.615643,5.274975,5.8694158,0.0,2.7685504,2372.6105094785653,1704.0
Alberta,-117.4070829,53.06594227,0,0,0,0,0,0,0,0,0,0,0,0,0,0,0,0,0,0,0,0,0,0,1,0,0,0,0,0,0,0,0,0,0,0,0,0,0,0,0,0,0,0,0,0,0,0,0,0,0,0,0,0,0,0,0,0,0,0,0,0,0,0,0,0,0,0,0,0,0,0,0,0,0,0,0,0,0,0,0,0,0,0,0,0,0,0,0,0,0,0,0,0,0,0,0,0,0,0,0,0,0,0,0,0,0,0,0,0,POINT (-1450919.6932670132 707306.8316101895),37571,31.612782,5.6225667,7.1559386,0.15995707,11.958366,2.1400228,1.6953422,0.63264275,1.4228749,0.14721966,6.8020735,512.5557,31.221003,19.212734,13.190302,53.900658,35989.05,6477.926,5.3929596,4.913316,13.645185,20.535019,37.22558,162.06943,21.672197,31.796474,63.615643,5.274975,5.8694158,0.0,2.7685504,2845.9158720854607,1669.0
Alberta,-117.4,53.0667,0,0,0,0,0,0,0,0,0,0,0,0,0,0,0,0,0,0,0,0,0,0,1,0,0,0,0,0,0,0,0,0,0,0,0,0,0,0,0,0,0,0,0,0,0,0,0,0,0,0,0,0,0,0,0,0,0,0,0,0,0,0,0,0,0,0,0,0,0,0,0,0,0,0,0,0,0,0,0,0,0,0,0,0,0,0,0,0,0,0,0,0,0,0,0,0,0,0,0,0,0,0,0,0,0,0,0,0,POINT (-1450451.4922034615 707223.3484717942),37571,31.612782,5.6225667,7.1559386,0.15995707,11.958366,2.1400228,1.6953422,0.63264275,1.4228749,0.14721966,6.8020735,512.5557,31.221003,19.212734,13.190302,53.900658,35989.05,6477.926,5.3929596,4.913316,13.645185,20.535019,37.22558,162.06943,21.672197,31.796474,63.615643,5.274975,5.8694158,0.0,2.7685504,2813.135602707022,1659.0
Alberta,-117.36642,53.403506,0,0,0,0,0,0,0,0,0,0,0,0,0,0,0,0,0,0,0,0,0,0,1,0,0,0,0,0,0,0,0,0,0,0,0,0,0,0,0,0,0,0,0,0,0,0,0,0,0,0,0,0,0,0,0,0,0,0,0,0,0,0,0,0,0,0,0,0,0,0,0,0,0,0,0,0,0,0,0,0,0,0,0,0,0,0,0,0,0,0,0,0,0,0,0,0,0,0,0,0,0,0,0,0,0,0,0,0,POINT (-1435640.9599648742 741146.1557799326),38880,23.977552,5.2156672,7.0048995,0.17225045,12.559178,2.0305133,1.8100059,0.5091228,1.8721957,0.07529674,6.8278084,482.16953,30.807089,18.773306,11.154363,53.23125,35589.15,6400.109,5.390736,5.1306186,123.46398,28.72046,704.5088,971.4825,22.413754,33.293633,143.94025,6.101999,5.8468246,0.0,2.7265043,4507.210576259613,1347.0
Alberta,-117.0832472,53.16712917,0,0,0,0,0,0,0,0,0,0,0,0,0,0,0,0,0,0,0,0,0,0,1,0,0,0,0,0,0,0,0,0,0,0,0,0,0,0,0,0,0,0,0,0,0,0,0,0,0,0,0,0,0,0,0,0,0,0,0,0,0,0,0,0,0,0,0,0,0,0,0,0,0,0,0,0,0,0,0,0,0,0,0,0,0,0,0,0,0,0,0,0,0,0,0,0,0,0,0,0,0,0,0,0,0,0,0,0,POINT (-1427028.1707627797 710412.6511196337),37573,31.359234,5.575625,7.180121,0.15986866,11.933097,2.1686378,1.7006633,0.62410027,1.4078377,0.14846669,6.815576,515.35034,31.148958,19.190426,13.174633,53.65197,35307.777,6382.1387,5.337876,4.9747977,13.483658,20.505545,36.33961,160.42561,21.640366,31.295536,63.59695,5.3844037,5.8672905,0.0,2.7684305,3000.569689167091,1360.0
Alberta,-116.7956893,53.06878004,0,0,0,0,0,0,0,0,0,0,0,0,0,0,0,0,0,0,0,0,0,0,1,0,0,0,0,0,0,0,0,0,0,0,0,0,0,0,0,0,0,0,0,0,0,0,0,0,0,0,0,0,0,0,0,0,0,0,0,0,0,0,0,0,0,0,0,0,0,0,0,0,0,0,0,0,0,0,0,0,0,0,0,0,0,0,0,0,0,0,0,0,0,0,0,0,0,0,0,0,0,0,0,0,0,0,0,0,POINT (-1412810.5939192374 693836.2287614207),36703,32.279247,5.6436796,8.428253,0.444619,9.687018,2.4059892,1.7536355,0.6165563,1.349244,0.15116723,7.234097,870.946,35.357414,23.53257,13.256529,54.159794,34380.996,6264.701,5.099989,3.8933496,13.055352,19.865356,35.31145,160.34245,21.548517,30.253403,61.537045,1.5562507,5.8480396,0.0,2.75939,4755.735200565387,1401.0
Alberta,-116.7098687,53.04688892,0,0,0,0,0,0,0,0,0,0,0,0,0,0,0,0,0,0,0,0,0,0,1,0,0,0,0,0,0,0,0,0,0,0,0,0,0,0,0,0,0,0,0,0,0,0,0,0,0,0,0,0,0,0,0,0,0,0,0,0,0,0,0,0,0,0,0,0,0,0,0,0,0,0,0,0,0,0,0,0,0,0,0,0,0,0,0,0,0,0,0,0,0,0,0,0,0,0,0,0,0,0,0,0,0,0,0,0,POINT (-1408270.0769411123 689669.4900128229),36703,32.279247,5.6436796,8.428253,0.444619,9.687018,2.4059892,1.7536355,0.6165563,1.349244,0.15116723,7.234097,870.946,35.357414,23.53257,13.256529,54.159794,34380.996,6264.701,5.099989,3.8933496,13.055352,19.865356,35.31145,160.34245,21.548517,30.253403,61.537045,1.5562507,5.8480396,0.0,2.75939,1760.8721279545657,1375.0
Alberta,-116.0846652,52.45757816,0,0,0,0,0,0,0,0,0,0,0,0,0,0,0,0,0,0,0,0,0,0,1,0,0,0,0,0,0,0,0,0,0,0,0,0,0,0,0,0,0,0,0,0,0,0,0,0,0,0,0,0,0,0,0,0,0,0,0,0,0,0,0,0,0,0,0,0,0,0,0,0,0,0,0,0,0,0,0,0,0,0,0,0,0,0,0,0,0,0,0,0,0,0,0,0,0,0,0,0,0,0,0,0,0,0,0,0,POINT (-1390303.028847711 614806.3330484709),33217,24.13101,5.207977,13.739883,0.12674959,5.0921993,3.4720514,1.7002218,0.447017,0.9274676,0.2180181,638.54297,523.944,26.184196,25.657827,24.513792,80.36586,139.99046,372.19937,5.824079,1555.2039,9.643519,14.038829,35.461903,402.11914,19.416847,31.977667,48.405968,57.487354,5.8577304,0.0,2.7638535,4815.905222940155,1463.0
Alberta,-115.3362971,51.05617338,0,0,0,0,0,0,0,0,0,0,0,0,0,0,0,0,0,0,0,0,0,0,1,0,0,0,0,0,0,0,0,0,0,0,0,0,0,0,0,0,0,0,0,0,0,0,0,0,0,0,0,0,0,0,0,0,0,0,0,0,0,0,0,0,0,0,0,0,0,0,0,0,0,0,0,0,0,0,0,0,0,0,0,0,0,0,0,0,0,0,0,0,0,0,0,0,0,0,0,0,0,0,0,0,0,0,0,0,POINT (-1391211.5721741836 452149.5709807679),26241,2.590529,2.6091332,4.0256486,2.9116678,29.949245,0.07308786,0.1261075,0.1242539,0.6194101,0.48253328,4.8317437,16.12615,22.641823,21.71653,49.418964,44.92566,81.92758,8.98135,14.884927,3.227219,2.8452575,13.552924,316.47366,1415.58,10.59201,33.78932,55.90051,1.7205735,5.883363,0.0,2.7685258,2467.338284188235,1379.0
Alberta,-115.1351986,51.07138943,0,0,0,0,0,0,0,0,0,0,0,0,0,0,0,0,0,0,0,0,0,0,0,0,0,0,0,0,0,0,0,0,0,0,0,0,0,0,0,0,0,0,0,0,0,0,0,0,0,0,0,1,0,0,0,0,0,0,0,0,0,0,0,0,0,0,0,0,0,0,0,0,0,0,0,0,0,0,0,0,0,0,0,0,0,0,0,0,0,0,0,0,0,0,0,0,0,0,0,0,0,0,0,0,0,0,0,0,POINT (-1377396.4119177696 449368.7205505607),26242,2.6781723,2.5714877,4.017619,2.9763975,29.888544,0.07603891,0.12891771,0.12342662,0.6308089,0.4833983,4.94836,16.306444,22.43923,21.771364,49.057793,44.825478,82.311134,9.111268,14.802567,3.2122157,2.8612006,13.748719,338.659,1451.2234,10.44196,33.39528,55.933685,1.7236279,5.8806233,0.0,2.7679315,2679.070291358817,1291.0
Alberta,-114.5248106,49.80767402,0,0,0,0,0,0,0,0,0,0,0,0,0,0,0,0,0,0,0,0,0,0,1,0,0,0,0,0,0,0,0,0,0,0,0,0,0,0,0,0,0,0,0,0,0,0,0,0,0,0,0,0,0,0,0,0,0,0,0,0,0,0,0,0,0,0,0,0,0,0,0,0,0,0,0,0,0,0,0,0,0,0,0,0,0,0,0,0,0,0,0,0,0,0,0,0,0,0,0,0,0,0,0,0,0,0,0,0,POINT (-1379233.313341626 303055.0006715222),19702,27.29294,2.5485466,0.73194295,0.69516796,27.240847,0.56109315,0.45770788,0.14390157,10.173934,0.027441684,10.0,22.84136,30.808088,25.418203,40.88344,42.813805,76.89804,18.783909,3.6601634,3.8575895,8.036075,20.842958,114.926476,108.835045,7.0460734,6.4356337,70.23704,1.6129887,5.9235153,0.0,2.7866943,3149.660179378122,1747.0
Alberta,-114.5245868,53.4692849,0,0,0,0,0,0,0,0,0,0,0,0,0,0,0,0,0,0,0,0,0,0,1,0,0,0,0,0,0,0,0,0,0,0,0,0,0,0,0,0,0,0,0,0,0,0,0,0,0,0,0,0,0,0,0,0,0,0,0,0,0,0,0,0,0,0,0,0,0,0,0,0,0,0,0,0,0,0,0,0,0,0,0,0,0,0,0,0,0,0,0,0,0,0,0,0,0,0,0,0,0,0,0,0,0,0,0,0,POINT (-1257258.5232847445 687805.1012706225),36718,11.745577,5.982073,10.317945,0.4779366,11.321809,2.6252587,1.4401867,0.42791316,1.0694344,0.22053798,620.19073,500.6126,27.730267,25.984861,32.697197,74.93125,8877.392,1710.8577,8.520264,1520.7383,10.130523,15.561505,41.265038,624.68787,16.995728,42.673138,56.109497,2.7649944,5.8096585,0.0,2.7479606,3511.8140910223246,738.0
Alberta,-114.5237074,53.58966554,0,0,0,0,0,0,0,0,0,0,0,0,0,0,0,0,0,0,0,0,0,0,1,0,0,0,0,0,0,0,0,0,0,0,0,0,0,0,0,0,0,0,0,0,0,0,0,0,0,0,0,0,0,0,0,0,0,0,0,0,0,0,0,0,0,0,0,0,0,0,0,0,0,0,0,0,0,0,0,0,0,0,0,0,0,0,0,0,0,0,0,0,0,0,0,0,0,0,0,0,0,0,0,0,0,0,0,0,POINT (-1253216.5989454575 700366.6908686198),37155,11.377008,5.5220623,7.2375927,0.5126542,14.20688,1.9981014,1.435948,0.42173904,1.5045874,0.21786629,399.40573,482.07178,30.50758,23.439503,26.704561,62.786476,26168.656,4108.4785,9.8626375,287.26108,13.017244,22.31917,41.989933,375.17044,18.334915,42.30505,75.23291,2.3655837,5.8068843,0.0,2.7473001,3237.612007656156,773.0
Alberta,-114.5040416,49.67038631,0,0,0,0,0,0,0,0,0,0,0,0,0,0,0,0,0,0,0,0,0,0,0,0,0,0,0,0,1,0,0,0,0,0,0,0,0,0,0,0,0,0,0,0,0,0,0,0,0,0,0,1,0,0,0,0,0,0,0,0,0,0,0,0,0,0,0,0,0,0,0,0,0,0,0,0,0,0,0,0,0,0,0,0,0,0,0,0,0,0,0,0,0,0,0,0,0,0,0,0,0,0,0,0,0,0,0,0,POINT (-1382408.825315884 288088.18823021284),19266,26.426828,2.5018942,0.7462364,0.69803804,27.653051,0.5013806,0.5088359,0.14582784,12.660077,0.029109096,10.297279,27.956177,32.246822,25.790436,40.883404,43.465874,90.49629,18.217688,3.6304727,4.7648697,7.9079256,24.593323,130.22263,113.11046,7.0460725,6.4227223,76.21043,1.6494119,5.9227157,0.0,2.7865849,3075.190652573766,1663.0
Alberta,-114.4052802,49.59245398,0,0,0,0,0,0,0,0,0,0,0,0,0,0,0,0,0,0,0,0,0,0,1,0,0,0,0,0,0,0,0,0,0,0,0,0,0,0,0,0,0,0,0,0,0,0,0,0,0,0,0,0,0,0,0,0,0,0,0,0,0,0,0,0,0,0,0,0,0,0,0,0,0,0,0,0,0,0,0,0,0,0,0,0,0,0,0,0,0,0,0,0,0,0,0,0,0,0,0,0,0,0,0,0,0,0,0,0,POINT (-1378225.262565004 277699.2947415123),18830,26.781906,2.5285106,0.7765407,0.73135644,27.47867,0.43139726,0.5894404,0.15643342,15.867138,0.030859044,10.719672,31.486921,34.184868,26.126377,40.88337,44.366817,94.04769,18.266966,3.953383,5.8553677,8.870655,28.714487,162.53625,127.61026,7.046071,6.385323,77.72024,1.6824485,5.9216037,0.0,2.7864206,2905.762553814062,1283.0
Alberta,-114.3655183,53.32950606,0,0,0,0,0,0,0,0,0,0,0,0,0,0,0,0,0,0,0,0,0,0,1,0,0,0,0,0,0,0,0,0,0,0,0,0,0,0,0,0,0,0,0,0,0,0,0,0,0,0,0,0,0,0,0,0,0,0,0,0,0,0,0,0,0,0,0,0,0,0,0,0,0,0,0,0,0,0,0,0,0,0,0,0,0,0,0,0,0,0,0,0,0,0,0,0,0,0,0,0,0,0,0,0,0,0,0,0,POINT (-1251930.1905396348 670050.7956896109),35847,7.4442883,5.977189,10.29352,0.7966013,12.267741,2.566634,1.283671,0.32315654,0.5310088,0.21657562,622.08777,475.3954,24.630018,26.030941,38.407986,69.59844,143.08095,342.77417,7.8798113,1529.1655,7.74598,13.132772,31.132526,860.8474,15.495117,44.625736,54.855495,2.7461822,5.8110056,0.0,2.749091,1930.9943037085472,749.0
Alberta,-114.1930729,53.70356602,0,0,0,0,0,0,0,0,0,0,1,0,0,0,0,0,0,0,0,0,0,0,0,0,0,0,0,0,0,0,0,0,0,0,0,0,0,0,0,0,0,0,0,0,0,0,0,0,0,0,0,0,0,0,0,0,0,0,0,0,0,0,0,0,0,0,0,0,0,0,0,0,0,0,0,0,0,0,0,0,0,0,0,0,0,0,0,0,0,0,0,0,0,0,0,0,0,0,0,0,0,0,0,0,0,0,0,0,POINT (-1228937.864767631 705823.3140975313),37593,11.273333,5.4878488,7.2330465,0.5158842,14.25092,1.9867562,1.422244,0.42097354,1.5106007,0.21804722,398.4695,478.5223,30.48985,23.41304,26.710508,62.81639,26187.283,4111.3467,9.89857,286.58392,13.042982,22.41817,41.936245,375.08627,18.333422,42.368454,75.592155,2.3635452,5.802669,0.0,2.746606,4309.880871587998,711.0
Alberta,-113.7289473,53.8883266,0,0,0,0,0,0,0,0,0,0,0,0,0,0,0,0,0,0,0,0,0,0,1,0,0,0,0,0,0,0,0,0,0,0,0,0,0,0,0,0,0,0,0,0,0,0,0,0,0,0,0,0,0,0,0,0,0,0,0,0,0,0,0,0,0,0,0,0,0,0,0,0,0,0,0,0,0,0,0,0,0,0,0,0,0,0,0,0,0,0,0,0,0,0,0,0,0,0,0,0,0,0,0,0,0,0,0,0,POINT (-1194221.2294742374 716328.7286169459),38033,11.073426,5.4352255,7.410118,0.5246466,13.774364,1.8178339,1.3997716,0.41787487,1.5095843,0.22003995,618.4912,517.2131,29.951822,25.90852,26.889221,70.87336,26056.658,4401.0786,10.10921,1508.8567,12.992996,22.44169,41.773617,377.12054,18.278065,42.398674,75.79632,2.9120655,5.7953873,0.0,2.7459023,5594.542650779041,713.0
Alberta,-113.5776368,53.70906292,0,0,0,0,0,0,0,0,0,0,0,0,0,0,0,0,0,0,0,0,0,0,1,0,0,0,0,0,0,0,0,0,0,0,0,0,0,0,0,0,0,0,0,0,0,0,0,0,0,0,0,0,0,0,0,0,0,0,0,0,0,0,0,0,0,0,0,0,0,0,0,0,0,0,0,0,0,0,0,0,0,0,0,0,0,0,0,0,0,0,0,0,0,0,0,0,0,0,0,0,0,0,0,0,0,0,0,0,POINT (-1190504.313845901 694694.2080440577),36725,6.252829,5.557445,6.9769034,1.3355896,18.726553,1.7734244,1.1505691,0.22585635,0.4701717,0.2588801,617.7478,462.9205,23.225502,26.97337,41.90587,58.815228,155.712,339.31342,9.533719,1510.8372,5.2494655,12.682598,26.28859,844.55975,13.360719,35.021908,54.560177,2.8575187,5.7994027,0.0,2.7476575,4721.14546956667,693.0
Alberta,-113.3834964,53.54493837,0,0,0,0,0,0,0,0,0,0,0,0,0,0,0,0,0,0,0,0,0,0,1,0,0,0,0,0,0,0,0,0,0,0,0,0,0,0,0,0,0,0,0,0,0,0,0,0,0,0,0,0,0,0,0,0,0,0,0,0,0,0,0,0,0,0,0,0,0,0,0,0,0,0,0,0,0,0,0,0,0,0,0,0,0,0,0,0,0,0,0,0,0,0,0,0,0,0,0,0,0,0,0,0,0,0,0,0,POINT (-1183539.8511226862 673838.8206004965),35854,4.9784803,3.969028,6.956974,1.3537436,18.899727,1.7366884,1.139093,0.13643526,0.66159594,0.3067557,611.8217,450.59186,23.14155,26.863214,45.178482,58.775486,154.3028,336.36755,9.629268,1497.8148,4.1529875,10.736706,23.166954,827.39844,11.761688,29.552502,50.25287,2.844271,5.800734,0.0,2.7487962,5221.66630255991,664.0
Alberta,-113.2165395,53.7004071,0,0,0,0,0,0,0,0,0,0,0,0,0,0,0,0,0,0,0,0,0,0,0,0,0,0,0,0,0,0,0,0,0,0,0,0,0,0,0,0,0,0,0,0,0,0,0,0,0,0,0,0,0,0,0,0,0,0,0,0,0,0,0,0,0,0,0,0,0,0,0,0,0,0,0,0,0,0,0,1,0,0,0,0,0,0,0,0,0,0,0,0,0,0,0,0,0,0,0,0,0,0,0,0,0,0,0,0,POINT (-1168274.8647264328 687089.7043766022),36727,5.0138717,3.9900753,6.9656205,1.3444636,18.809168,1.7562412,1.1570306,0.13622731,0.65936464,0.30542257,614.59216,457.25714,23.18111,26.921747,45.105045,58.776276,155.02684,337.7611,9.572245,1503.8784,4.1476107,10.716231,23.085335,827.65094,11.784209,29.494904,50.138298,2.8506641,5.79642,0.0,2.7476413,3383.054367492669,628.0
Alberta,-113.2133589,52.31971666,0,0,0,0,0,0,0,0,0,0,0,0,0,0,0,0,0,0,0,0,0,0,1,0,0,0,0,0,0,0,0,0,0,0,0,0,0,0,0,0,0,0,0,0,0,0,0,0,0,0,0,0,0,0,0,0,0,0,0,0,0,0,0,0,0,0,0,0,0,0,0,0,0,0,0,0,0,0,0,0,0,0,0,0,0,0,0,0,0,0,0,0,0,0,0,0,0,0,0,0,0,0,0,0,0,0,0,0,POINT (-1210885.5336938195 541638.7253750424),30183,5.0075693,2.5606647,3.7235956,2.8686643,28.82877,0.18011442,0.19025438,0.12983862,1.0506178,0.4898928,7.0267982,11.972406,24.602074,22.895515,46.520065,45.28755,79.678955,11.144986,15.204156,2.9961793,4.7207103,13.969122,433.02246,1207.6589,9.38769,24.336231,57.267487,1.6022724,5.847108,0.0,2.7740633,1862.867538745424,807.0
Alberta,-112.9243772,53.9065452,0,0,0,0,0,0,0,0,0,0,0,0,0,0,0,0,0,0,0,0,0,0,0,0,0,0,0,0,0,0,0,0,0,0,0,0,0,0,0,0,0,0,0,0,0,0,0,0,0,0,0,0,0,0,0,0,0,0,0,0,0,0,0,0,0,0,0,0,0,0,0,0,0,0,0,0,0,0,0,0,0,0,0,0,1,0,0,0,0,0,0,0,0,0,0,0,0,0,0,0,0,0,0,0,0,0,0,0,POINT (-1143761.3812529582 703454.599300266),37166,29.547112,11.267158,3.1619928,1.2966846,9.255775,2.2179887,3.5354981,0.27706832,0.3358968,0.23105642,11291.876,415.69623,55.399338,22.20404,45.12881,108.21147,114.94485,21.787119,10.930313,14.240773,8.872624,5.1089973,32.439457,328.33365,20.734938,24.113398,43.310642,1.961076,5.790503,0.0,2.7471066,5107.317226676357,600.0
Alberta,-112.8413593,49.84729193,0,0,0,0,0,0,0,0,0,0,0,0,0,0,0,0,0,0,0,0,0,0,1,0,0,0,0,0,0,0,0,0,0,0,0,0,0,0,0,0,0,0,0,0,0,0,0,0,0,0,0,0,0,0,0,0,0,0,0,0,0,0,0,0,0,0,0,0,0,0,0,0,0,0,0,0,0,0,0,0,0,0,0,0,0,0,0,0,0,0,0,0,0,0,0,0,0,0,0,0,0,0,0,0,0,0,0,0,POINT (-1262387.396978109 272300.3214701954),18406,26.206608,2.6822314,0.780234,0.6822927,27.269947,0.49877858,0.56313926,0.15316303,12.971378,0.029679812,10.471053,28.808954,32.258404,25.70995,40.883423,42.955517,82.857735,18.01864,3.455433,5.28765,9.240732,25.912003,138.66505,115.61703,7.046073,6.3686185,77.174614,1.6419753,5.9001193,0.0,2.7846014,3315.294136479789,900.0
Alberta,-112.7678241,51.47988297,0,0,0,0,0,0,0,0,0,0,0,0,0,0,0,0,0,0,0,0,0,0,1,0,0,0,0,0,0,0,0,0,0,0,0,0,0,0,0,0,0,0,0,0,0,0,0,0,0,0,0,0,0,0,0,0,0,0,0,0,0,0,0,0,0,0,0,0,0,0,0,0,0,0,0,0,0,0,0,0,0,0,0,0,0,0,0,0,0,0,0,0,0,0,0,0,0,0,0,0,0,0,0,0,0,0,0,0,POINT (-1207550.8567369666 444353.6682052902),25823,8.944261,2.4374158,2.4600048,2.0803697,27.682516,0.3183899,0.27152985,0.11948513,1.8963188,0.48005936,9.333459,12.86214,29.985954,24.599663,42.788017,50.37907,85.43645,14.905905,15.44194,3.064123,7.8343754,16.35053,454.21948,739.4702,7.837255,13.038875,60.307194,1.6063833,5.846085,0.0,2.7732162,4995.169454139362,759.0
Alberta,-112.5293468,51.2783727,0,0,0,0,0,0,0,0,0,0,0,0,0,0,0,0,0,0,0,0,0,0,1,0,0,0,0,0,0,0,0,0,0,0,0,0,0,0,0,0,0,0,0,0,0,0,0,0,0,0,0,0,0,0,0,0,0,0,0,0,0,0,0,0,0,0,0,0,0,0,0,0,0,0,0,0,0,0,0,0,0,0,0,0,0,0,0,0,0,0,0,0,0,0,0,0,0,0,0,0,0,0,0,0,0,0,0,0,POINT (-1197807.1262804312 418466.9116813429),24952,9.094284,2.4341886,2.444928,2.0658402,27.64954,0.3220304,0.27384973,0.11975225,1.9098309,0.47591004,9.353864,12.92332,29.950417,24.610506,42.729713,50.2413,85.18131,15.000339,15.300983,3.0700579,7.9004107,16.315395,454.67245,740.3762,7.813035,12.872041,60.31781,1.6065551,5.878363,0.0,2.7817988,2675.367972097786,859.0
Alberta,-112.5183234,51.32831643,0,0,0,0,0,0,0,0,0,0,0,0,0,0,0,0,0,0,0,0,0,0,1,0,0,0,0,0,0,0,0,0,0,0,0,0,0,0,0,0,0,0,0,0,0,0,0,0,0,0,0,0,0,0,0,0,0,0,0,0,0,0,0,0,0,0,0,0,0,0,0,0,0,0,0,0,0,0,0,0,0,0,0,0,0,0,0,0,0,0,0,0,0,0,0,0,0,0,0,0,0,0,0,0,0,0,0,0,POINT (-1195574.4799191356 423562.0963434865),24952,9.094284,2.4341886,2.444928,2.0658402,27.64954,0.3220304,0.27384973,0.11975225,1.9098309,0.47591004,9.353864,12.92332,29.950417,24.610506,42.729713,50.2413,85.18131,15.000339,15.300983,3.0700579,7.9004107,16.315395,454.67245,740.3762,7.813035,12.872041,60.31781,1.6065551,5.878363,0.0,2.7817988,5680.955497596022,831.0
Alberta,-112.48251,51.32863,0,0,0,0,0,0,0,0,0,0,0,0,0,0,0,0,0,0,0,0,0,0,1,0,0,0,0,0,0,0,0,0,0,0,0,0,0,0,0,0,0,0,0,0,0,0,0,0,0,0,0,0,0,0,0,0,0,0,0,0,0,0,0,0,0,0,0,0,0,0,0,0,0,0,0,0,0,0,0,0,0,0,0,0,0,0,0,0,0,0,0,0,0,0,0,0,0,0,0,0,0,0,0,0,0,0,0,0,POINT (-1193182.8571254439 422922.8949758003),24953,9.108221,2.43396,2.4432921,2.0639193,27.646206,0.3224582,0.27407795,0.119772255,1.9117438,0.4755697,9.3547125,12.93219,29.950014,24.611408,42.72729,50.228573,85.17755,15.015502,15.286631,3.0711024,7.910723,16.314808,455.0339,741.0062,7.812028,12.855198,60.320133,1.6065329,5.87712,0.0,2.7816854,4321.301882728951,705.0
Alberta,-112.4402551,52.78737639,0,0,0,0,0,0,0,0,0,0,1,0,0,0,0,0,0,0,0,0,0,0,0,0,0,0,0,0,0,0,0,0,0,0,0,0,0,0,0,0,0,0,0,0,0,0,0,0,0,0,0,0,0,0,0,0,0,0,0,0,0,0,0,0,0,0,0,0,0,0,0,0,0,0,0,0,0,0,0,0,0,0,0,0,0,0,0,0,0,0,0,0,0,0,0,0,0,0,0,0,0,0,0,0,0,0,0,0,POINT (-1146893.1115528035 576707.4590956258),31933,5.034457,2.556934,3.730139,2.8701096,28.819489,0.1812179,0.19080976,0.13004512,1.0510776,0.4881463,7.0175576,12.017286,24.513031,22.886608,46.514717,45.127476,79.53961,11.171493,15.110369,2.9987974,4.72949,13.9438305,436.49573,1219.1631,9.3854685,24.312998,57.269108,1.6025809,5.8156557,0.0,2.7676432,4527.265328052178,711.0
Alberta,-112.219718,52.48106528,0,0,0,0,0,0,0,0,0,0,0,0,0,0,0,0,0,0,0,0,0,0,1,0,0,0,0,0,0,0,0,0,0,0,0,0,0,0,0,0,0,0,0,0,0,0,0,0,0,0,0,0,0,0,0,0,0,0,0,0,0,0,0,0,0,0,0,0,0,0,0,0,0,0,0,0,0,0,0,0,0,0,0,0,0,0,0,0,0,0,0,0,0,0,0,0,0,0,0,0,0,0,0,0,0,0,0,0,POINT (-1141750.432909864 540321.2896754788),30190,7.1258917,2.5039485,3.096213,2.6364028,28.292858,0.2516399,0.24245164,0.12456981,1.5756726,0.486957,8.182357,13.252599,27.293245,23.753962,44.654793,47.88759,87.03714,11.8296795,15.29262,3.001072,5.9256654,16.69836,446.46124,973.21796,8.612781,18.593578,61.14836,1.6046879,5.8212137,0.0,2.7692893,1779.847931141912,726.0
Alberta,-112.1930807,52.47596003,0,0,0,0,0,0,0,0,0,0,0,0,0,0,0,0,0,0,0,0,0,0,1,0,0,0,0,0,0,0,0,0,0,0,0,0,0,0,0,0,0,0,0,0,0,0,0,0,0,0,0,0,0,0,0,0,0,0,0,0,0,0,0,0,0,0,0,0,0,0,0,0,0,0,0,0,0,0,0,0,0,0,0,0,0,0,0,0,0,0,0,0,0,0,0,0,0,0,0,0,0,0,0,0,0,0,0,0,POINT (-1140177.3834964638 539302.6209172091),30190,7.1258917,2.5039485,3.096213,2.6364028,28.292858,0.2516399,0.24245164,0.12456981,1.5756726,0.486957,8.182357,13.252599,27.293245,23.753962,44.654793,47.88759,87.03714,11.8296795,15.29262,3.001072,5.9256654,16.69836,446.46124,973.21796,8.612781,18.593578,61.14836,1.6046879,5.8212137,0.0,2.7692893,719.8085712695282,720.0
Alberta,-112.1788169,49.80567707,0,0,0,0,0,0,0,0,0,0,0,0,0,0,0,0,0,0,0,0,0,0,1,0,0,0,0,0,0,0,0,0,0,0,0,0,0,0,0,0,0,0,0,0,0,0,0,0,0,0,0,0,0,0,0,0,0,0,0,0,0,0,0,0,0,0,0,0,0,0,0,0,0,0,0,0,0,0,0,0,0,0,0,0,0,0,0,0,0,0,0,0,0,0,0,0,0,0,0,0,0,0,0,0,0,0,0,0,POINT (-1217907.8049963496 254941.90174608538),17538,27.283096,2.6981308,0.8167918,0.67613435,26.312876,0.44216204,0.6316306,0.16787553,13.132443,0.03129014,10.483313,30.130095,35.780373,26.466095,40.88338,44.3749,83.51012,18.253473,3.5421195,6.680552,8.780081,25.942307,141.0538,118.44463,7.046071,6.347164,78.696625,1.6943486,5.8945847,0.0,2.7839093,5366.652068166154,789.0
Alberta,-112.1525496,52.46720085,0,0,0,0,0,0,0,0,0,0,0,0,0,0,0,0,0,0,0,0,0,0,1,0,0,0,0,0,0,0,0,0,0,0,0,0,0,0,0,0,0,0,0,0,0,0,0,0,0,0,0,0,0,0,0,0,0,0,0,0,0,0,0,0,0,0,0,0,0,0,0,0,0,0,0,0,0,0,0,0,0,0,0,0,0,0,0,0,0,0,0,0,0,0,0,0,0,0,0,0,0,0,0,0,0,0,0,0,POINT (-1137811.6240915346 537648.7289760236),30190,7.1258917,2.5039485,3.096213,2.6364028,28.292858,0.2516399,0.24245164,0.12456981,1.5756726,0.486957,8.182357,13.252599,27.293245,23.753962,44.654793,47.88759,87.03714,11.8296795,15.29262,3.001072,5.9256654,16.69836,446.46124,973.21796,8.612781,18.593578,61.14836,1.6046879,5.8212137,0.0,2.7692893,3212.0689710937327,725.0
Alberta,-112.1247863,49.7904586,0,0,0,0,0,0,0,0,0,0,0,0,0,0,0,0,0,0,0,0,0,0,0,0,0,0,0,0,0,0,0,0,0,0,0,0,0,0,0,0,0,0,0,0,0,0,0,0,0,0,0,1,0,0,0,0,0,0,0,0,0,0,0,0,0,0,0,0,0,0,0,0,0,0,0,0,0,0,0,0,0,0,0,0,0,0,0,0,0,0,0,0,0,0,0,0,0,0,0,0,0,0,0,0,0,0,0,0,POINT (-1214619.2906810755 252282.15226849134),17539,27.286753,2.6985233,0.8167714,0.6760533,26.310703,0.44246215,0.63140935,0.16787721,13.120326,0.03128234,10.481859,30.109917,35.775032,26.464556,40.88338,44.3725,83.47368,18.247553,3.5418475,6.676683,8.774545,25.929045,140.96252,118.37114,7.046071,6.347127,78.67483,1.6941838,5.8933406,0.0,2.783771,5152.389192588173,807.0
Alberta,-111.7076536,51.47689546,0,0,0,0,0,0,0,0,0,0,0,0,0,0,0,0,0,0,0,0,0,0,1,0,0,0,0,0,0,0,0,0,0,0,0,0,0,0,0,0,0,0,0,0,0,0,0,0,0,0,0,0,0,0,0,0,0,0,0,0,0,0,0,0,0,0,0,0,0,0,0,0,0,0,0,0,0,0,0,0,0,0,0,0,0,0,0,0,0,0,0,0,0,0,0,0,0,0,0,0,0,0,0,0,0,0,0,0,POINT (-1137303.7089482467 424494.0815398368),24958,9.155421,2.4388423,2.4408405,2.059795,27.635082,0.3239574,0.2750421,0.11990893,2.975812,0.47456023,9.35689,14.18247,29.941412,24.613314,42.72106,50.257008,85.56397,15.126773,15.241355,3.0882583,7.093807,16.259544,465.62152,746.30566,7.809443,12.798635,58.6907,1.6062795,5.8719916,0.0,2.7813263,5240.83322458399,831.0
Alberta,-111.6880825,51.49346416,0,0,0,0,0,0,0,0,0,0,0,0,0,0,0,0,0,0,0,0,0,0,1,0,0,0,0,0,0,0,0,0,0,0,0,0,0,0,0,0,0,0,0,0,0,0,0,0,0,0,0,0,0,0,0,0,0,0,0,0,0,0,0,0,0,0,0,0,0,0,0,0,0,0,0,0,0,0,0,0,0,0,0,0,0,0,0,0,0,0,0,0,0,0,0,0,0,0,0,0,0,0,0,0,0,0,0,0,POINT (-1135528.352071613 425908.82798660925),25394,9.109434,2.433931,2.44251,2.0619562,27.644737,0.32285467,0.27414346,0.11974824,1.9146283,0.47579208,9.351202,12.947305,29.960035,24.611362,42.73732,50.22683,85.26749,15.041833,15.280777,3.072995,7.9280233,16.328873,456.6103,743.68976,7.816194,12.845191,60.328773,1.6064126,5.870727,0.0,2.781145,6060.753871680081,828.0
Alberta,-110.6735157,53.87536846,0,0,0,0,0,0,0,0,0,0,0,0,0,0,0,0,0,0,0,0,0,0,0,0,0,0,0,0,0,0,0,0,0,0,0,0,0,0,0,0,0,0,0,0,0,0,0,0,0,0,0,0,0,0,0,0,0,0,0,0,0,0,0,0,0,0,0,0,0,0,0,0,0,0,0,0,0,0,0,1,0,0,0,0,0,0,0,0,0,0,0,0,0,0,0,0,0,0,0,0,0,0,0,0,0,0,0,0,POINT (-1004101.2370410808 662150.5154103554),35436,66.69645,13.998075,3.7074637,2.4786825,2.4568746,3.4133463,3.560214,0.50262463,0.18224002,0.12585533,11750.042,38.005898,44.096798,7.6696534,31.858189,101.74073,89.76442,21.426178,3.0197532,13.9252,19.496851,1.364636,123.2344,246.30882,99.65052,27.584978,27.75404,1.4243745,5.7875876,0.0,2.7653508,4630.896001801356,589.0
Alberta,-110.6331424,52.40542312,0,0,0,0,0,0,0,0,0,0,0,0,0,0,0,0,0,0,0,0,0,0,0,0,0,0,0,0,0,0,0,0,0,0,0,0,0,0,0,0,0,0,0,0,0,0,0,0,0,0,0,0,0,0,0,0,0,0,0,0,0,0,0,0,0,0,0,0,0,0,0,0,0,0,0,0,0,0,0,0,0,0,0,0,0,0,0,0,0,1,0,0,0,0,0,0,0,0,0,0,0,0,0,0,0,0,0,0,POINT (-1040814.5457040602 505057.5730760878),28892,8.988149,5.19546,2.6628907,2.0116673,18.961395,0.36425298,1.0438479,0.26034606,0.9035288,0.29470894,9.330739,13.192987,25.92878,17.397934,42.668957,47.443058,63.013145,14.734118,10.581468,8.49865,6.5650134,10.204588,37.534775,47.801785,14.090381,13.369111,70.41697,1.4152099,5.8536625,0.0,2.7797275,5009.142916520033,689.0
British Columbia,-133.65358,59.58272,0,0,0,0,0,0,0,0,0,0,0,0,0,0,0,0,0,0,0,0,0,0,0,0,1,0,0,0,0,0,0,0,0,0,0,0,0,0,0,0,0,1,0,0,0,0,0,1,0,0,0,0,1,0,0,0,0,1,0,0,0,0,0,0,0,0,0,0,0,0,0,0,0,0,0,0,0,0,0,0,0,0,0,0,0,1,0,0,0,0,0,0,0,0,0,0,0,0,0,0,0,0,0,0,0,0,0,0,POINT (-1995631.316939195 1784843.4398080544),84168,54.561337,10.792269,7.341256,3.3994873,4.073229,2.5565383,1.8282641,0.6456991,0.15882494,0.12575267,6.5990996,31.44665,151.11264,32.04755,17.089981,111.24155,127.13656,19.319838,4.135847,138.11249,19.581429,12.629784,28.645433,54.708122,25.108496,30.406376,7.4473257,96.49053,6.336446,0.0,2.847059,6522.308254032961,718.0
British Columbia,-133.60111,58.735833,0,0,0,0,0,0,0,0,0,0,0,0,0,0,1,0,0,0,0,0,0,0,0,0,1,0,0,0,0,0,0,0,0,0,0,0,0,0,0,0,0,1,0,0,0,0,0,0,0,0,1,0,0,0,0,0,0,0,0,0,0,0,0,0,0,0,0,0,0,0,0,0,0,0,0,0,0,0,0,0,0,0,0,0,0,1,0,0,0,0,0,0,0,0,0,0,0,0,0,0,0,0,0,0,0,0,1,0,POINT (-2045619.7749961521 1707787.5921281828),81111,55.898155,2.291046,6.6870866,1.0447978,1.8651452,0.74849814,2.1129503,0.94114536,0.25444055,0.13590258,222.90271,54.796375,20.877827,39.26456,15.057241,18.077505,88.12051,40.546566,1.4901139,46.64022,2.3473487,1.9502217,9.171026,17.120483,7.58679,6.322751,59.703224,185.49396,6.2591524,0.0,2.8309748,4907.110816397976,71.0
British Columbia,-133.52166,59.735833,0,0,0,0,0,0,0,0,0,0,0,0,0,0,1,0,0,0,0,0,0,0,0,0,1,0,0,0,0,0,0,0,0,0,0,0,0,0,0,0,0,1,0,0,0,0,0,0,0,0,1,0,0,0,0,0,0,0,0,0,1,0,0,0,0,0,0,0,0,0,0,0,0,0,0,0,0,0,0,0,0,0,0,0,0,1,0,0,0,0,0,0,0,0,0,0,0,0,0,0,1,0,0,0,0,0,1,0,POINT (-1980233.1109451517 1794347.9408575427),84606,69.490746,12.329194,2.595352,0.59361845,1.4090791,2.3574631,4.795113,0.25351712,0.07086391,0.050708547,12.73892,51.960464,27.168331,32.275986,17.573587,40.16446,840.06976,135.67357,5.29902,1119.3651,39.278927,16.542978,42.879448,83.03736,33.100998,40.10691,5.136548,95.52715,6.3374457,0.0,2.847379,4353.80998208674,1155.0
British Columbia,-133.27033,59.38272,0,0,0,0,0,0,0,0,0,0,0,0,0,0,0,0,0,0,0,0,0,0,0,0,0,0,0,0,0,0,0,0,0,0,0,0,0,0,0,0,0,1,0,0,0,0,0,0,0,0,0,0,0,0,0,0,0,0,0,0,0,0,0,0,0,0,0,0,0,0,0,0,0,0,0,0,0,0,0,0,0,0,0,0,0,0,0,0,0,0,0,0,0,0,0,0,0,0,0,0,0,0,0,0,0,0,0,0,POINT (-1990573.0207244614 1755005.5285838956),83297,57.787693,13.201621,6.2526193,2.4865315,4.9391975,3.0338905,2.0359282,0.70637494,0.14957751,0.11867221,3.7712321,40.377884,41.049126,43.739784,16.641096,53.365906,44.6753,8.70137,4.356138,12.199107,27.211966,13.365894,29.882147,60.424534,27.742401,37.40546,22.724606,65.4497,6.3397307,0.0,2.8481166,5027.187444314448,905.0
British Columbia,-132.29361,58.210833,0,0,0,1,0,0,0,0,0,0,0,0,0,0,0,0,0,0,0,0,0,0,0,0,1,0,0,0,0,0,0,0,0,0,0,0,0,0,0,0,0,1,0,0,0,0,0,0,0,0,0,0,0,0,0,0,0,0,0,0,0,0,0,0,0,0,0,0,0,0,0,0,0,0,0,0,0,0,0,0,0,0,0,0,0,1,0,0,0,0,0,0,0,0,0,0,0,0,0,0,0,0,0,0,0,0,0,0,POINT (-2016143.4502321046 1618913.039555904),77190,49.014496,11.270087,25.223366,0.86987406,5.072027,0.21179383,1.1168151,1.0113567,0.30117062,0.17212538,30.503582,67.98357,19.363504,32.78758,11.7796,27.213661,38.184757,12.457121,4.625539,33.676975,1.0446638,0.8170972,7.535971,15.063897,8.766934,8.180716,125.46173,43.659927,6.2679296,0.0,2.8340292,4007.303673358049,1422.0
British Columbia,-131.10888,56.66861,0,0,0,0,0,0,0,0,0,0,0,0,0,0,0,0,0,0,0,0,0,0,0,0,1,0,0,0,0,0,0,0,0,0,0,0,0,0,0,0,0,1,0,0,0,0,0,0,0,0,1,0,0,0,0,0,0,0,0,0,0,0,0,0,0,0,0,0,0,0,0,0,0,0,0,0,0,0,0,0,0,0,0,0,0,1,0,0,0,0,0,0,0,0,0,0,0,0,0,0,0,0,0,0,0,0,1,0,POINT (-2049386.1562469753 1440566.931932253),69339,56.91425,10.553938,7.3886733,1.4369829,6.021437,2.1470432,3.4893808,0.6850296,0.1771725,0.12824033,64.20638,243.25757,20.828653,30.470734,10.088379,50.079784,85.77985,7.889384,3.3389108,10.941618,3.1479726,2.1038222,14.2786665,29.05584,15.635136,7.81664,213.8818,37.018787,6.2755737,0.0,2.8367758,835.5165600553416,315.0
British Columbia,-131.06749,56.62361,0,0,0,0,0,0,0,0,0,0,0,0,0,0,0,0,0,0,0,0,0,0,0,0,1,0,0,0,0,0,0,0,0,0,0,0,0,0,0,0,0,1,0,0,0,0,0,0,0,0,1,0,0,0,0,0,0,0,0,0,0,0,0,0,0,0,0,0,0,0,0,0,0,0,0,0,0,0,0,0,0,0,0,0,0,1,0,0,0,0,0,0,0,0,0,0,0,0,0,0,0,0,0,0,0,0,1,0,POINT (-2049925.288505528 1435102.8883963474),69339,56.91425,10.553938,7.3886733,1.4369829,6.021437,2.1470432,3.4893808,0.6850296,0.1771725,0.12824033,64.20638,243.25757,20.828653,30.470734,10.088379,50.079784,85.77985,7.889384,3.3389108,10.941618,3.1479726,2.1038222,14.2786665,29.05584,15.635136,7.81664,213.8818,37.018787,6.2755737,0.0,2.8367758,4897.783949351362,1247.0
British Columbia,-130.42888,56.653888,0,0,0,0,0,0,0,0,0,0,0,0,0,0,0,0,0,0,0,0,0,0,0,0,1,0,0,0,0,0,0,0,0,0,0,0,0,0,0,0,0,1,0,0,0,0,0,0,0,0,1,0,0,0,0,0,0,0,0,0,0,0,0,0,0,0,0,0,0,0,0,0,0,0,0,0,0,0,0,0,0,0,0,0,0,1,0,0,0,0,0,0,0,0,0,0,0,0,0,0,0,0,0,0,0,0,1,0,POINT (-2015760.701219091 1417481.3739856095),68470,60.299465,14.828289,4.2632203,1.207905,4.7493153,2.5385513,2.9133687,0.72303164,0.18929534,0.11804219,645.8301,346.35544,34.163956,36.239697,6.8500037,36.520126,213.07248,25.257816,3.3050957,114.47213,3.0873861,2.2187283,12.577963,23.657286,19.023941,7.4402566,163.74576,111.97468,6.277917,0.0,2.8375673,4930.744425468928,782.0
British Columbia,-130.34499,56.211111,0,0,0,0,0,0,0,0,0,0,0,0,0,0,0,0,0,0,0,0,0,0,0,1,1,0,0,0,0,0,0,0,0,0,0,0,0,0,0,0,0,1,0,0,0,0,0,0,0,0,1,0,0,0,0,0,0,0,0,0,0,0,0,0,0,0,0,0,0,0,0,0,0,0,0,0,0,0,0,0,0,0,0,0,0,1,0,0,0,0,0,0,0,0,0,0,0,0,0,0,0,0,0,0,0,0,1,0,POINT (-2036922.3813144912 1373868.8484168206),66288,59.285046,16.124546,5.7748547,1.8618145,4.0424886,3.983359,3.2308793,0.63223827,0.26350847,0.12274119,3136.1843,1307.8884,15.20956,30.668303,10.2806635,26.00994,6480.136,5213.802,4.607015,52.299866,5.2088084,3.2792823,15.02167,32.16031,20.53567,6.468436,177.77432,55.0803,6.278735,0.0,2.8379028,4943.725566201546,953.0
British Columbia,-130.34,59.92,0,0,0,0,0,0,0,0,0,0,0,0,0,0,0,0,0,0,0,0,0,0,0,0,0,0,0,0,0,0,0,0,0,0,0,0,0,0,0,0,0,1,0,0,0,0,0,0,0,0,1,0,0,0,0,0,0,0,0,0,0,0,0,0,0,0,0,0,0,0,0,0,0,0,0,0,0,0,0,0,0,0,0,0,0,1,0,0,0,0,0,0,0,0,0,0,0,0,0,0,0,0,0,0,0,0,1,0,POINT (-1824241.9793461708 1715859.8928789846),81570,55.38624,15.524542,8.759747,2.6474266,8.187938,2.6896684,1.2613134,0.98194104,0.13328052,0.17541467,3.0654435,51.137894,43.092495,3.5145783,12.781323,218.7155,34.454147,9.380502,8.910942,6.1974797,11.455502,2.9427762,16.256504,34.298145,21.086699,2.911859,167.93239,497.94653,6.360834,0.0,2.8547876,5927.651984053255,1522.0
British Columbia,-130.21783,56.47554,0,0,0,0,0,0,0,0,0,0,0,0,0,0,0,0,0,0,0,0,0,0,0,0,0,0,0,0,0,0,0,0,0,0,0,0,0,0,0,0,0,1,0,0,0,0,0,0,0,0,0,0,0,0,0,0,0,0,0,0,0,0,0,0,0,0,0,0,0,0,0,0,0,0,0,0,0,0,0,0,0,0,0,0,0,1,0,0,0,0,0,0,0,0,0,0,0,0,0,0,0,0,0,0,0,0,0,0,POINT (-2015218.3609439456 1394297.4509000876),67162,58.202026,16.402206,5.5343504,1.4467161,3.1694162,3.2368734,2.8925853,0.68351644,0.26189187,0.10741641,1791.2927,808.7322,13.247756,25.945688,9.129565,8.006209,350.8345,147.15344,3.8886333,36.21411,4.7792673,2.3243062,15.61169,35.400833,21.408817,6.0800953,167.45906,73.42002,6.2790127,0.0,2.8379648,6429.22352014059,1257.0
British Columbia,-130.12352,53.36257,0,0,0,0,0,0,0,0,0,0,0,0,0,0,0,0,0,0,0,0,0,0,0,0,0,0,0,0,0,0,0,0,0,0,0,0,0,0,0,0,0,1,0,0,0,0,0,0,0,0,0,0,0,0,0,0,0,0,0,0,0,0,0,0,0,0,0,0,0,0,0,0,0,0,0,0,0,0,0,0,0,0,0,0,0,0,0,0,0,0,0,0,0,0,0,0,0,0,0,0,0,0,0,0,0,0,0,0,POINT (-2188779.035161268 1101774.736594347),54501,61.780006,13.045301,7.2971616,2.9329119,3.9743185,2.6451676,0.8436221,0.9331174,0.1763291,0.14886592,84957.48,2158.4792,32.62167,116.84658,25.847546,48.33253,36.139614,9.440826,5.8872266,16.718756,1.6601361,0.73929614,11.463909,27.03247,16.081877,6.34982,174.27834,0.6669193,6.2057357,0.0,2.8031583,2154.0936641233047,37.0
British Columbia,-130.09527,56.219721,0,0,0,0,0,0,0,0,0,0,0,0,0,0,0,0,0,0,0,0,0,0,0,0,1,0,0,0,0,0,0,0,0,0,0,0,0,0,0,0,0,1,0,0,0,0,0,0,0,0,1,0,0,0,0,0,0,0,0,0,0,0,0,0,0,0,0,0,0,0,0,0,0,0,0,0,0,0,0,0,0,0,0,0,0,1,0,0,0,0,0,0,0,0,0,0,0,0,0,0,0,0,0,0,0,0,1,0,POINT (-2023536.4909549442 1366695.8209912337),66290,57.04638,16.126911,6.443912,2.1236863,4.0973897,3.8496566,3.2414305,0.6519483,0.29483694,0.124481075,2204.4033,744.36676,9.030578,23.531853,11.877106,27.12855,5006.347,4169.0854,3.4304802,45.77922,6.480269,3.5349338,14.19642,33.864124,21.026428,7.584991,189.87265,43.227165,6.279697,0.0,2.8382146,4840.027185678898,1061.0
British Columbia,-130.0075,56.054722,0,0,0,0,0,0,0,0,0,0,0,0,0,0,0,0,0,0,0,0,0,0,0,0,1,0,0,0,0,0,0,0,0,0,0,0,0,0,0,0,0,1,0,0,0,0,0,0,0,0,1,0,0,0,0,0,0,0,0,0,0,0,0,0,0,0,0,0,0,0,0,0,0,0,0,0,0,0,0,0,0,0,0,0,0,1,0,0,0,0,0,0,0,0,0,0,0,0,0,0,0,0,0,0,0,0,1,0,POINT (-2028399.8447947928 1348585.2139911733),65417,60.607456,15.5748415,5.745674,1.9391524,4.3497715,4.573484,3.6139667,0.5161778,0.24565464,0.11757362,3686.532,1519.7585,6.680895,24.261036,15.3790045,40.927692,13438.47,11163.574,4.736801,78.45943,4.827452,3.7487984,17.09324,29.924385,17.738598,5.8441515,148.2195,25.858046,6.2798753,0.0,2.8383007,2135.462007243641,687.0
British Columbia,-129.89833,56.098333,0,0,0,0,0,0,0,0,0,0,0,0,0,0,0,0,0,0,0,0,0,0,0,0,0,0,0,0,0,0,0,0,0,0,0,0,0,0,0,0,0,0,0,0,0,0,0,0,0,0,1,0,0,0,0,0,0,0,0,0,0,0,0,0,0,0,0,0,0,0,0,0,0,0,0,0,0,0,0,0,0,0,0,0,0,1,0,0,0,0,0,0,0,0,0,0,0,0,0,0,0,0,0,0,0,0,1,0,POINT (-2020245.0173802995 1349163.041056759),65418,59.093624,15.887886,6.032921,2.133547,4.476859,4.416754,3.4334624,0.5589001,0.2576352,0.1250304,3290.925,1315.2208,7.0799847,23.674864,15.952351,37.823463,11562.56,9607.241,4.290066,69.539024,4.955412,3.414192,16.833546,31.096664,18.18702,6.009738,156.99199,24.499847,6.2803464,0.0,2.838453,872.1480144469001,319.0
British Columbia,-129.81805,59.324999,0,0,0,0,0,0,1,0,0,0,0,0,0,0,0,0,0,0,0,1,0,0,0,0,0,0,0,0,0,0,0,0,0,0,0,0,0,0,0,1,0,0,0,0,0,0,0,0,0,1,0,0,0,0,0,0,1,0,0,0,0,0,1,0,0,0,0,0,0,0,0,0,0,0,0,0,0,0,0,0,0,0,0,0,0,0,0,0,0,0,0,0,0,0,0,0,0,0,0,0,0,0,0,0,0,0,0,0,POINT (-1833619.74979035 1645946.2685687013),78517,63.244488,13.968354,5.73649,1.8868042,3.7154558,3.2494588,3.4814613,0.6534374,0.15927246,0.12650537,5.043997,312.6298,32.80168,18.009115,13.398727,89.59632,6197.015,48.76036,39.29334,3.367099,15.076666,23.92704,36.632195,34.177525,16.098557,88.65131,138.01381,454.217,6.2798553,0.0,2.837955,5434.572428500096,1736.0
British Columbia,-129.78333,57.7,0,0,0,0,0,0,0,0,0,0,0,0,0,0,0,0,0,0,0,0,0,0,0,0,1,0,0,0,0,0,0,0,0,0,0,0,0,0,0,0,0,1,0,0,0,0,0,0,0,0,0,0,0,0,0,0,0,0,0,0,0,0,0,0,0,0,0,0,0,0,0,0,0,0,0,0,0,0,0,0,0,0,0,0,0,1,0,0,0,0,0,0,0,0,0,0,0,0,0,0,0,0,0,0,0,0,0,0,POINT (-1923659.7192936784 1494347.283449741),71532,53.56861,15.996819,7.3777623,2.1612823,3.5042002,2.957791,2.3333733,0.6226877,0.28682488,0.12117083,3.736228,58.991516,11.835104,12.724501,16.320637,38.493176,72.0792,6.4606667,2.743579,5.5023594,3.072919,1.7482485,70.20495,92.854126,25.274475,5.8129034,139.31259,0.93348306,6.383982,0.0,2.8748262,5681.999604464429,1453.0
British Columbia,-129.68944,59.274443,0,0,0,0,0,0,0,0,0,0,0,0,0,0,0,0,0,0,0,0,0,0,0,0,1,0,0,0,0,0,0,0,0,0,0,0,0,0,0,0,0,1,0,0,0,0,0,0,0,0,0,0,0,0,0,0,0,0,0,0,0,0,0,0,0,0,0,0,0,0,0,0,0,0,0,0,0,0,0,0,0,0,0,0,0,1,0,0,0,0,0,0,0,0,0,0,0,0,0,0,0,0,0,0,0,0,1,0,POINT (-1830375.7993256927 1637560.4430457796),78081,57.87952,14.386913,7.7513523,3.0843344,5.021151,3.270819,2.1198316,0.9099221,0.17009078,0.16351742,5.102325,367.7184,41.087223,19.782215,11.978007,118.2905,8723.507,90.66895,36.116608,5.431399,10.245996,30.377062,23.669613,32.97484,15.553165,51.80968,203.27924,280.4246,6.383963,0.0,2.8746922,2468.213819806851,1167.0
British Columbia,-129.68499,59.195555,0,0,0,1,0,0,0,0,0,0,0,0,1,0,1,0,0,0,0,0,0,0,0,0,1,0,0,0,0,0,0,0,0,0,0,0,0,0,0,0,0,1,0,0,0,0,0,0,0,0,1,0,0,0,0,0,0,0,0,0,0,0,0,0,0,0,0,0,0,0,0,0,0,0,0,0,0,0,0,0,0,0,0,0,0,1,0,0,0,0,0,0,0,0,0,0,0,0,0,0,0,0,0,0,0,0,1,0,POINT (-1834599.8312502499 1630121.8452602664),77645,53.264618,14.450125,9.42555,4.6913714,6.6088696,3.0779347,1.3828973,1.190463,0.16144376,0.18290997,5.1495075,398.3442,55.025574,20.905537,11.229408,169.0616,10357.587,123.86855,32.746662,7.095567,7.2673793,36.32378,16.254166,26.846142,15.60671,30.519772,274.98465,186.29633,6.383918,0.0,2.8746645,4601.673016653717,1384.0
British Columbia,-129.5075,55.686944,0,0,0,0,0,0,0,0,0,0,0,0,0,0,0,0,0,0,0,0,0,0,0,0,1,0,0,0,0,0,0,0,0,0,0,0,0,0,0,0,0,1,0,0,0,0,0,0,0,0,1,0,0,0,0,0,0,0,0,0,0,0,0,0,0,0,0,0,0,0,0,0,0,0,0,0,0,0,0,0,0,0,0,0,0,1,0,0,0,0,0,0,0,0,0,0,0,0,0,0,0,0,0,0,0,0,1,0,POINT (-2023050.9830177238 1298408.7636972263),63238,54.58197,16.100203,7.336476,2.7958527,4.9598913,3.3621051,2.729624,0.6156004,0.28166145,0.16842681,1.0384643,23.125896,13.354935,19.471125,27.587658,52.17391,69.43173,4.300714,0.7916312,6.3154855,4.309764,1.8082856,17.844496,33.239994,16.807526,5.249957,185.68803,0.69427973,6.292761,0.0,2.8509507,3440.9438400040667,387.0
British Columbia,-129.41944,55.421943,0,0,0,0,0,0,0,0,0,0,0,0,0,0,0,0,0,0,0,0,0,0,0,0,1,0,0,0,0,0,0,0,0,0,0,0,0,0,0,0,0,0,0,0,0,0,0,0,0,0,1,0,0,0,0,0,0,0,0,0,1,0,0,0,0,0,0,0,0,0,0,0,0,0,0,0,0,0,0,0,0,0,0,0,0,1,0,0,0,0,0,0,0,0,0,0,0,0,0,0,0,0,0,1,0,0,1,0,POINT (-2033293.0735426864 1270834.718339053),61929,57.366337,15.608543,6.969047,2.75741,4.6280036,3.2486053,2.498838,0.6348187,0.2368731,0.14947389,0.6509909,21.198656,16.285503,19.078257,26.654898,87.31381,67.62413,4.0777063,0.98399675,5.2521853,4.7982397,1.708508,18.56177,33.99399,16.79171,6.1285615,166.88412,0.65324545,6.2914524,0.0,2.8507624,3396.988901845668,613.0
British Columbia,-127.62972,55.316943,0,0,0,0,0,0,0,0,0,0,0,0,0,0,1,0,0,0,0,0,0,0,0,0,1,0,0,0,0,0,0,0,0,0,0,0,0,0,0,0,0,1,0,0,0,0,0,0,0,0,1,0,0,0,0,0,0,0,0,0,0,0,0,0,0,0,0,0,0,0,0,0,0,0,0,0,0,0,0,0,0,0,0,0,0,1,0,0,0,0,0,0,0,0,0,0,0,0,0,0,0,0,0,0,0,0,1,0,POINT (-1942925.4504791892 1204986.4558008483),58886,60.74007,15.674927,5.591836,1.0158391,2.9593503,1.729795,4.144687,0.4460854,0.22338074,0.16264236,2.3984673,22.49142,15.851466,14.512048,15.844335,40.645306,68.04692,85.544785,1.4439714,41.94565,15.417261,2.2002919,23.92541,43.45379,16.71364,11.63845,37.826344,0.6191728,6.2894807,0.0,2.8502798,5780.877197997003,406.0
British Columbia,-127.601,55.136667,0,0,0,0,0,0,0,0,0,0,0,0,0,0,0,0,0,0,0,0,0,0,0,0,1,0,0,0,0,0,0,0,0,0,0,0,0,0,0,0,0,0,0,0,0,0,0,0,0,0,0,0,0,0,0,0,0,0,0,0,0,0,0,0,0,0,0,0,0,0,0,0,0,0,0,0,0,0,0,0,0,0,0,0,0,0,0,0,0,0,0,0,0,0,0,0,0,0,0,0,0,0,0,1,0,0,0,0,POINT (-1951018.3065938544 1186959.3817534402),58449,60.536934,15.17832,5.9903116,0.975691,3.3165827,1.3481233,3.8466113,0.46280512,0.20175986,0.15026242,124.59575,63.667404,8.978249,16.035408,14.9275675,25.542068,525.6562,473.3374,1.7479229,120.85075,12.782199,2.0780509,19.417294,37.784523,15.309479,9.593821,49.94798,0.50410664,6.2888646,0.0,2.8502061,3206.6471917023464,1742.0
British Columbia,-127.47499,50.599721,0,0,0,0,0,0,0,0,0,0,0,0,0,0,0,0,0,0,0,0,0,0,0,0,1,0,0,0,0,0,0,0,0,0,0,0,0,0,0,0,0,1,0,0,0,0,0,0,0,0,1,0,0,0,0,0,0,0,0,0,1,0,0,0,0,0,0,0,0,0,0,0,0,0,0,0,0,0,1,0,0,0,0,0,0,1,0,0,0,0,0,0,0,0,0,0,0,0,0,0,0,0,0,0,0,0,1,0,POINT (-2187664.114954968 748323.4641816668),39241,56.8011,5.523515,18.977016,1.2391412,5.981264,1.3035948,0.7941933,1.147355,0.3190585,0.20067798,267.97247,8735.147,26.21596,82.205696,26.734941,43.25514,5363.849,4.621638,2.5109525,15.345153,1.7371982,1.5493249,8.46967,21.491299,7.052333,3.5137186,88.59843,20.749495,6.2272177,0.0,2.803248,2875.36748502999,-218.0
British Columbia,-127.35722,54.77306,0,0,0,0,0,0,0,0,0,0,0,0,0,0,0,0,0,0,0,0,0,0,0,0,0,0,0,0,0,0,0,0,0,0,0,0,0,0,0,0,0,0,0,0,0,0,0,0,0,0,1,0,0,0,0,0,0,0,0,0,0,0,0,0,0,0,0,0,0,0,0,0,0,0,0,0,0,0,0,0,0,0,0,0,0,0,0,0,0,0,0,0,0,0,0,0,0,0,0,0,0,0,0,0,0,0,1,0,POINT (-1957059.2037556607 1144820.3995582613),56268,55.752686,14.549112,3.9283962,0.5050825,2.7811327,0.31986722,2.0653949,0.6249367,0.2059951,0.13514873,4.32525,38.82753,4.150958,34.689022,12.144401,12.502892,60.701263,9.764663,16.121296,20.982035,5.3525977,1.2717508,14.655341,31.485983,15.009788,7.170676,60.287994,0.17653972,6.286189,0.0,2.8498197,5646.712214703266,1153.0
British Columbia,-127.25361,50.355277,0,0,0,0,0,1,0,0,0,0,0,0,0,0,0,0,0,0,0,0,0,0,0,1,1,0,0,0,0,0,0,0,0,0,0,0,0,0,0,0,0,1,0,0,0,0,0,1,0,0,0,0,1,0,0,0,0,1,0,0,0,0,0,0,0,0,0,0,0,0,0,0,0,0,0,0,0,0,0,0,0,0,0,0,0,0,0,0,0,0,0,0,0,0,0,0,0,0,0,0,0,0,0,0,0,0,1,0,POINT (-2187189.523117444 717092.9865825444),37933,57.627296,3.2616284,35.068855,1.6797494,4.5453653,1.3046857,0.70764554,1.2641486,0.36846313,0.2110905,628.7468,19033.223,21.160131,101.124596,20.650473,44.59873,2464.3374,6.582102,2.4115,49.186844,1.1144241,2.2187233,4.11715,6.2563777,3.6200316,2.581921,32.07007,8.9999895,6.225792,0.0,2.8032377,4043.511450232376,773.0
British Columbia,-127.18027,57.338333,0,0,0,0,0,0,0,0,0,0,0,0,0,0,0,0,0,0,0,0,0,0,0,0,1,0,0,0,0,0,0,0,0,0,0,0,0,0,0,0,0,1,0,0,0,0,0,0,0,0,1,0,0,0,0,0,0,0,0,0,0,0,0,0,0,0,0,0,0,0,0,0,0,0,0,0,0,0,0,0,0,0,0,0,0,1,0,0,0,0,0,0,0,0,0,0,0,0,0,0,0,0,0,0,0,0,1,0,POINT (-1811816.2375517292 1383912.4913731543),66747,56.09547,8.480495,5.76274,1.7884262,3.7657588,1.80105,2.1469915,0.66575557,0.2968862,0.12697057,24.806263,13784.996,23.032778,19.08338,12.27385,67.8045,56.17756,3.0482912,1.6219668,1.2602861,2.6596088,2.5587428,10.112287,25.904642,13.490183,5.4157877,94.32809,0.5625157,6.3831534,0.0,2.8742623,4313.490296874986,1815.0
British Columbia,-127.17805,53.68111,0,0,0,0,0,0,0,0,0,0,0,0,0,0,0,0,0,0,0,0,0,0,0,0,1,0,0,0,0,0,0,0,0,0,0,0,0,0,0,0,0,1,0,0,0,0,0,0,0,0,0,0,0,0,0,0,0,0,0,0,1,0,0,0,0,0,0,0,0,0,0,0,0,0,0,0,0,0,0,0,0,0,0,0,0,1,0,0,0,0,0,0,0,0,0,0,0,0,0,0,0,0,0,0,0,0,0,0,POINT (-2005066.0431217416 1034805.5902401124),51467,63.169666,14.651483,3.1406794,1.2358781,3.225678,1.8956555,2.3792548,0.48159996,0.14160989,0.089464225,12.30217,31.671515,15.553235,12.157299,11.55127,45.95574,16399.656,2837.6465,1.0482804,1038.8407,3.3303275,1.702135,15.540621,32.71837,15.156782,6.258637,45.089966,0.1370938,6.279675,0.0,2.8489027,6887.4850209485785,1056.0
British Columbia,-127.11055,57.285277,0,0,0,0,0,0,0,0,0,0,0,0,0,0,0,0,0,0,0,0,0,0,0,0,1,0,0,0,0,0,0,0,0,0,0,0,0,0,0,0,0,1,0,0,0,0,0,0,0,0,1,0,0,0,0,0,0,0,0,0,0,0,0,0,0,0,0,0,0,0,0,0,0,0,0,0,0,0,0,0,0,0,0,0,0,1,0,0,0,0,0,0,0,0,0,0,0,0,0,0,0,0,0,0,0,0,1,0,POINT (-1811020.0301849642 1376880.5269287194),66747,56.09547,8.480495,5.76274,1.7884262,3.7657588,1.80105,2.1469915,0.66575557,0.2968862,0.12697057,24.806263,13784.996,23.032778,19.08338,12.27385,67.8045,56.17756,3.0482912,1.6219668,1.2602861,2.6596088,2.5587428,10.112287,25.904642,13.490183,5.4157877,94.32809,0.5625157,6.3831534,0.0,2.8742623,3281.878276318463,1708.0
British Columbia,-126.85361,50.255277,0,0,0,0,0,0,0,0,0,0,0,0,0,0,0,0,0,0,0,0,0,0,0,0,1,0,0,0,0,0,0,0,0,0,0,0,0,0,0,0,0,1,0,0,0,0,0,1,0,0,0,0,0,0,0,0,0,1,0,0,0,0,0,0,0,0,0,0,0,0,0,0,0,0,0,0,0,0,0,0,0,0,0,0,0,0,0,0,0,0,0,0,0,0,0,0,0,0,0,0,0,0,0,0,0,0,1,0,POINT (-2167702.0262750443 693706.1583561063),36627,62.308052,3.4463398,32.054825,1.0903658,5.404312,1.0656681,1.2422576,0.8598487,0.22150652,0.132466,216.97882,6551.0938,41.757942,70.12395,18.87585,57.735016,3192.183,6.1979246,2.0789688,19.48333,0.47151053,3.2177489,1.8911557,4.307227,2.7994604,2.072093,38.8404,9.366591,6.223765,0.0,2.8032088,4360.719709890253,115.0
British Columbia,-126.81889,50.03028,0,0,0,0,0,0,0,0,0,0,0,0,0,0,0,0,0,0,0,0,0,0,0,0,0,0,0,0,0,0,0,0,0,0,0,0,0,0,0,0,0,1,0,0,0,0,0,0,0,0,0,0,0,0,0,0,0,0,0,0,0,0,0,0,0,0,0,0,0,0,0,0,0,0,0,0,0,0,0,0,0,0,0,0,0,0,0,0,0,0,0,0,0,0,0,0,0,0,0,0,0,0,0,0,0,0,0,0,POINT (-2177492.5385708767 670657.1572898853),35754,62.074184,8.382603,19.650059,1.4015113,4.410846,3.1273255,1.3816473,0.95826185,0.27319422,0.15740757,164.69385,4700.7964,26.567322,68.137405,20.37615,42.10637,2058.6143,6.748488,2.2634494,17.841627,0.42382112,2.1828778,1.6319141,3.659664,2.7778287,2.1789708,27.17969,6.3250213,6.2231097,0.0,2.8032117,2592.226898062021,129.0
British Columbia,-126.758611,57.004722,0,0,0,0,0,0,0,0,0,0,0,0,0,0,0,0,0,0,0,0,0,0,0,0,1,0,0,0,0,0,0,0,0,0,0,0,0,0,0,0,0,1,0,0,0,0,0,0,0,0,0,0,0,0,0,0,0,0,0,0,1,0,0,0,0,0,0,0,0,0,0,0,0,0,0,0,0,0,0,0,0,0,0,0,0,1,0,0,0,0,0,0,0,0,0,0,0,0,0,0,0,0,0,0,0,0,0,0,POINT (-1807465.7234571925 1340127.9375824924),65003,53.235863,5.6438904,5.873413,1.4346863,3.8941977,0.5126269,1.4632858,0.7985332,0.32110047,0.16392328,41.63244,18672.365,27.791132,22.901766,10.907542,76.00918,53.60261,3.4429069,1.9753997,1.6103827,1.2642789,2.6996567,1.5177349,19.886356,11.671481,5.2777653,97.783104,1.4626408,6.383146,0.0,2.8742862,2537.2655309769016,1323.0
British Columbia,-126.716111,54.083333,0,0,0,0,0,0,0,0,0,0,0,0,0,0,0,0,0,0,0,0,0,0,0,0,1,0,0,0,0,0,0,0,0,0,0,0,0,0,0,0,0,1,0,0,0,0,0,0,0,0,1,0,0,0,0,0,0,0,0,0,0,0,0,0,0,0,0,0,0,0,0,0,0,0,0,0,0,0,0,0,0,0,0,0,0,1,0,0,0,0,0,0,0,0,0,0,0,0,0,0,0,0,0,0,0,0,1,0,POINT (-1957662.0761995784 1059025.4788433446),52780,60.902836,12.386207,3.7503383,0.8437997,1.58227,0.08408864,2.2294362,0.62141293,0.1378168,0.12991405,5.0049343,12.141499,14.326357,13.237096,14.430824,13.017087,67.634834,14.089874,1.1005931,3.3027248,2.0759437,2.9754,9.232684,30.569578,15.125097,5.2832384,34.59826,0.34433442,6.2816143,0.0,2.8491254,2533.3450532405377,958.0
British Columbia,-126.620667,54.740333,0,0,0,0,0,0,0,0,0,0,0,0,0,0,0,0,0,0,0,0,0,0,0,0,0,0,0,0,0,0,0,0,0,0,0,0,0,0,0,0,0,1,0,0,0,0,0,0,0,0,1,0,0,0,0,0,0,0,0,0,0,0,0,0,0,0,0,0,0,0,0,0,0,0,0,0,0,0,0,0,0,0,0,0,0,1,0,0,0,0,0,0,0,0,0,0,0,0,0,0,0,0,0,0,0,0,1,0,POINT (-1917996.49659388 1119250.1807982365),55400,55.628315,5.437055,7.1749372,2.1584754,4.075386,1.1681098,1.9587694,0.58052194,0.15257269,0.22505876,7.3354254,73.66085,4.648915,15.592664,11.172692,12.874602,102.21113,19.774084,2.263858,32.72773,7.0812716,1.1511366,9.677085,32.073555,14.130649,9.028026,30.543152,0.3791692,6.2854676,0.0,2.8496416,2139.484429957015,1353.0
British Columbia,-126.394043,49.58934858,0,0,0,0,0,0,0,0,0,0,0,0,0,0,0,0,0,0,0,0,0,0,0,0,0,0,0,0,0,0,0,0,0,0,0,0,0,0,0,0,0,0,0,0,0,0,0,1,0,0,0,0,0,0,0,0,0,0,0,0,0,0,0,0,0,0,0,0,0,0,0,0,0,0,0,0,0,0,0,0,0,0,0,0,0,0,0,0,0,0,0,0,0,0,0,0,0,0,0,0,0,0,0,0,0,0,0,0,POINT (-2174000.962670782 613144.5655973505),33139,60.292206,10.855999,16.482237,1.7954084,6.2421255,3.0877821,1.5752429,0.71447724,0.18496484,0.1314229,20.784328,136.38899,25.465563,31.912111,18.138512,43.827938,941.9306,8.8399725,1.7862496,8.82103,3.1469688,3.0737212,12.5249195,25.230148,2.5352743,3.2172003,128.5247,3.6791084,6.2198935,0.0,2.8031826,5089.206668978214,270.0
British Columbia,-126.26333,54.189444,0,0,0,1,0,1,0,0,0,0,0,0,0,0,0,0,0,0,0,0,0,0,0,0,1,0,0,0,0,0,0,0,0,0,0,0,0,0,0,0,0,1,0,0,0,0,0,0,0,0,0,0,0,0,0,0,0,0,0,0,0,0,0,0,0,0,0,0,0,0,0,0,0,0,0,0,0,0,0,0,0,0,0,0,0,1,0,0,0,0,0,0,0,0,0,0,0,0,0,0,0,0,0,0,0,0,0,0,POINT (-1926539.5635501086 1055419.5251182117),52783,65.2508,11.274213,3.6729398,1.2044574,1.1421541,0.10597549,2.8124413,0.6804898,0.09921378,0.0839554,6.3204927,20.970638,23.988094,13.758438,14.03916,12.203508,65.68263,12.568687,1.4377903,3.3372643,2.1751747,1.160859,6.631483,28.24163,13.799456,4.497191,27.686918,0.3384242,6.281766,0.0,2.8491018,5740.736899832963,1256.0
British Columbia,-126.23194,55.002777,0,0,0,0,0,0,0,0,0,0,0,0,0,0,0,0,0,0,0,0,0,0,0,0,1,0,0,0,0,0,0,0,0,0,0,0,0,0,0,0,0,1,0,0,0,0,0,0,0,0,1,0,0,0,0,0,0,0,0,0,1,0,0,0,0,0,0,0,0,0,0,0,0,0,0,0,0,0,0,0,0,0,0,0,0,1,0,0,0,0,0,0,0,0,0,0,0,0,0,0,0,0,0,0,0,0,1,0,POINT (-1882837.727687543 1132878.749878647),55840,55.849457,2.924357,4.7399254,1.4011805,2.2801383,0.13667977,1.4798943,0.68228364,0.14921725,0.20060508,4.0278416,99.7853,9.70199,15.266771,9.413398,14.257804,94.24677,4.929714,10.15876,16.535719,3.408603,1.0703626,8.5517025,26.453808,12.847135,9.604735,55.620476,0.3707076,6.286492,0.0,2.8497229,4042.4999313428384,577.0
British Columbia,-126.15722,54.944444,0,0,0,0,0,0,0,0,0,0,0,0,0,0,0,0,0,0,0,0,0,0,0,0,1,0,0,0,0,0,0,0,0,0,0,0,0,0,0,0,0,1,0,0,0,0,0,0,0,0,0,0,0,0,0,0,0,0,0,0,1,0,0,0,0,0,0,0,0,0,0,0,0,0,0,0,0,0,0,0,0,0,0,0,0,1,0,0,0,0,0,0,0,0,0,0,0,0,0,0,0,0,0,0,0,0,0,0,POINT (-1881697.496200559 1125047.2798782322),55840,55.849457,2.924357,4.7399254,1.4011805,2.2801383,0.13667977,1.4798943,0.68228364,0.14921725,0.20060508,4.0278416,99.7853,9.70199,15.266771,9.413398,14.257804,94.24677,4.929714,10.15876,16.535719,3.408603,1.0703626,8.5517025,26.453808,12.847135,9.604735,55.620476,0.3707076,6.286492,0.0,2.8497229,5235.563961205255,601.0
British Columbia,-125.9593634,50.38436641,0,0,0,0,0,0,0,0,0,0,0,0,0,0,0,0,0,0,0,0,0,0,0,0,0,0,0,0,0,0,0,0,0,0,0,0,0,0,0,0,0,0,0,0,0,0,0,1,0,0,0,0,0,0,0,0,0,0,0,0,0,0,0,0,0,0,0,0,0,0,0,0,0,0,0,0,0,0,0,0,0,0,0,0,0,0,0,0,0,0,0,0,0,0,0,0,0,0,0,0,0,0,0,0,0,0,0,0,POINT (-2105125.3916939516 676251.990220872),36197,60.5927,2.5504003,51.602875,0.9644054,5.1111116,0.9195008,0.92147994,0.87581223,0.22904485,0.12673527,149.21243,4168.5674,52.7933,55.76337,20.10768,45.70448,1041.9331,5.172481,1.411882,16.296286,0.6211869,1.184469,2.3228037,5.1649404,2.5320432,2.253807,40.60575,3.247602,6.221262,0.0,2.8031466,6148.885312276628,10.0
British Columbia,-125.605,49.567499,0,0,0,0,0,0,0,0,0,0,0,0,0,0,1,0,0,0,0,0,0,0,0,0,1,0,0,0,0,0,0,0,0,0,0,0,0,0,0,0,0,1,0,0,0,0,0,0,0,0,1,0,0,0,0,0,0,0,0,0,0,0,0,0,0,0,0,0,0,0,0,0,0,0,0,0,0,0,0,0,0,0,0,0,0,1,0,0,0,0,0,0,0,0,0,0,0,0,0,0,0,0,0,0,0,0,1,0,POINT (-2124827.643874026 584337.937282526),31836,59.141315,14.393249,5.6969438,1.723596,6.228473,3.1391373,1.7862784,0.6256566,0.20421979,0.12768394,44.25288,13313.955,15.807045,25.521154,16.653862,44.262527,3363.2996,71.44574,6.4543962,56.230774,3.301057,2.671614,15.530793,31.808094,3.7769244,4.1000066,147.91557,1.7681314,6.2162623,0.0,2.8031206,6490.112197414629,524.0
British Columbia,-125.54583,49.862222,0,0,0,0,0,0,0,0,0,0,0,0,0,0,0,0,0,0,0,0,0,0,0,0,0,0,0,0,0,0,0,0,0,0,0,0,0,0,1,0,0,0,0,0,0,0,0,1,0,0,0,0,1,0,0,0,0,1,0,0,0,0,0,0,0,0,0,0,0,0,0,0,0,0,0,0,0,0,0,0,0,0,0,0,0,0,0,0,0,0,0,0,0,0,0,0,0,0,0,0,0,0,0,0,0,0,0,0,POINT (-2105937.7506652772 611356.6198385621),33145,60.124397,15.452451,9.693382,2.1283872,6.6477776,3.7608218,0.839218,0.6748285,0.18086256,0.09771384,31.906769,6273.137,11.748717,31.409859,14.564324,26.228697,1610.3539,37.47088,3.1785927,28.512127,2.376191,1.1377231,12.391249,23.918812,3.074156,3.272083,136.4309,2.0767567,6.217392,0.0,2.8031204,4282.63249146893,505.0
British Columbia,-125.48749,49.935277,0,0,0,0,0,0,0,0,0,0,0,0,0,0,0,0,0,0,0,0,1,0,1,0,0,0,0,0,0,0,1,0,0,0,0,0,0,0,0,0,0,0,0,0,0,0,0,0,0,0,0,0,0,0,0,0,0,0,0,0,0,0,0,0,0,0,0,0,0,0,0,0,0,0,0,0,0,0,0,0,0,0,0,0,0,0,0,0,0,0,0,0,0,0,0,0,0,0,0,0,0,0,0,0,0,0,0,0,POINT (-2098494.0979517107 616612.3435456196),33582,59.60751,13.521661,13.802306,2.0636306,6.4864597,3.4836648,1.0954431,0.681957,0.20541032,0.112404056,43.55182,11130.297,14.187995,33.565136,15.577335,25.004786,2813.4297,60.265022,4.6225257,46.99554,2.2444108,1.345209,11.53427,22.723423,3.511904,3.4664085,122.07816,1.8760434,6.2175026,0.0,2.8031132,3707.413255222637,306.0
British Columbia,-125.40472,58.510833,0,0,0,0,0,0,0,0,0,0,0,0,0,0,0,0,0,0,0,0,0,0,0,0,1,0,0,0,0,0,0,0,0,0,0,0,0,0,0,0,0,0,0,0,0,0,0,0,0,0,0,0,0,0,0,0,0,0,0,0,0,0,0,0,0,0,0,0,0,0,0,0,0,0,0,0,0,0,0,0,0,0,0,0,0,0,0,0,0,0,0,0,0,0,0,0,0,0,0,0,0,0,0,0,0,0,0,0,POINT (-1661260.8087370435 1447671.7823393508),69814,48.751026,4.1181045,1.1074884,0.9161216,7.6911464,0.1520037,1.3926371,0.52439284,2.8086748,0.03856325,3.081848,842.69476,40.06297,27.830536,8.970814,62.65467,181.25307,7.569488,26.84754,30.830425,10.239262,20.550495,12.635904,32.70513,23.83955,6.4496145,556.98254,170.3248,6.381931,0.0,2.873267,2647.713607738622,1900.0
British Columbia,-125.30222,49.763333,0,0,0,0,0,1,0,0,0,0,0,0,0,0,0,0,0,0,0,0,0,0,0,0,1,0,0,0,0,0,0,0,0,0,0,0,0,0,0,0,0,1,0,0,0,0,0,0,0,0,1,0,0,0,0,0,0,0,0,0,1,0,0,0,0,0,0,0,0,0,0,0,0,0,0,0,0,0,0,0,0,0,0,0,0,1,0,0,0,0,0,0,0,0,0,0,0,0,0,0,0,0,0,0,0,0,1,0,POINT (-2095466.940201003 593576.3713999006),32274,59.10443,14.170605,6.6416283,1.8808491,6.2491317,3.3754287,1.6274079,0.6337087,0.21789959,0.123289436,53.610283,17334.654,14.532612,28.481718,15.504591,37.41123,4341.165,89.72284,7.2468185,69.24043,2.8015137,2.1490133,14.083578,28.625414,4.114484,4.0528016,137.51093,1.76065,6.215844,0.0,2.803102,5774.141514264398,1332.0
British Columbia,-125.11,54.03611,0,0,0,0,0,0,0,0,0,0,0,0,1,0,0,0,0,0,0,0,0,0,0,0,1,0,0,0,0,0,0,0,0,0,0,0,0,0,0,0,0,0,0,0,0,0,0,0,0,0,0,0,0,0,0,0,0,0,0,0,1,0,0,0,0,0,0,0,0,0,0,0,0,0,0,0,0,0,0,0,0,0,0,0,0,0,0,0,0,0,0,0,0,0,0,0,0,0,0,0,0,0,0,1,0,0,1,0,POINT (-1868623.6284267665 1006143.2865113774),50609,60.712856,12.946653,6.000356,0.76725614,1.5849302,0.31509116,1.63117,0.6669968,0.17152303,0.10766663,10.5126705,60.28243,20.352606,30.945421,17.170317,10.30507,583.4192,45.222034,3.7548795,36.390896,1.6290733,0.40047997,8.042975,15.822589,10.405749,6.447916,109.86547,0.61625415,6.2387433,0.0,2.8030212,4095.161860515591,834.0
British Columbia,-125.03805,49.631388,0,0,0,0,0,0,0,0,0,0,0,0,0,0,0,0,0,0,0,0,0,0,1,0,0,0,0,0,0,0,1,0,0,0,0,0,0,0,0,0,0,0,0,0,0,0,0,0,0,0,0,0,0,0,0,0,0,0,0,0,0,0,0,0,0,0,0,0,0,0,0,0,0,0,0,0,0,0,0,0,0,0,0,0,0,0,0,0,0,0,0,0,0,0,0,0,0,0,0,0,0,0,0,0,0,0,0,0,POINT (-2085242.4227454637 571873.9588770249),31403,58.112236,14.353133,6.547046,1.1431397,5.800068,2.257491,1.9831023,0.611178,0.2553391,0.13767248,59.27491,21623.318,22.237043,34.092033,13.873808,45.857105,5394.11,108.64067,8.891311,87.01263,2.7476177,2.7445982,14.267171,29.456888,4.7459135,4.2913647,136.86621,23.669458,6.214253,0.0,2.8030834,5113.378634888557,157.0
British Columbia,-124.86671,49.0505054,0,0,0,0,0,0,0,1,0,0,0,0,0,0,0,0,0,0,0,0,0,0,0,0,0,0,0,0,0,0,0,0,0,0,0,0,0,0,0,0,0,0,0,0,0,0,0,0,0,0,0,0,0,0,0,0,0,0,0,0,0,0,0,0,0,0,0,0,0,0,0,0,0,0,0,0,0,0,0,0,0,0,0,0,0,0,0,0,0,0,0,0,0,0,0,0,0,0,0,0,0,0,0,0,0,0,0,0,POINT (-2103432.578426754 508735.2321503844),28786,53.208523,15.835485,3.9295125,0.24469674,4.0633907,0.34971714,1.5651166,0.8647195,0.19650435,0.16744827,8.9063225,872.2856,26.476189,42.94866,12.660168,56.676296,86.19498,9.187069,4.075553,20.55174,1.9705071,2.473298,15.573716,34.73497,15.451104,5.4678273,210.3836,31.792929,6.211682,0.0,2.803075,3658.023261900285,75.0
British Columbia,-124.55055,49.703055,0,0,0,0,0,0,0,0,0,0,0,0,0,0,0,0,0,0,0,0,0,0,0,1,1,0,0,0,0,0,0,0,0,0,0,0,0,0,0,0,0,1,0,0,0,0,0,1,0,0,0,0,0,0,0,0,0,1,0,0,1,0,0,0,0,0,0,0,0,0,0,0,0,0,0,0,0,0,0,0,0,0,0,0,0,1,0,0,0,0,0,0,0,0,0,0,0,0,0,0,0,0,0,0,0,0,1,0,POINT (-2050330.8930678829 563120.0599807583),30971,59.012135,14.862791,8.572861,1.4967993,5.755165,2.855015,2.5096147,0.53819406,0.29697075,0.14931372,51.657604,17112.389,20.709623,45.79307,12.063367,25.566607,4451.954,84.25232,6.5318346,72.18051,1.3560612,2.3366523,8.60705,18.486044,5.8933387,3.9726965,83.59289,17.168304,6.211494,0.0,2.8030324,3137.4750115351453,73.0
British Columbia,-124.43722,54.632777,0,0,0,0,0,0,0,0,0,0,0,0,0,0,0,0,0,0,0,0,0,0,0,0,0,0,0,0,0,0,0,0,0,0,0,0,0,0,0,0,0,0,0,0,0,0,0,0,0,0,0,0,0,0,0,0,0,0,1,0,0,0,0,0,0,0,0,0,0,0,0,0,0,0,0,0,0,0,0,0,0,0,0,0,0,0,0,0,0,0,0,0,0,0,0,0,0,0,0,0,0,0,0,0,0,0,0,0,POINT (-1800793.194913122 1044986.5165814136),51924,59.926823,16.25446,5.113359,1.0990807,2.9259646,2.9231746,1.2644814,0.583132,0.1749227,0.11167248,17.567938,62.764244,91.806076,27.001392,18.26735,153.317,72.78175,8.095094,3.3021264,17.130093,0.95091313,0.42954135,7.7049704,15.338484,10.485804,7.235788,155.0639,0.69282764,6.241182,0.0,2.8029425,5049.084148423583,906.0
British Columbia,-124.03305,48.448333,0,0,0,0,0,0,0,0,0,0,0,0,0,0,0,0,0,0,0,0,0,0,0,1,1,0,0,0,0,0,0,0,0,0,0,0,0,0,0,0,0,1,0,0,0,0,0,0,0,0,0,0,0,0,0,0,0,0,0,0,1,0,0,1,0,0,0,0,0,0,0,0,0,0,0,0,0,0,0,0,0,0,0,0,0,1,0,0,0,0,0,0,0,0,0,0,0,0,0,0,0,0,0,0,0,0,0,0,POINT (-2078465.4422114815 421355.33400241414),24864,52.501274,15.216843,8.763302,4.5693274,6.680762,2.9023077,1.1506715,0.8308283,0.1753734,0.16429053,33.79376,63.80459,46.155,30.0366,8.507345,85.52826,81.24522,13.45433,9.527332,22.618114,1.571881,2.780143,16.338083,30.601906,16.506424,9.382055,208.30914,62.354507,6.0984545,0.0,2.7656806,2047.4271104925165,306.0
British Columbia,-124.031,55.118,0,0,0,0,0,0,0,0,0,0,0,0,0,0,0,0,0,0,0,0,0,0,0,0,1,0,0,0,0,0,0,0,0,0,0,0,0,0,0,0,0,1,0,0,0,0,0,0,0,0,0,0,0,0,0,0,0,0,0,0,0,0,0,0,0,0,0,0,0,0,0,0,0,0,0,0,0,0,0,0,0,0,0,0,0,0,0,0,0,0,0,0,0,0,0,0,0,0,0,0,0,0,0,0,0,0,0,0,POINT (-1754343.2641187075 1081142.996038536),53673,50.33431,15.444327,6.62487,0.26406178,1.3743618,1.8718703,0.40660208,1.2179612,0.15315773,0.1531421,44.237877,97.04536,127.77068,28.73311,15.102559,30.184263,81.815315,23.49966,6.984127,5.7584133,0.44695437,0.7443426,5.005828,11.165257,9.520892,10.225076,300.26843,5.75784,6.2443523,0.0,2.8028736,4491.521086041916,1152.0
British Columbia,-123.736667,52.922667,0,0,0,0,0,0,0,0,0,0,0,0,0,0,0,0,0,0,0,0,0,0,0,0,0,0,1,0,0,0,0,0,0,0,0,0,0,0,0,0,0,0,0,0,0,0,0,0,0,0,0,0,0,0,0,0,0,0,0,0,0,0,0,0,0,0,0,0,0,0,0,0,0,0,0,0,0,0,0,0,0,0,0,0,0,0,0,0,0,0,0,0,0,0,0,0,0,0,0,0,0,0,0,0,0,0,0,0,POINT (-1842721.7264096313 856828.7265005792),44072,30.468378,1.7041508,7.067775,0.2253874,2.6457686,1.4999019,3.5637393,0.44131267,1.2533609,0.14004935,274.73935,163.00287,395.2833,31.46786,9.268138,354.58807,5103.483,9.9375105,4.0344577,1933.3566,4.3873544,1.5843282,10.766454,24.271238,9.091609,10.215546,61.973263,0.95821524,6.227487,0.0,2.8029563,4178.859570109926,1075.0
British Columbia,-123.48527,50.667221,0,0,0,0,0,0,0,0,0,0,0,0,0,0,0,0,0,0,0,0,0,0,0,0,0,0,0,0,0,0,0,0,0,0,0,0,0,0,0,0,0,0,0,0,0,0,0,0,0,0,0,0,0,0,0,0,0,0,0,0,0,0,0,0,0,0,0,0,0,0,0,1,1,0,0,0,0,0,0,0,0,0,0,0,0,0,0,0,0,0,0,0,0,0,0,0,0,0,0,0,0,0,0,0,0,0,0,0,POINT (-1935294.509124667 625600.1940142636),34034,54.756287,4.5628905,5.411891,0.21260284,3.2764485,2.9252229,2.1829233,0.5115797,0.38172346,0.11377337,431.28152,3634.383,21.312677,37.891605,9.719029,76.543686,74.38664,10.556263,43.09595,13.857117,2.7230365,2.596734,11.315058,17.067545,11.927949,5.4093766,75.18822,11186.012,6.2361817,0.0,2.787328,6441.926007435121,942.0
British Columbia,-123.40083,49.554722,0,0,0,0,0,0,0,0,0,0,0,0,0,1,0,0,0,0,0,0,0,0,0,0,0,0,0,1,0,0,0,1,0,0,0,0,0,0,0,0,0,0,0,0,0,0,0,0,0,0,0,0,0,0,0,0,0,0,0,0,0,0,0,0,0,0,0,0,0,0,0,0,0,0,0,0,0,0,0,0,0,0,0,0,0,0,1,0,0,0,0,0,0,0,0,0,0,0,0,0,0,0,0,0,0,0,0,0,POINT (-1983158.7562642342 511884.53857334127),28798,58.76909,9.440742,12.449435,2.0857449,7.9146705,1.8973899,1.5100576,0.67336136,0.1975126,0.13969213,53.94766,2436.1338,57.436184,89.69821,5.355877,32.767414,1586.1626,8.837916,9.674274,28.24246,1.369352,2.8919656,11.588948,22.299974,11.579356,8.280598,114.39534,129.83977,6.0976686,0.0,2.7661958,3678.103154039792,73.0
British Columbia,-123.14111,49.611111,0,0,0,0,0,0,0,0,0,0,0,0,0,0,1,0,0,0,0,0,0,0,0,0,1,0,0,0,0,0,0,0,0,0,0,0,0,0,0,0,0,1,0,0,0,0,0,0,0,0,1,0,0,0,0,0,0,0,0,0,0,0,0,0,0,0,0,0,0,0,0,0,0,0,0,0,0,0,0,0,0,0,0,0,0,1,0,0,0,0,0,0,0,0,0,0,0,0,0,0,0,0,0,0,0,0,1,0,POINT (-1963549.0956778035 509476.5590411581),28800,56.146828,9.789962,12.313811,2.0794358,7.583723,1.8186611,1.014844,0.66220075,0.17664403,0.13432488,90.466606,2252.0977,49.94908,71.587,3.8872628,67.4372,4229.26,26.676691,10.161084,46.661655,1.245232,2.1923974,10.133615,20.163338,10.664273,5.2236714,103.72186,93.66659,6.0965056,0.0,2.7663493,3587.3858685980845,1037.0
British Columbia,-123.10361,50.114444,0,0,0,0,0,0,0,0,0,0,0,0,0,0,1,0,0,0,0,0,0,0,0,0,1,0,0,0,0,0,0,0,0,0,0,0,0,0,0,0,0,1,0,0,0,0,0,0,0,0,1,0,0,0,0,0,0,0,0,0,0,0,0,0,0,0,0,0,0,0,0,0,0,0,0,0,0,0,0,0,0,0,0,0,0,1,0,0,0,0,0,0,0,0,0,0,0,0,0,0,0,0,0,0,0,0,1,0,POINT (-1937244.1928805707 558762.734167115),30982,60.105064,11.2307825,10.248667,1.4096628,6.6060877,2.526782,1.8626795,0.5644929,0.2109977,0.12250972,533.7741,19634.76,52.44489,81.01843,8.966865,53.50065,4536.6245,73.22824,54.469406,64.018776,2.6963131,3.0614245,10.01601,18.95771,9.882527,3.3063734,83.55603,9220.781,6.0986896,0.0,2.7662313,3020.666020715762,833.0
British Columbia,-122.82222,50.777777,0,0,0,0,0,0,0,0,0,0,0,0,0,0,0,0,0,0,0,0,0,0,0,0,1,0,0,0,0,0,0,0,0,0,0,0,0,0,0,0,0,1,0,0,0,0,0,0,0,0,1,0,0,0,0,0,0,0,0,0,0,0,0,0,0,0,0,0,0,0,0,0,0,0,0,0,0,0,0,0,0,0,0,0,0,1,0,0,0,0,0,0,0,0,0,0,0,0,0,0,0,0,0,1,0,0,1,0,POINT (-1888018.2704133953 616715.6124144455),33603,63.43648,5.89825,5.3487782,0.3211341,3.7240317,3.0048807,2.5034711,0.46653077,0.15208615,0.08636186,764.71466,6372.09,27.64377,45.050243,10.988137,80.70233,78.06331,10.455159,73.64957,16.272747,2.6006966,3.0135694,12.078774,14.035077,13.324584,2.8080313,78.61517,13882.354,6.1005836,0.0,2.7661202,3835.956560691488,963.0
British Columbia,-122.821412,50.777947,0,0,0,0,0,0,0,0,0,0,0,0,0,0,0,0,0,0,0,0,0,0,0,0,0,0,0,0,0,0,0,0,0,0,0,0,0,0,0,0,0,1,0,0,0,0,0,0,0,0,0,0,0,0,0,0,0,0,0,0,0,0,0,0,0,0,0,0,0,0,0,0,0,0,0,0,0,0,0,0,0,0,0,0,0,0,0,0,0,0,0,0,0,0,0,0,0,0,0,0,0,0,0,0,0,0,0,0,POINT (-1887959.0231893216 616708.6484638394),33603,63.43648,5.89825,5.3487782,0.3211341,3.7240317,3.0048807,2.5034711,0.46653077,0.15208615,0.08636186,764.71466,6372.09,27.64377,45.050243,10.988137,80.70233,78.06331,10.455159,73.64957,16.272747,2.6006966,3.0135694,12.078774,14.035077,13.324584,2.8080313,78.61517,13882.354,6.1005836,0.0,2.7661202,3872.813629443652,958.0
British Columbia,-122.78055,50.761111,0,0,0,1,0,0,0,0,0,0,0,0,0,0,0,0,0,0,0,0,0,0,0,0,1,0,0,0,0,0,0,0,0,0,0,0,0,0,0,0,0,1,0,0,0,0,0,0,0,0,1,0,0,0,0,0,0,0,0,0,0,0,0,0,0,0,0,0,0,0,0,0,0,0,0,0,0,0,0,0,0,0,0,0,0,1,0,0,0,0,0,0,0,0,0,0,0,0,0,0,0,0,0,1,0,0,1,0,POINT (-1886151.9873499137 613810.5260230146),33167,63.795773,7.423589,5.910079,0.2790448,3.6152647,2.8287282,2.3649392,0.47843507,0.14673358,0.08343033,744.43494,5759.738,28.159369,47.16995,10.843538,88.24066,74.57294,10.029165,66.86041,16.704542,2.1655612,3.6402655,11.81569,10.737609,13.317336,2.7427387,80.359566,12703.467,6.0997534,0.0,2.7661936,5415.476422928918,1204.0
British Columbia,-122.6606314,49.18952188,0,0,0,0,0,0,0,0,0,0,0,0,0,0,0,0,0,0,0,0,0,0,0,0,0,0,0,0,0,0,0,0,0,0,0,0,0,0,0,0,0,0,0,0,0,0,0,0,0,0,0,1,0,0,0,0,0,0,0,0,0,0,0,0,0,0,0,0,0,0,0,0,0,0,0,0,0,0,0,0,0,0,0,0,0,0,0,0,0,0,0,0,0,0,0,0,0,0,0,0,0,0,0,0,0,0,0,0,POINT (-1951907.9831546247 452303.54554918804),26185,55.249508,13.10512,8.438358,3.0196862,5.756719,2.4238257,0.32925504,0.5877606,0.10156656,0.13452907,85.95499,352.9739,151.18613,31.838076,4.1175203,270.62268,4180.581,36.327927,13.155068,52.5684,1.3498371,2.22823,8.741213,21.38514,11.91073,5.984148,103.61706,14.225818,6.027895,0.0,2.766815,2990.944518603857,5.0
British Columbia,-122.6605992,49.18965861,0,0,0,0,0,0,0,0,0,0,0,0,0,0,0,0,0,0,0,0,0,0,0,0,0,0,0,0,0,0,0,0,0,0,0,0,0,0,0,0,0,0,0,0,0,0,0,0,0,0,0,1,0,0,0,0,0,0,0,0,0,0,0,0,0,0,0,0,0,0,0,0,0,0,0,0,0,0,0,0,0,0,0,0,0,0,0,0,0,0,0,0,0,0,0,0,0,0,0,0,0,0,0,0,0,0,0,0,POINT (-1951899.4543708225 452316.33821188915),26185,55.249508,13.10512,8.438358,3.0196862,5.756719,2.4238257,0.32925504,0.5877606,0.10156656,0.13452907,85.95499,352.9739,151.18613,31.838076,4.1175203,270.62268,4180.581,36.327927,13.155068,52.5684,1.3498371,2.22823,8.741213,21.38514,11.91073,5.984148,103.61706,14.225818,6.027895,0.0,2.766815,2995.393612925522,5.0
British Columbia,-122.53472,52.751388,0,0,0,0,0,0,0,0,0,0,0,0,0,0,0,0,0,0,0,0,0,0,0,0,0,0,1,0,0,0,0,0,0,0,0,0,0,0,0,0,0,0,0,0,0,0,0,0,0,0,0,0,0,0,0,0,0,0,0,0,0,0,0,0,0,0,0,0,0,0,0,0,0,0,0,0,0,0,0,0,0,0,0,0,0,0,0,0,0,0,0,0,0,0,0,0,0,0,0,0,0,0,0,0,0,0,0,0,POINT (-1778530.7337478762 805611.8233054834),41898,47.04667,10.461251,6.6220465,0.31020626,5.5255537,2.9807806,3.1737227,0.6906058,0.51944095,0.19140884,23.27685,197.10506,18.770826,18.771154,10.293286,103.672714,67.702156,8.760595,1.6508096,21.155153,2.9891741,1.6089787,13.653678,30.220768,12.394992,6.229451,148.22318,1.1722443,6.2219467,0.0,2.8028798,4627.451904690004,723.0
British Columbia,-122.48999,51.323888,0,0,0,0,0,0,0,0,0,0,0,0,0,0,0,0,0,0,0,0,0,0,0,0,1,0,0,0,0,0,0,0,0,0,0,0,0,0,0,0,0,1,0,0,0,0,0,0,0,0,1,0,0,0,0,0,0,0,0,0,0,0,0,0,0,0,0,0,0,0,0,0,0,0,0,0,0,0,0,0,1,0,0,0,0,1,0,0,0,0,0,0,0,0,0,0,0,0,0,0,0,0,0,0,0,0,1,0,POINT (-1841645.6306268822 661666.847643698),35352,59.468708,2.3893878,5.317058,0.005,3.9007893,2.3960435,2.9598012,0.48338985,0.20808105,0.11629439,1.6823151,35.64072,18.3367,13.112014,11.726794,63.197983,57.571274,6.3176637,0.520477,8.794094,2.2619734,0.9728137,11.649247,22.209457,10.685351,3.3831823,90.23178,0.3328032,6.2330647,0.0,2.7874281,2342.5994869526608,1993.0
British Columbia,-122.35166,51.345277,0,0,0,0,0,0,0,0,0,0,0,0,0,0,0,0,0,0,0,0,0,0,0,0,0,0,0,0,0,0,0,0,0,0,0,0,0,0,0,0,0,0,0,0,0,0,0,0,0,0,0,0,0,0,0,0,0,0,0,0,0,0,0,0,0,0,0,1,0,0,0,1,0,0,0,0,0,0,0,0,0,0,0,0,0,0,0,0,0,0,0,0,0,0,0,0,0,0,0,0,0,0,0,0,0,0,0,0,POINT (-1831974.7085989518 659815.9302987539),35353,59.92346,2.5035043,5.2308955,0.005,3.782266,2.4546783,3.2470906,0.42874044,0.20727727,0.11044748,1.4917587,36.273598,19.344511,13.098251,11.666287,64.35672,58.65563,6.4181786,0.48349074,7.4932485,2.283304,0.9507583,11.935751,23.080467,10.241359,2.387107,87.06374,0.3257199,6.101044,0.0,2.766012,1983.3879535617111,1320.0
British Columbia,-122.286536,52.529808,0,0,0,0,0,0,0,0,0,0,0,0,0,0,0,0,0,0,0,0,0,0,0,0,1,0,0,0,0,0,0,0,0,0,0,0,0,0,0,0,0,0,0,0,0,0,0,0,0,0,0,0,0,0,0,0,0,0,0,0,1,0,0,0,0,0,0,0,0,0,0,0,0,0,0,0,0,0,0,0,0,0,0,0,0,0,0,0,0,0,0,0,0,0,0,0,0,0,0,0,0,0,0,0,0,0,0,0,POINT (-1773628.515717405 776559.1739365942),40591,48.00515,12.3968725,6.9206495,0.80956554,6.777535,3.3507974,2.9438455,0.7028655,0.4872996,0.18388484,4.3002715,44.576168,16.021235,22.590467,13.692624,92.328186,66.58487,6.8373165,1.0173153,21.553438,2.4339027,1.1775923,12.682882,26.910538,13.00081,3.9834473,164.6927,0.55749905,6.245535,0.0,2.7866673,5000.213890352409,1128.0
British Columbia,-122.22194,55.619443,0,0,0,0,0,0,0,0,0,0,0,0,0,0,0,0,0,0,0,0,0,0,1,0,0,0,0,0,0,0,0,0,0,0,0,0,0,0,0,0,0,0,0,0,0,0,0,0,0,0,0,0,0,0,0,0,0,0,0,0,0,0,0,0,0,0,0,0,0,0,0,0,0,0,0,0,0,0,0,0,0,0,0,0,0,0,0,0,0,0,0,0,0,0,0,0,0,0,0,0,0,0,0,0,0,0,0,0,POINT (-1629314.178877672 1082483.2331384362),53685,46.09657,14.6684265,2.0257266,0.3669769,7.089003,0.17482868,0.49190018,0.5761787,4.865239,0.016860964,9.7987795,28.395433,38.141396,4.5666056,11.374268,36.47844,209.88875,11.832769,6.00417,12.826885,12.029182,43.149635,36.07739,19.765999,19.116755,1426.8569,284.49142,1.883667,6.2465057,0.0,2.8027039,2576.071320015325,781.0
British Columbia,-122.20027,49.06861,0,0,0,0,0,0,0,0,0,0,0,0,0,0,0,0,0,0,0,0,1,0,0,0,0,0,0,0,0,0,0,0,0,0,0,0,0,0,0,0,0,0,0,0,0,0,0,0,0,0,0,0,0,0,0,0,0,0,0,0,0,0,0,0,0,0,0,0,0,0,0,0,0,0,0,0,0,0,0,0,0,0,1,0,0,0,0,0,0,0,0,0,0,0,0,0,0,0,0,0,0,0,0,0,0,0,0,0,POINT (-1927019.2109061277 426056.54407839116),25315,52.70222,11.308612,9.783331,3.382737,5.7444143,2.0156603,0.36056495,0.60240257,0.09290068,0.13373044,95.42185,760.503,985.38354,62.960697,4.149047,381.4157,4877.4033,39.67474,9.792955,51.834133,1.2753928,2.440627,6.3150125,18.246918,12.361349,4.581061,103.1878,1.1253521,5.88737,0.0,2.7720525,4943.565697347975,237.0
British Columbia,-121.81999,55.386666,0,0,0,0,0,0,0,0,0,0,0,0,0,0,0,0,0,0,0,0,0,0,1,0,0,0,0,0,0,0,0,0,0,0,0,0,0,0,0,0,0,0,0,0,0,0,0,0,0,0,0,0,0,0,0,0,0,0,0,0,0,0,0,0,0,0,0,0,0,0,0,0,0,0,0,0,0,0,0,0,0,0,0,0,0,0,0,0,0,0,0,0,0,0,0,0,0,0,0,0,0,0,0,0,0,0,0,0,POINT (-1617104.1882566412 1049088.357107775),52378,40.329636,16.343727,1.9631144,0.34868664,6.925465,0.15563138,0.5238859,0.60697263,6.807066,0.017515942,9.332482,28.081268,33.3712,4.7136397,12.5245695,30.974615,405.83356,11.661024,5.9424524,12.301919,10.072565,51.360493,63.907314,31.840607,19.375877,678.8927,475.0609,1.5151253,6.2446303,0.0,2.8027124,3035.5796458163068,1127.0
British Columbia,-121.791,52.6717,0,0,0,0,0,0,0,0,0,0,0,0,0,0,0,0,0,0,0,0,0,0,0,0,0,0,0,0,0,0,0,0,0,0,0,0,0,0,0,0,0,0,0,0,0,0,0,0,0,0,0,0,0,0,0,0,0,0,0,0,0,0,0,0,0,0,0,0,0,0,0,0,1,0,0,0,0,0,0,0,0,0,0,0,0,0,0,0,0,0,0,0,0,0,0,0,0,0,0,0,0,0,0,0,0,0,0,0,POINT (-1736990.0293806647 777090.082757827),40594,49.1036,15.707191,7.726429,2.0475397,7.1470838,3.612305,2.6668396,0.77221197,0.39406097,0.1704949,6.593554,53.37051,14.996838,22.965094,20.06696,41.363693,67.3356,6.6389294,1.1280999,4.365039,2.142106,1.1967715,11.604037,23.543098,14.421889,4.009687,227.93506,0.56586605,6.244872,0.0,2.7866802,4186.625101664369,1036.0
British Columbia,-121.65444,50.817777,0,0,0,0,0,0,0,0,0,0,0,0,0,0,0,0,0,0,0,0,0,0,0,0,0,0,0,0,0,0,0,0,0,0,0,0,0,0,0,0,0,0,0,0,0,0,0,0,0,0,0,0,1,0,0,0,0,0,0,0,0,0,0,0,0,0,0,0,0,0,0,0,0,0,0,0,0,0,0,0,0,0,0,0,0,0,0,0,0,0,0,0,0,0,0,0,0,0,0,0,0,0,0,0,0,0,0,0,POINT (-1811779.6172898589 586772.8526555148),32303,60.012306,4.0661488,5.175976,0.12027774,3.4630117,1.4535545,3.54844,0.45812765,0.22805601,0.100805916,1.4217877,51.49383,24.952946,14.854962,14.293843,58.107838,52.304325,5.8837175,0.5082868,5.0887165,2.1951923,0.99834275,13.904735,25.398682,13.346916,3.8968441,96.05045,0.25635833,6.009308,0.0,2.7285483,3685.519974904306,855.0
British Columbia,-121.633931,52.544959,0,0,0,0,0,0,0,0,0,0,0,0,0,0,0,0,0,0,0,0,0,0,0,0,1,0,0,0,0,0,0,0,0,0,0,0,0,0,0,0,0,1,0,0,0,0,0,0,0,0,0,0,0,0,0,0,0,0,0,0,0,0,0,0,0,0,0,0,0,0,0,0,0,0,0,0,0,0,0,0,0,0,0,0,0,0,0,0,0,0,0,0,0,0,0,0,0,0,0,0,0,0,0,0,0,0,0,0,POINT (-1733074.0019989116 760087.4988638061),39723,50.359577,16.47558,7.576349,4.0075107,7.484266,3.6233437,3.078862,0.6991244,0.31736064,0.1670389,5.1580987,158.71419,21.521708,26.261204,24.336645,35.431988,76.49994,8.329321,1.342043,11.231556,1.7556897,1.1609153,10.685857,22.108215,12.502348,4.8915825,246.57051,0.52000064,6.2418704,0.0,2.786844,3075.187645583896,1111.0
British Columbia,-121.59722,53.108333,0,0,0,0,0,0,0,0,0,0,0,0,0,0,0,0,0,0,0,0,0,0,0,0,0,0,0,0,0,0,0,0,0,0,0,0,0,0,0,0,0,1,0,0,0,0,0,0,0,0,1,0,0,0,0,0,0,0,0,0,0,0,0,0,0,0,0,0,0,0,0,0,0,0,0,0,0,0,0,0,0,0,0,0,0,1,0,0,0,0,0,0,0,0,0,0,0,0,0,0,0,0,0,1,0,0,1,0,POINT (-1705700.4470202257 815631.3958304925),42341,47.945072,3.4833646,6.263695,0.23105514,2.494994,0.4515004,1.277172,1.1288401,0.3395648,0.13022095,41.845486,21.77107,148.05031,23.745436,3.769298,89.97659,461.70435,123.67462,1.0553504,105.03193,3.0910091,2.4391994,15.860863,24.819372,21.973455,4.9054866,60.627598,0.6444397,6.2497444,0.0,2.7863734,6129.304356511558,1306.0
British Columbia,-121.58388,53.101111,0,0,0,0,0,0,0,0,0,0,0,0,1,0,0,0,0,0,0,0,0,0,0,0,0,0,0,0,0,0,0,0,0,0,0,0,0,0,0,0,0,1,0,0,0,0,0,0,0,0,1,0,0,0,0,0,0,0,0,0,0,0,0,0,0,0,0,0,0,0,0,0,0,0,0,0,0,0,0,0,0,0,0,0,0,1,0,0,0,0,0,0,0,0,0,0,0,0,0,0,0,0,0,1,0,0,1,0,POINT (-1705217.0474140742 814549.402419968),41905,47.42479,4.224852,5.6225533,0.33301067,2.1672702,0.8356972,1.0293984,1.1855193,0.29292214,0.13046408,42.7748,30.617634,23.04753,16.552029,3.072296,22.451212,830.52814,196.7581,1.0149143,102.43727,3.2190309,2.1534133,14.467945,23.075876,22.838963,5.375,59.756107,0.6066385,6.2484303,0.0,2.7864497,6601.119388531498,1378.0
British Columbia,-121.56138,53.089721,0,0,0,0,0,0,0,0,0,0,0,0,1,0,0,0,0,0,0,0,0,0,0,0,0,0,0,0,0,0,0,0,0,0,0,0,0,0,0,0,0,1,0,0,0,0,0,0,0,0,1,0,0,0,0,0,0,0,0,0,0,0,0,0,0,0,0,0,0,0,0,0,0,0,0,0,0,0,0,0,0,0,0,0,0,1,0,0,0,0,0,0,0,0,0,0,0,0,0,0,0,0,0,1,0,0,1,0,POINT (-1704365.6660389495 812803.8494124868),41906,48.06886,3.8879914,7.8339725,0.572613,2.683388,0.50719154,1.1387023,1.1587725,0.3376466,0.11641008,60.126144,25.853786,36.587067,26.09766,2.9272091,25.992865,368.05618,91.10672,1.6789788,163.07101,2.868244,2.9668255,19.508675,29.37849,22.97018,5.6222553,97.20711,0.66248876,6.248335,0.0,2.7864466,5188.231785274254,1356.0
British Columbia,-121.51361,49.46444,0,0,0,1,0,0,0,1,0,0,0,0,0,0,1,0,0,0,0,0,0,0,0,0,1,0,0,0,0,0,0,0,0,0,0,0,0,0,0,0,0,0,0,0,0,0,0,0,0,0,1,0,0,0,0,0,0,0,0,0,0,0,0,0,0,0,0,0,0,0,0,0,0,0,0,0,0,0,0,0,0,0,0,0,0,1,0,0,0,0,0,0,0,0,0,0,0,0,0,0,0,0,0,0,0,0,1,0,POINT (-1863457.9682621697 445711.7178440059),26194,49.58612,7.7303114,11.7522545,5.677993,5.766857,1.9685498,0.39797318,0.6249204,0.04087214,0.1440196,37.10719,2206.4175,3592.64,198.9744,3.977349,786.7481,1352.9906,19.536442,3.4496472,16.629995,0.99982667,4.4451985,2.063939,14.930808,13.385775,6.927696,113.911514,5.8415833,5.8899446,0.0,2.7729847,5508.793214851407,1106.0
British Columbia,-121.49472,55.118332,0,0,0,0,0,0,0,0,0,0,0,0,0,0,0,0,0,0,0,0,0,0,1,0,0,0,0,0,0,0,0,0,0,0,0,0,0,0,0,0,0,0,0,0,0,0,0,0,0,0,0,0,0,0,0,0,0,0,0,0,0,0,0,0,0,0,0,0,0,0,0,0,0,0,0,0,0,0,0,0,0,0,0,0,0,0,0,0,0,0,0,0,0,0,0,0,0,0,0,0,0,0,0,0,0,0,0,0,POINT (-1610498.0036960845 1014080.832200382),50635,31.533607,11.770025,1.7918603,0.48691994,12.489647,0.17123452,0.54494476,0.4895527,12.332728,0.019252319,8.9210825,27.795881,29.991867,6.9178267,12.448398,25.617228,641.1545,12.003545,5.8763833,12.536784,8.490764,68.102005,83.14963,39.488186,20.707218,312.45026,463.9983,1.179628,6.241789,0.0,2.802728,4111.000806055131,1442.0
British Columbia,-121.48472,49.48361,0,0,0,0,0,0,0,0,0,0,0,0,0,0,0,0,0,0,1,0,0,0,0,1,1,0,0,0,0,0,0,0,0,0,0,0,0,0,0,0,0,0,0,0,0,0,0,0,0,0,0,0,0,0,0,0,0,0,0,0,0,0,0,1,0,0,0,0,0,0,0,0,0,0,0,0,0,0,0,0,0,0,0,0,0,0,0,0,0,0,0,0,0,0,0,0,0,0,0,0,0,0,0,0,0,0,0,0,POINT (-1860685.515001129 446812.1330849533),26194,49.58612,7.7303114,11.7522545,5.677993,5.766857,1.9685498,0.39797318,0.6249204,0.04087214,0.1440196,37.10719,2206.4175,3592.64,198.9744,3.977349,786.7481,1352.9906,19.536442,3.4496472,16.629995,0.99982667,4.4451985,2.063939,14.930808,13.385775,6.927696,113.911514,5.8415833,5.8899446,0.0,2.7729847,3260.562264390973,1212.0
British Columbia,-121.28888,49.508611,0,0,0,0,0,0,0,0,0,0,0,0,0,0,0,0,0,0,0,0,0,0,0,0,1,0,0,0,0,0,0,0,0,0,0,0,0,0,0,0,0,1,0,0,0,0,0,0,0,0,0,0,0,0,0,0,0,0,0,0,0,0,0,0,0,0,0,0,0,0,0,0,0,0,0,0,0,0,0,0,0,0,0,0,0,1,0,0,0,0,0,0,0,0,0,0,0,0,0,0,0,0,0,0,0,0,1,0,POINT (-1846607.778240372 443644.7723966204),25759,52.409737,9.888185,10.687509,5.0525236,4.948724,3.785048,0.75464946,0.7756359,0.047694597,0.13691063,15.539114,1185.442,1534.6211,111.68084,4.0078955,437.1808,116.67687,11.810606,1.6176478,5.947791,1.2062684,4.242331,3.7212236,19.55078,17.734003,6.8366756,119.57107,6.7466993,5.8907514,0.0,2.7825582,4979.221789760904,1038.0
British Columbia,-121.2453,55.0861,0,0,0,0,0,0,0,0,0,0,0,0,0,0,0,0,0,0,0,0,0,0,1,0,0,0,0,0,0,0,0,0,0,0,0,0,0,0,0,0,0,0,0,0,0,0,0,0,0,0,0,0,0,0,0,0,0,0,0,0,0,0,0,0,0,0,0,0,0,0,0,0,0,0,0,0,0,0,0,0,0,0,0,0,0,0,0,0,0,0,0,0,0,0,0,0,0,0,0,0,0,0,0,0,0,0,0,0,POINT (-1597623.0224157409 1004569.5008699663),50200,29.317377,8.78801,1.5161016,0.4641398,16.517921,0.19794711,0.5373607,0.42525807,13.125899,0.018779056,8.711043,24.495543,27.46147,7.9481325,11.205607,22.984005,568.2103,11.836041,5.1934385,12.1579275,8.106951,69.257256,92.65445,38.760483,21.075752,44.83842,470.19238,1.0658787,6.241177,0.0,2.8027236,5150.5290289349,978.0
British Columbia,-121.21694,50.720277,0,0,0,0,0,0,0,0,0,0,0,0,0,0,0,0,0,0,0,0,0,0,0,0,0,0,0,0,0,0,0,0,0,0,0,0,0,0,0,0,0,0,0,0,0,0,0,0,0,0,0,0,0,0,0,0,0,0,0,0,0,0,0,0,0,0,0,0,0,0,0,0,0,0,0,0,0,0,0,0,0,0,0,0,0,0,0,0,0,0,0,0,0,0,0,0,0,0,0,0,0,0,0,0,0,0,0,0,POINT (-1788077.21261435 564533.7386770487),30997,55.574944,11.992367,6.6138372,2.0811102,5.191837,3.0223446,2.8707144,0.7258612,0.32305402,0.14374796,11.76415,3681.3418,26.639246,28.137995,14.04182,70.99818,109.83915,8.024641,4.377244,4.714465,4.655669,3.171837,19.48461,36.42766,17.702404,6.0915837,166.50534,58.72108,6.007636,0.0,2.7302704,4924.933233677411,780.0
British Columbia,-121.19055,55.027221,0,0,0,0,0,0,0,0,0,0,0,0,0,0,0,0,0,0,0,0,0,0,1,0,0,0,0,0,0,0,0,0,0,0,0,0,0,0,0,0,0,0,0,0,0,0,0,0,0,0,0,0,0,0,0,0,0,0,0,0,0,0,0,0,0,0,0,0,0,0,0,0,0,0,0,0,0,0,0,0,0,0,0,0,0,0,0,0,0,0,0,0,0,0,0,0,0,0,0,0,0,0,0,0,0,0,0,0,POINT (-1597054.2992818072 997303.3760497406),50200,29.317377,8.78801,1.5161016,0.4641398,16.517921,0.19794711,0.5373607,0.42525807,13.125899,0.018779056,8.711043,24.495543,27.46147,7.9481325,11.205607,22.984005,568.2103,11.836041,5.1934385,12.1579275,8.106951,69.257256,92.65445,38.760483,21.075752,44.83842,470.19238,1.0658787,6.241177,0.0,2.8027236,3993.5723803904257,1526.0
British Columbia,-121.093167,50.473667,0,0,0,0,0,0,0,0,0,0,0,0,0,0,0,0,0,0,0,0,0,0,0,0,1,0,0,0,0,0,0,0,0,0,0,0,0,0,0,0,0,1,0,0,0,0,0,0,0,0,1,0,0,0,0,0,0,0,0,0,1,0,0,0,0,0,0,0,0,0,0,0,0,0,0,0,0,0,0,0,0,0,0,0,0,1,0,0,0,0,0,0,0,0,0,0,0,0,0,0,0,0,0,0,0,0,1,0,POINT (-1790992.1914232743 536053.0858403367),30125,55.790653,13.874524,6.965256,3.1039493,8.125649,3.4369676,2.215974,0.76708204,0.27599373,0.13372199,16.36479,5289.8745,22.215633,33.737946,13.866704,81.904205,321.91364,9.468481,7.4961157,7.295567,4.1460524,3.965457,16.551674,29.756283,18.15863,6.2573895,192.92467,71.44568,5.88985,0.0,2.7723832,4069.561030784893,1660.0
British Columbia,-121.04833,50.485555,0,0,0,0,0,0,0,0,0,0,0,0,0,0,0,0,0,0,0,0,0,0,0,0,1,0,0,0,0,0,0,0,0,0,0,0,0,0,0,0,0,1,0,0,0,0,0,0,0,0,1,0,0,0,0,0,0,0,0,0,1,0,0,0,0,0,0,0,0,0,0,0,0,0,0,0,0,0,0,0,0,0,0,0,0,1,0,0,0,0,0,0,0,0,0,0,0,0,0,0,0,0,0,0,0,0,1,0,POINT (-1787565.1503458852 535998.0249418742),30125,55.790653,13.874524,6.965256,3.1039493,8.125649,3.4369676,2.215974,0.76708204,0.27599373,0.13372199,16.36479,5289.8745,22.215633,33.737946,13.866704,81.904205,321.91364,9.468481,7.4961157,7.295567,4.1460524,3.965457,16.551674,29.756283,18.15863,6.2573895,192.92467,71.44568,5.88985,0.0,2.7723832,4684.451772445112,1046.0
British Columbia,-121.04305,50.450277,0,0,0,0,0,0,0,0,0,0,0,0,0,0,0,0,0,0,0,0,0,0,0,0,1,0,0,0,0,0,0,0,0,0,0,0,0,0,0,0,0,1,0,0,0,0,0,0,0,0,0,0,0,0,0,0,0,0,0,0,1,0,0,0,0,0,0,0,0,0,0,0,0,0,0,0,0,0,0,0,0,0,0,0,0,1,0,0,0,0,0,0,0,0,0,0,0,0,0,0,0,0,0,0,0,0,1,0,POINT (-1788777.0470250945 532269.3078284108),29689,55.56274,13.960489,7.135398,2.7791123,8.202921,3.5000494,2.0681024,0.7892189,0.26299363,0.13912593,31.016438,6716.915,20.558184,36.149025,12.388345,82.25121,355.84412,9.657202,12.923171,9.173105,3.6789277,4.210216,13.4759865,24.702003,15.868727,5.203114,187.71298,82.723236,5.890286,0.0,2.772632,2577.777832209173,1390.0
British Columbia,-120.99805,50.431666,0,0,0,0,0,0,0,0,0,0,0,0,0,0,0,0,0,0,0,0,0,0,0,0,1,0,0,0,0,0,0,0,0,0,0,0,0,0,0,0,0,0,0,0,0,0,0,0,0,0,0,0,0,0,0,0,0,0,0,0,1,0,0,0,0,0,0,0,0,0,0,0,0,0,0,0,0,0,0,0,0,0,0,0,0,0,0,0,0,0,0,0,0,0,0,0,0,0,0,0,0,0,0,0,0,0,0,0,POINT (-1786678.8641663308 529115.246693634),29689,55.56274,13.960489,7.135398,2.7791123,8.202921,3.5000494,2.0681024,0.7892189,0.26299363,0.13912593,31.016438,6716.915,20.558184,36.149025,12.388345,82.25121,355.84412,9.657202,12.923171,9.173105,3.6789277,4.210216,13.4759865,24.702003,15.868727,5.203114,187.71298,82.723236,5.890286,0.0,2.772632,3436.904199515656,1589.0
British Columbia,-120.98777,50.498055,0,0,0,0,0,0,0,0,0,0,0,0,0,0,0,0,0,0,0,0,0,0,0,0,1,0,0,0,0,0,0,0,0,0,0,0,0,0,0,0,0,1,0,0,0,0,0,0,0,0,0,0,0,0,0,0,0,0,0,0,1,0,0,0,0,0,0,0,0,0,0,0,0,0,0,0,0,0,0,0,0,0,0,0,0,1,0,0,0,0,0,0,0,0,0,0,0,0,0,0,0,0,0,0,0,0,0,0,POINT (-1783093.9925067185 535566.9280439803),30126,55.570377,13.870305,7.017626,3.117182,8.073352,3.4316504,2.2883556,0.76089686,0.2816921,0.13360557,15.071801,4381.055,22.847094,31.923996,14.352803,83.293465,282.42093,9.356962,6.916207,6.616642,4.1275353,3.6366398,16.943691,30.665464,18.379519,6.348853,194.89777,63.64129,5.8901763,0.0,2.7725525,5405.954105287676,1415.0
British Columbia,-120.961706,54.898333,0,0,0,0,0,0,0,0,0,0,0,0,0,0,0,0,0,0,0,0,0,0,1,0,0,0,0,0,0,0,0,0,0,0,0,0,0,0,0,0,0,0,0,0,0,0,0,0,0,0,0,0,0,0,0,0,0,0,0,0,0,0,0,0,0,0,0,0,0,0,0,0,0,0,0,0,0,0,0,0,0,0,0,0,0,0,0,0,0,0,0,0,0,0,0,0,0,0,0,0,0,0,0,0,0,0,0,0,POINT (-1589475.052057043 978659.7139946602),49329,21.429556,4.9315934,1.0193512,0.6331154,24.8774,0.25689313,0.6024315,0.32483283,12.137568,0.019716809,8.174202,19.317463,22.28099,11.1346445,9.059909,16.608887,595.6122,11.937929,3.809509,12.102253,6.3237715,65.73976,85.27243,36.890877,22.541193,20.170061,458.56018,0.84149337,6.269283,0.0,2.7850716,1439.1491569017323,1436.0
British Columbia,-120.92611,50.2075,0,0,0,0,0,0,0,0,0,0,0,0,0,0,0,0,0,0,0,0,0,0,0,0,1,0,0,0,0,0,0,0,0,0,0,0,0,0,0,0,0,1,0,0,0,0,0,1,0,0,0,0,0,0,0,0,0,1,0,0,0,0,0,0,0,0,0,0,0,0,0,0,0,0,0,0,0,0,0,0,0,0,0,0,0,1,0,0,0,0,0,0,0,0,0,0,0,0,0,0,0,0,0,0,0,0,0,0,POINT (-1791848.2747899033 504317.0695480466),28381,56.635307,14.405097,7.106098,2.4999611,7.156567,3.391248,1.8463175,0.83457154,0.2022678,0.13060269,26.157284,12894.36,19.848286,44.10667,8.016817,65.773705,530.4749,9.680811,10.482646,13.875507,4.0171566,5.972579,9.222986,18.219221,11.903584,3.0973563,185.49414,83.88628,5.8916116,0.0,2.77336,4695.858218682,1094.0
British Columbia,-120.9075,52.096666,0,0,0,0,0,0,0,0,0,0,0,0,1,0,0,0,0,0,0,0,0,0,0,0,1,0,0,0,0,0,0,0,0,0,0,0,0,0,0,0,0,0,0,0,0,0,0,0,0,0,0,0,0,0,0,0,0,0,0,0,1,0,0,0,0,0,0,0,0,0,0,0,0,0,0,0,0,0,1,0,0,0,0,0,0,1,0,0,0,0,0,0,0,0,0,0,0,0,0,0,0,0,0,1,0,0,1,0,POINT (-1708021.1644226993 695275.4140641487),37109,52.36197,12.525292,5.111591,0.40168142,7.2453604,4.1540513,2.141872,0.7052213,0.27542627,0.16354123,86.93735,2129.9648,16.317198,18.048697,7.745208,36.63124,76.52021,6.4029355,1.3643992,5.6150985,1.547091,2.9127889,14.830382,30.234554,12.435283,5.696458,128.2416,16.328045,6.0113354,0.0,2.7254975,5122.177033527244,1675.0
British Columbia,-120.81388,50.94111,0,0,0,0,0,0,0,0,0,0,0,0,0,0,0,0,0,0,0,0,0,0,0,0,0,0,1,0,0,0,0,0,0,0,1,0,0,0,0,0,0,0,0,0,0,0,0,0,0,0,0,0,0,0,0,0,0,0,0,0,0,0,0,0,0,0,0,0,0,0,0,0,0,0,0,0,0,0,0,0,0,0,0,0,0,0,0,0,0,0,0,0,0,0,0,0,0,0,0,0,0,0,0,0,0,0,0,0,POINT (-1752492.4582415938 575705.2588769982),31873,58.106716,16.315605,5.26497,1.2230637,4.3316755,4.4157567,3.631952,0.5321152,0.33039925,0.10962384,7.5555553,94.53897,15.317719,10.9489355,14.972273,42.14113,61.328247,10.540579,1.2455969,4.694475,3.868264,1.8769931,20.120422,37.903664,16.263708,5.9383154,123.32953,0.60747427,5.870726,0.0,2.735049,4965.716939840839,1217.0
British Columbia,-120.55528,49.34028,0,0,0,0,0,0,0,0,0,0,0,0,0,0,0,0,0,0,0,0,0,0,0,0,1,0,0,0,0,0,0,0,0,0,0,0,0,0,0,0,0,1,0,0,0,0,0,0,0,0,0,0,0,0,0,0,0,0,0,0,1,0,0,0,0,0,0,0,0,0,0,0,0,0,0,0,0,0,0,0,0,0,0,0,0,1,0,0,0,0,0,0,0,0,0,0,0,0,0,0,0,0,0,0,0,0,0,0,POINT (-1805233.1395170065 405424.8183655299),24455,52.329067,11.482718,7.420761,1.3934625,4.8400006,3.4425561,2.4426877,0.7429166,0.22041723,0.11961151,3.2447038,91.410034,64.79098,26.91353,2.8823433,130.53249,124.3653,3.7684786,2.1780612,1.957431,4.1799335,0.8447366,22.864952,47.57956,22.546062,1.7965924,207.71957,1.6383133,5.8944254,0.0,2.7835422,6607.671615745512,832.0
British Columbia,-120.53416,49.33111,0,0,0,0,0,0,0,0,0,0,0,0,0,0,0,0,0,0,0,0,0,0,0,0,1,0,0,0,0,0,0,0,0,0,0,0,0,0,0,0,0,1,0,0,0,0,0,0,0,0,0,0,0,0,0,0,0,0,0,0,0,0,0,0,0,0,0,0,0,0,0,0,0,0,0,0,0,0,0,0,0,0,0,0,0,1,0,0,0,0,0,0,0,0,0,0,0,0,0,0,0,0,0,0,0,0,0,0,POINT (-1804220.2607320047 403888.0721051313),24020,55.09191,13.424975,6.7609863,1.4772182,5.5623817,3.537205,2.8582032,0.6813736,0.18669926,0.11177367,4.0729876,89.22027,66.44804,28.628267,3.2622569,118.59963,106.59177,6.3399267,2.103886,2.4145465,6.464009,0.86329836,20.981754,43.412,21.224497,3.0178592,212.10367,1.7790436,5.8955736,0.0,2.7838376,5738.28318279401,1096.0
British Columbia,-120.533,49.331,0,0,0,0,0,0,0,0,0,0,0,0,0,0,0,0,0,0,0,0,0,0,0,0,1,0,0,0,0,0,0,0,0,0,0,0,0,0,0,0,0,1,0,0,0,0,0,0,0,0,0,0,0,0,0,0,0,0,0,0,0,0,0,0,0,0,0,0,0,0,0,0,0,0,0,0,0,0,0,0,0,0,0,0,0,1,0,0,0,0,0,0,0,0,0,0,0,0,0,0,0,0,0,0,0,0,0,0,POINT (-1804147.5209758899 403843.9218630631),24020,55.09191,13.424975,6.7609863,1.4772182,5.5623817,3.537205,2.8582032,0.6813736,0.18669926,0.11177367,4.0729876,89.22027,66.44804,28.628267,3.2622569,118.59963,106.59177,6.3399267,2.103886,2.4145465,6.464009,0.86329836,20.981754,43.412,21.224497,3.0178592,212.10367,1.7790436,5.8955736,0.0,2.7838376,5654.896979183788,1155.0
British Columbia,-120.515,50.661111,0,0,0,0,0,0,0,0,0,0,0,0,0,0,0,0,0,0,0,0,0,0,0,0,1,0,0,0,0,0,0,0,0,0,0,0,0,0,0,0,0,1,0,0,0,0,0,0,0,0,0,0,0,0,0,0,0,0,0,0,1,0,0,0,0,0,1,0,0,0,0,0,0,0,0,0,0,0,0,0,0,0,0,0,0,1,0,0,0,0,0,0,0,0,0,0,0,0,0,0,0,0,0,0,0,0,0,0,POINT (-1745391.0965263664 539028.7748725143),30129,54.9509,13.976699,6.7330365,2.708494,7.3304534,3.4526465,2.5313222,0.7871844,0.42597654,0.122560985,12.650838,732.61707,22.844696,20.94978,16.644215,76.66955,96.26469,9.224165,4.4578376,3.4949107,4.5047765,2.3194845,25.117634,47.45468,23.568226,8.929118,174.99023,28.273464,5.891204,0.0,2.7730796,4710.142716988497,455.0
British Columbia,-120.514,50.661,0,0,0,0,0,0,0,0,0,0,0,0,0,0,0,0,0,0,0,0,0,0,0,0,1,0,0,0,0,0,0,0,0,0,0,0,0,0,0,0,0,1,0,0,0,0,0,0,0,0,0,0,0,0,0,0,0,0,0,0,0,0,0,0,0,0,0,0,0,0,0,0,0,0,0,0,0,0,0,0,0,0,0,0,0,1,0,0,0,0,0,0,0,0,0,0,0,0,0,0,0,0,0,0,0,0,0,0,POINT (-1745331.1908232365 538990.0364807991),30129,54.9509,13.976699,6.7330365,2.708494,7.3304534,3.4526465,2.5313222,0.7871844,0.42597654,0.122560985,12.650838,732.61707,22.844696,20.94978,16.644215,76.66955,96.26469,9.224165,4.4578376,3.4949107,4.5047765,2.3194845,25.117634,47.45468,23.568226,8.929118,174.99023,28.273464,5.891204,0.0,2.7730796,4776.817543319487,435.0
British Columbia,-120.40444,50.608055,0,0,0,0,0,0,0,0,0,0,0,0,0,0,0,0,0,0,0,0,0,0,0,0,1,0,0,0,0,0,0,0,0,0,0,0,0,0,0,0,0,1,0,0,0,0,0,0,0,0,0,0,0,0,0,0,0,0,0,0,1,0,0,0,0,0,0,0,0,0,0,0,0,0,0,0,0,0,0,0,0,0,0,0,0,1,0,0,0,0,0,0,0,0,0,0,0,0,0,0,0,0,0,0,0,0,0,0,POINT (-1740516.831584471 530596.365577832),29694,54.61634,11.216366,8.831228,2.8437405,8.761969,3.0043917,2.1969213,0.81710386,0.4436453,0.1174123,20.670095,817.8166,24.030197,24.753292,17.349789,80.44728,97.96651,8.524814,5.512665,3.8725297,4.020447,2.2290692,25.836102,48.820946,24.332663,9.415782,182.0143,30.40032,5.8921924,0.0,2.7735553,789.0397716777694,926.0
British Columbia,-120.07583,49.346666,0,0,0,0,0,0,0,0,0,0,0,0,0,0,0,0,0,0,0,0,0,0,0,0,0,0,0,0,0,0,0,0,0,0,0,0,0,0,0,0,0,1,0,0,0,0,0,0,0,0,0,0,0,0,0,0,0,0,0,0,0,0,0,0,0,0,0,0,0,0,0,0,0,0,0,0,0,0,0,0,0,0,0,0,0,1,0,0,0,0,0,0,0,0,0,0,0,0,0,0,0,0,0,0,0,0,0,0,POINT (-1772883.509100185 392593.05686521676),23587,59.794163,16.16053,5.692824,1.7177389,5.697965,3.4142032,2.2689319,0.5410857,0.16440311,0.11734331,315.57623,85.780914,16.848034,54.431953,6.7760577,23.191376,75.83419,12.24817,4.1114125,2342.195,16.608341,2.383187,11.597615,24.052307,13.213464,3.1230493,173.04976,4.000492,5.88321,0.0,2.7682624,3878.047868581338,521.0
British Columbia,-120.06694,49.365,0,0,0,0,0,0,0,0,0,0,0,0,0,0,0,0,0,0,0,0,0,0,0,0,0,0,0,0,0,0,0,0,0,0,0,0,0,0,0,0,0,1,0,0,0,0,0,0,0,0,0,0,0,0,0,0,0,0,0,0,0,0,0,0,0,0,0,0,0,0,0,0,0,0,0,0,0,0,0,0,0,0,0,0,0,1,0,0,0,0,0,0,0,0,0,0,0,0,0,0,0,0,0,0,0,0,0,0,POINT (-1771505.9932662065 394225.48210117774),23587,59.794163,16.16053,5.692824,1.7177389,5.697965,3.4142032,2.2689319,0.5410857,0.16440311,0.11734331,315.57623,85.780914,16.848034,54.431953,6.7760577,23.191376,75.83419,12.24817,4.1114125,2342.195,16.608341,2.383187,11.597615,24.052307,13.213464,3.1230493,173.04976,4.000492,5.88321,0.0,2.7682624,4485.984692173034,566.0
British Columbia,-120.064293,50.667488,0,0,0,0,0,0,0,0,0,0,0,0,0,0,0,0,0,0,0,0,0,0,0,0,0,0,0,0,0,0,0,0,0,0,0,0,0,0,0,0,0,0,0,0,0,0,0,0,0,0,0,0,1,0,0,0,0,0,0,0,0,0,0,0,0,0,0,0,0,0,0,0,0,0,0,0,0,0,0,0,0,0,0,0,0,0,0,0,0,0,0,0,0,0,0,0,0,0,0,0,0,0,0,0,0,0,0,0,POINT (-1715917.2956172044 527415.5300028551),29696,54.927483,9.075883,11.02906,2.3509724,8.819192,2.6540504,2.03756,0.84958637,0.4225272,0.112734385,24.73841,145.68895,18.336643,20.039965,14.482501,66.161865,73.03026,7.21301,164.12114,4.0486426,3.227824,2.1360762,23.919294,46.036205,17.996964,8.357211,136.9523,1.6755382,5.8930182,0.0,2.7739472,4832.098426044752,476.0
British Columbia,-120.03444,49.365277,0,0,0,0,0,1,0,0,0,0,0,0,1,0,0,0,0,0,0,0,0,0,0,1,1,0,0,0,0,0,0,0,0,0,0,0,0,0,0,0,0,1,0,0,0,0,0,0,0,0,1,0,0,0,0,0,0,0,0,0,0,0,0,0,0,0,0,0,0,0,0,0,0,0,0,0,0,0,0,0,0,0,0,0,0,1,0,0,0,0,0,0,0,0,0,0,0,0,0,0,0,0,0,0,0,0,1,0,POINT (-1769317.3130435632 393349.28664487944),23587,59.794163,16.16053,5.692824,1.7177389,5.697965,3.4142032,2.2689319,0.5410857,0.16440311,0.11734331,315.57623,85.780914,16.848034,54.431953,6.7760577,23.191376,75.83419,12.24817,4.1114125,2342.195,16.608341,2.383187,11.597615,24.052307,13.213464,3.1230493,173.04976,4.000492,5.88321,0.0,2.7682624,3418.330011137527,1762.0
British Columbia,-120.021,49.322167,0,0,0,1,0,0,0,0,0,0,0,0,0,0,1,0,0,0,0,0,0,0,0,0,1,0,0,0,0,0,0,0,0,0,0,0,0,0,0,0,0,1,0,0,0,0,0,0,0,0,0,0,0,0,0,0,0,0,0,0,0,0,0,0,0,0,0,0,0,0,0,0,0,0,0,0,0,0,0,0,0,0,0,0,0,1,0,0,0,0,0,0,0,0,0,0,0,0,0,0,0,0,0,0,0,0,1,0,POINT (-1770252.3174655125 388553.0227410465),23587,59.794163,16.16053,5.692824,1.7177389,5.697965,3.4142032,2.2689319,0.5410857,0.16440311,0.11734331,315.57623,85.780914,16.848034,54.431953,6.7760577,23.191376,75.83419,12.24817,4.1114125,2342.195,16.608341,2.383187,11.597615,24.052307,13.213464,3.1230493,173.04976,4.000492,5.88321,0.0,2.7682624,1468.6364306858884,1160.0
British Columbia,-120.00638,49.879443,0,0,0,0,0,0,0,0,0,0,0,0,0,0,0,0,0,0,0,0,0,0,0,0,1,0,0,0,0,0,0,0,0,0,0,0,0,0,0,0,0,1,0,0,0,0,0,0,0,0,1,0,0,0,0,0,0,0,0,0,1,0,0,0,0,0,0,0,0,0,0,0,0,0,0,0,0,0,0,0,0,0,0,0,0,1,0,0,0,0,0,0,0,0,0,0,0,0,0,0,0,0,0,0,0,0,1,0,POINT (-1745581.403246164 445268.020840409),26205,46.912888,8.847549,7.2744956,0.51655143,5.677197,2.0125225,2.7786727,0.634863,0.37384206,0.15535319,3432.0945,2671.528,17.469868,36.92661,8.419376,38.771652,54.650593,4.920697,5.1564646,54.377415,1.4649409,0.7191131,9.625623,18.546339,12.996117,1.0653349,219.6892,7.6489673,5.881414,0.0,2.7673652,6474.364320676485,1485.0
British Columbia,-119.80944,51.144444,0,0,0,1,0,0,0,0,0,0,0,0,0,0,0,0,0,0,0,0,0,0,0,0,1,0,0,0,0,0,0,0,0,0,0,0,0,0,0,0,0,1,0,0,0,0,0,0,0,0,1,0,0,0,0,0,0,0,0,0,0,0,0,0,0,0,0,0,0,0,0,0,0,0,0,0,0,0,0,0,0,0,0,0,0,1,0,0,0,0,0,0,0,0,0,0,0,0,0,0,0,0,0,0,0,0,1,0,POINT (-1679333.8670343903 569306.9226282962),31444,54.851837,13.540158,8.552893,3.3056688,5.3908134,2.7565851,1.2157394,0.7790357,0.17575696,0.113916434,2.3989747,36.004135,25.316095,19.92194,13.956055,115.604324,82.56238,5.057115,0.6325733,3.655817,5.323469,1.373861,19.665966,40.573414,17.246225,8.467286,87.93187,0.58324707,5.891098,0.0,2.7733047,961.4025137617508,1459.0
British Columbia,-119.68999,49.056944,0,0,0,0,0,0,0,0,0,0,0,0,0,0,0,0,0,0,0,0,0,0,0,0,1,0,0,0,0,0,0,0,0,0,0,0,0,0,0,0,0,1,0,0,0,0,0,0,0,0,1,0,0,0,0,0,0,0,0,0,0,0,0,0,0,0,0,0,0,0,0,0,0,0,0,0,0,0,0,0,0,0,0,0,0,1,0,0,0,0,0,0,0,0,0,0,0,0,0,0,0,0,0,0,0,0,1,0,POINT (-1759185.9852309742 352116.325481576),21844,59.698406,15.100132,4.167518,1.2385832,4.556528,3.349254,2.616598,0.3560084,0.1519621,0.09930723,6494.9297,995.3336,11.11219,89.304405,9.253655,36.14489,135.34415,12.587622,7.3873854,333.17142,7.6345205,9.461705,19.523989,33.88354,13.625218,8.444774,97.624825,39.850494,5.8861737,0.0,2.7694921,2267.4502279312555,819.0
British Columbia,-119.5552884,49.19673443,0,0,0,0,0,0,0,0,0,0,0,0,0,0,0,0,0,0,0,0,0,0,0,0,0,0,0,0,0,0,0,0,0,0,0,0,0,0,0,0,0,0,0,0,0,0,0,0,0,0,0,0,0,0,0,0,0,0,0,0,0,0,0,0,0,0,0,0,0,0,0,0,0,0,0,0,0,0,0,0,0,0,0,0,1,0,0,0,0,0,0,0,0,0,0,0,0,0,0,0,0,0,0,0,0,0,0,0,POINT (-1744220.4972203865 362795.64791593864),22282,56.082703,14.494195,4.408399,1.3657781,4.1127734,2.9875016,3.5573494,0.36672047,0.13342655,0.09714291,6198.71,774.0971,21.093218,78.16812,10.256581,62.08867,98.43053,13.637329,11.964993,256.8632,8.203522,14.824227,24.666454,44.617065,14.488184,9.1889,121.8813,38.54838,5.8885903,0.0,2.7702289,5062.608460452335,309.0
British Columbia,-119.5525,50.511111,0,1,0,0,0,0,0,0,0,0,0,0,0,0,0,0,0,0,0,0,0,0,0,0,0,0,0,0,0,0,0,0,0,0,0,0,0,0,0,0,0,0,0,0,0,1,0,0,0,0,0,0,0,0,0,0,0,0,0,0,0,0,0,0,0,0,0,0,0,0,0,0,0,0,0,0,0,0,0,0,0,0,0,0,0,0,0,0,0,0,0,0,0,0,0,0,0,0,0,0,0,0,0,0,0,0,0,0,POINT (-1689167.9546310813 497721.3951463675),28391,34.17399,5.882595,9.557845,2.1246815,20.755686,1.4602653,1.2244426,0.62256277,0.21211562,0.102852784,35.9243,222.29697,19.67855,23.681513,10.158865,72.812904,161.8331,149.0768,459.37836,12.081712,2.4686868,2.5807192,15.391463,32.51903,14.275111,7.5183535,90.10307,7.3861065,5.882003,0.0,2.7675493,2425.793824259397,911.0
British Columbia,-119.29444,52.759722,0,0,0,0,0,0,0,0,0,0,0,0,0,0,0,0,0,0,0,0,0,0,0,0,0,0,0,0,0,0,0,0,0,0,0,0,0,0,0,0,0,0,0,0,0,0,0,0,0,0,0,0,0,0,0,0,0,0,0,1,0,0,0,0,0,0,0,0,0,0,0,0,0,0,0,0,0,0,0,0,0,0,0,0,0,0,0,0,0,0,0,0,0,0,0,0,0,0,0,0,0,0,0,0,0,0,0,0,POINT (-1579910.076296796 720889.821579271),37994,43.446075,4.134005,4.230769,0.15960585,13.46832,1.5111747,1.5610461,0.72876894,1.5615273,0.09788727,5.5423656,89.34682,19.121128,12.900113,11.535673,50.48776,84738.09,7205.277,5.9774513,4.6599874,143.29176,20.143566,849.21313,1136.8096,22.429804,40.128105,51.23305,5973.558,5.8598123,0.0,2.7293808,894.3033572939476,926.0
British Columbia,-119.13861,49.0625,0,0,0,0,0,0,0,0,0,0,0,0,0,0,0,0,0,0,0,0,0,0,0,0,1,0,0,0,0,0,0,0,0,0,0,0,0,0,0,0,0,1,0,0,0,0,0,0,0,0,1,0,0,0,0,0,0,0,0,0,0,0,0,0,0,0,0,0,0,0,0,0,0,0,1,0,0,0,0,0,0,0,0,0,1,1,0,0,0,0,0,0,0,0,0,0,0,0,0,0,0,0,0,0,0,0,1,0,POINT (-1721598.420308782 337602.1627932621),21412,51.72308,14.6842985,9.417492,3.8673413,6.545523,3.0650198,1.3676912,0.73974466,0.17288868,0.15663737,5208.4375,116.309814,49.194706,55.957462,10.3062935,110.93722,64.276764,17.83763,13.893522,74.910286,3.0804193,3.9103615,17.727766,33.57432,20.609667,12.369753,226.70436,41.165783,5.892499,0.0,2.7715952,2881.953714149958,904.0
British Columbia,-119.06222,49.429166,0,0,0,0,0,0,0,0,0,0,0,0,0,0,0,0,0,0,0,0,0,0,0,0,0,0,0,0,0,0,0,0,0,0,0,0,0,0,0,0,0,1,0,0,0,0,0,0,0,0,1,0,0,0,0,0,0,0,0,0,0,0,0,0,0,0,0,0,0,0,0,0,0,0,0,0,0,0,0,0,0,0,0,0,0,1,0,0,0,0,0,0,0,0,0,0,0,0,0,0,0,0,0,0,0,0,1,0,POINT (-1701366.040909358 373397.16522200376),22722,59.87051,16.050339,6.1996856,2.2538176,5.0838532,3.0952268,2.9439468,0.50801045,0.18273056,0.11658862,2262.2104,296.68103,17.781805,34.99667,6.704588,70.515434,2329.1433,1081.1442,13.1173935,324.41977,4.5725155,19.618002,17.282837,38.119072,15.547325,11.548697,166.84546,41.07543,5.894517,0.0,2.7720723,3661.3294682203737,1353.0
British Columbia,-119.06111,49.432221,0,0,0,0,0,0,0,0,0,0,0,0,0,0,1,0,0,0,0,0,0,0,0,0,1,0,0,0,0,0,0,0,0,0,0,0,0,0,0,0,0,1,0,0,0,0,0,0,0,0,1,0,0,0,0,0,0,0,0,0,0,0,0,0,0,0,0,0,0,0,0,0,0,0,0,0,0,0,0,0,0,0,0,0,0,1,0,0,0,0,0,0,0,0,0,0,0,0,0,0,0,0,0,0,0,0,1,0,POINT (-1701166.056710007 373682.7046238497),22722,59.87051,16.050339,6.1996856,2.2538176,5.0838532,3.0952268,2.9439468,0.50801045,0.18273056,0.11658862,2262.2104,296.68103,17.781805,34.99667,6.704588,70.515434,2329.1433,1081.1442,13.1173935,324.41977,4.5725155,19.618002,17.282837,38.119072,15.547325,11.548697,166.84546,41.07543,5.894517,0.0,2.7720723,3862.7133323529674,1324.0
British Columbia,-118.71805,49.111944,0,0,0,0,0,0,0,0,0,0,0,0,0,0,0,0,0,0,0,0,0,0,0,0,1,0,0,0,0,0,0,0,0,0,0,0,0,0,0,0,0,1,0,0,0,0,0,0,0,0,0,0,0,0,0,0,0,0,0,0,0,0,0,0,0,0,0,0,0,0,0,0,0,0,0,0,0,0,0,0,0,0,0,0,0,1,0,0,0,0,0,0,0,0,0,0,0,0,0,0,0,0,0,0,0,0,0,0,POINT (-1691017.5147408945 331432.625790571),20979,56.774796,14.565715,6.957239,2.4113874,5.438946,3.6087244,1.7948525,0.54109114,0.15149994,0.12550212,1337.1173,4865.0693,94.86572,140.62357,10.795119,86.54818,141.92276,18.169983,5.87601,180.45897,3.770984,5.904625,19.636034,24.641985,17.694668,8.370196,176.29872,38.146515,5.8983207,0.0,2.7734516,1757.3929312995972,1027.0
British Columbia,-118.70277,49.101666,0,0,0,0,0,0,0,0,0,0,0,0,0,0,0,0,0,0,0,0,0,0,0,1,1,0,0,0,0,0,0,0,0,0,0,0,0,0,0,0,0,1,0,0,0,0,0,0,0,0,0,0,0,0,0,0,0,0,0,0,0,0,0,0,0,0,0,0,0,0,0,0,0,0,0,0,0,0,0,0,0,0,0,0,0,1,0,0,0,0,0,0,0,0,0,0,0,0,0,0,0,0,0,0,0,0,0,0,POINT (-1690395.0095304572 329962.3752265425),20979,56.774796,14.565715,6.957239,2.4113874,5.438946,3.6087244,1.7948525,0.54109114,0.15149994,0.12550212,1337.1173,4865.0693,94.86572,140.62357,10.795119,86.54818,141.92276,18.169983,5.87601,180.45897,3.770984,5.904625,19.636034,24.641985,17.694668,8.370196,176.29872,38.146515,5.8983207,0.0,2.7734516,397.0271484012595,858.0
British Columbia,-118.63972,49.091388,0,0,0,1,0,0,0,0,0,0,0,0,0,0,0,0,0,0,0,0,0,0,0,0,1,0,0,0,0,0,0,0,0,0,0,0,0,0,0,0,0,1,0,0,0,0,0,0,0,0,1,0,0,0,0,0,0,0,0,0,0,0,0,0,0,0,0,0,0,0,0,0,0,0,0,0,0,0,0,0,0,0,0,0,0,1,0,0,0,0,0,0,0,0,0,0,0,0,0,0,0,0,0,0,0,0,1,0,POINT (-1686522.7252274908 327224.2879243333),20979,56.774796,14.565715,6.957239,2.4113874,5.438946,3.6087244,1.7948525,0.54109114,0.15149994,0.12550212,1337.1173,4865.0693,94.86572,140.62357,10.795119,86.54818,141.92276,18.169983,5.87601,180.45897,3.770984,5.904625,19.636034,24.641985,17.694668,8.370196,176.29872,38.146515,5.8983207,0.0,2.7734516,4449.043861873932,1134.0
British Columbia,-118.614,49.0088,0,0,0,0,0,0,0,0,0,0,0,0,0,0,0,0,0,0,0,0,0,0,0,0,1,0,0,0,0,0,0,0,0,0,0,0,0,0,0,0,0,1,0,0,0,0,0,0,0,0,0,0,0,0,0,0,0,0,0,0,0,0,0,0,0,0,0,0,0,0,0,0,0,0,0,0,0,0,0,0,0,0,0,0,0,0,0,0,0,0,0,0,0,0,0,0,0,0,0,0,0,0,0,0,0,0,0,0,POINT (-1688104.330285976 317985.38264418236),20543,57.160694,14.793542,6.610379,2.3600543,5.4224195,3.6936104,1.85729,0.53743345,0.15776803,0.12235647,1318.1243,4894.807,95.417854,136.89847,10.785346,80.74906,142.0924,18.52946,6.0383077,172.5748,3.8147593,5.7655845,19.438192,27.451986,17.403463,8.968278,164.1494,36.791862,5.898537,0.0,2.7735758,2766.555895903304,1234.0
British Columbia,-118.59944,49.090833,0,0,0,0,0,0,0,0,0,0,0,0,0,0,0,0,0,0,0,0,0,0,0,0,1,0,0,0,0,0,0,0,0,0,0,0,0,0,0,0,0,1,0,0,0,0,0,1,0,0,1,0,0,0,0,0,0,0,0,0,0,0,0,0,0,0,0,0,0,0,0,0,0,0,0,0,0,0,0,0,0,0,0,0,0,1,0,0,0,0,0,0,0,0,0,0,0,0,0,0,0,0,0,0,0,0,0,0,POINT (-1683804.6202801967 326099.6253384314),20980,57.39877,13.159988,7.7791576,2.3605871,5.24313,3.4669263,1.8228589,0.5700102,0.14805914,0.1471175,789.165,6763.4536,110.25765,158.10156,10.892263,81.2543,2665.1917,1411.7831,4.6686025,198.33168,2.7447767,6.942568,17.958195,18.500757,14.428944,5.358905,154.63431,45.34923,5.900396,0.0,2.774077,5448.7639605587765,1494.0
British Columbia,-118.597778,49.098889,0,0,0,0,0,0,0,0,0,0,0,0,0,0,0,0,0,0,0,0,0,0,0,0,1,0,0,0,0,0,0,0,0,0,0,0,0,0,0,0,0,1,0,0,0,0,0,0,0,0,1,0,0,0,0,0,0,0,0,0,0,0,0,0,0,0,0,0,0,0,0,0,0,0,0,0,0,0,0,0,0,0,0,0,1,1,0,0,0,0,0,0,0,0,0,0,0,0,0,0,0,0,0,0,0,0,1,0,POINT (-1683366.8355836635 326890.2909862419),20980,57.39877,13.159988,7.7791576,2.3605871,5.24313,3.4669263,1.8228589,0.5700102,0.14805914,0.1471175,789.165,6763.4536,110.25765,158.10156,10.892263,81.2543,2665.1917,1411.7831,4.6686025,198.33168,2.7447767,6.942568,17.958195,18.500757,14.428944,5.358905,154.63431,45.34923,5.900396,0.0,2.774077,4583.319543235528,1393.0
British Columbia,-118.46611,51.11333,0,0,0,0,0,0,0,0,0,0,0,0,0,0,0,0,0,0,0,0,0,0,0,0,1,0,0,0,0,0,0,0,0,0,0,0,0,0,0,0,0,0,0,0,0,0,0,0,0,0,0,0,0,0,0,0,0,0,0,0,1,0,0,0,0,0,0,0,0,0,0,0,0,0,0,0,0,0,0,0,0,0,0,0,0,0,0,0,0,0,0,0,0,0,0,0,0,0,0,0,0,0,0,0,0,0,0,0,POINT (-1593934.026714142 531550.1515354752),29709,45.49948,14.155009,6.340735,0.6660501,4.5518913,3.5739872,6.3141146,0.5393414,0.2435173,0.17859145,72.65103,672.1595,38.565388,19.714117,7.3734436,82.53625,49870.48,10223.35,7.8077946,5.2599654,6.4910784,5.008852,12.310259,48.41453,16.806644,19.300419,51.65386,15.878815,5.884218,0.0,2.768871,4228.202925020177,1853.0
British Columbia,-118.42888,51.624999,0,0,0,1,0,0,0,0,0,0,0,0,0,0,1,0,0,0,0,0,0,0,0,0,1,0,0,0,0,0,0,0,0,0,0,0,0,0,0,0,0,1,0,0,0,0,0,0,0,0,0,0,0,0,0,0,0,0,0,0,0,0,0,0,0,0,0,0,0,0,0,0,0,0,0,0,0,0,0,0,0,0,0,0,0,1,0,0,0,0,0,0,0,0,0,0,0,0,0,0,0,0,0,0,0,0,1,0,POINT (-1571197.690578597 583273.8712731729),31891,36.097874,5.8740487,12.121779,0.9169958,7.9157634,2.806924,2.289124,0.47162837,0.5356487,0.26174453,8.595187,1372.1738,34.459396,26.590702,13.877482,40.94004,4072.8796,1196.4514,1.837071,5.3168707,3.635287,7.109221,7.513265,98.43654,18.212807,14.619667,54.617626,1.265272,5.8748918,0.0,2.765933,3486.0937009143818,821.0
British Columbia,-118.424,51.621667,0,0,0,1,0,0,0,0,0,0,0,0,0,0,1,0,0,0,0,0,0,0,0,0,1,0,0,0,0,0,0,0,0,0,0,0,0,0,0,0,0,1,0,0,0,0,0,0,0,0,0,0,0,0,0,0,0,0,0,0,0,0,0,0,0,0,0,0,0,0,0,0,0,0,0,0,0,0,0,0,0,0,0,0,0,1,0,0,0,0,0,0,0,0,0,0,0,0,0,0,0,0,0,0,0,0,1,0,POINT (-1571017.5694763528 582810.7044819809),31891,36.097874,5.8740487,12.121779,0.9169958,7.9157634,2.806924,2.289124,0.47162837,0.5356487,0.26174453,8.595187,1372.1738,34.459396,26.590702,13.877482,40.94004,4072.8796,1196.4514,1.837071,5.3168707,3.635287,7.109221,7.513265,98.43654,18.212807,14.619667,54.617626,1.265272,5.8748918,0.0,2.765933,2989.2540614335626,881.0
British Columbia,-117.82777,49.089721,0,0,0,0,0,0,0,0,0,0,0,0,0,0,0,0,0,0,0,0,0,0,0,0,1,0,0,0,0,0,0,0,0,0,0,0,0,0,0,0,0,1,0,0,0,0,0,0,0,0,0,0,0,0,0,0,0,0,0,0,1,0,0,0,0,0,0,0,0,0,0,0,0,0,0,0,0,0,0,0,0,0,0,0,0,0,0,0,0,0,0,0,0,0,0,0,0,0,0,0,0,0,0,1,0,0,0,0,POINT (-1631217.179941802 305874.9639911655),20113,55.509697,7.211683,15.949876,0.8937586,5.6159806,1.6645691,3.2150187,0.8589009,0.33449093,0.17704876,2547.724,1316.7402,45.55304,156.343,11.76331,89.302734,9925.068,2947.7158,70.932014,3094.6296,2.1083975,3.4762084,16.50081,23.968317,14.455918,3.0051277,177.66805,121.5677,5.913272,0.0,2.7779195,4300.893609509313,1365.0
British Columbia,-117.79138,49.086388,0,0,0,0,0,0,0,0,0,0,0,0,0,0,0,0,0,0,0,0,0,0,0,1,1,0,0,0,0,0,0,0,0,0,0,0,0,0,0,0,0,1,0,0,0,0,0,0,0,0,0,0,0,0,0,0,0,0,0,0,0,0,0,0,0,0,0,0,0,0,0,0,0,0,0,0,0,0,0,0,0,0,0,0,0,1,0,0,0,0,0,0,0,0,0,0,0,0,0,0,0,0,0,0,0,0,0,0,POINT (-1628859.1367126452 304595.4250657506),19677,53.42282,8.977918,14.337289,1.7337377,6.837221,2.0784984,2.8404553,0.8322231,0.3340436,0.17456451,3425.3271,1094.8748,40.883564,124.05774,11.808426,85.13971,12744.985,1795.0411,47.766727,4051.2542,2.1501305,2.7972884,16.276701,23.280888,13.96201,3.602518,208.88406,92.65571,5.9130664,0.0,2.7779207,4734.813069181108,1111.0
British Columbia,-117.586,50.6457,0,0,0,0,0,0,0,0,0,0,0,0,0,0,0,0,0,0,0,0,0,0,0,0,0,0,0,0,0,0,0,0,0,0,0,0,0,0,0,0,0,0,0,0,0,0,0,0,0,0,0,0,0,0,0,0,0,0,0,0,1,0,0,0,0,0,0,0,0,0,0,0,0,0,0,0,0,0,0,0,0,0,0,0,0,0,0,0,0,0,0,0,0,0,0,0,0,0,0,0,0,0,0,0,0,0,0,0,POINT (-1554701.802248706 461448.3512046513),26661,44.332752,4.1674285,16.204174,0.32456872,3.1203425,2.1763084,1.8663452,0.14536387,0.09314369,0.44624272,2996.599,1260.0316,54.895645,79.35478,13.707669,119.6087,3649.791,1012.12054,24.057161,1391.2098,4.018263,25.313797,29.916843,30.472895,15.595579,14.870416,128.06691,59.671337,5.905199,0.0,2.775537,4919.559592230382,961.0
British Columbia,-117.39611,49.784999,0,0,0,0,0,0,0,0,0,0,0,0,0,0,0,0,0,0,0,0,0,0,0,0,1,0,0,0,0,0,0,0,0,0,0,0,0,0,0,0,0,1,0,0,0,0,0,0,0,0,1,0,0,0,0,0,0,0,0,0,0,0,0,0,0,0,0,0,0,0,0,0,0,0,0,0,0,0,0,0,0,0,0,0,0,1,0,0,0,0,0,0,0,0,0,0,0,0,0,0,0,0,0,0,0,0,1,0,POINT (-1575046.3863781244 367367.41298552154),22734,41.872173,3.784743,20.747972,0.16333954,1.1273805,2.5317113,1.2102559,0.24170412,0.17068344,0.46247673,34.765625,53.887253,30.207964,29.251795,16.14353,120.47719,2717.9814,1176.5884,8.30977,362.05408,2.7887952,13.382453,29.796972,25.474012,13.818884,10.342177,197.5015,4.817646,5.925576,0.0,2.7811062,5609.741297533442,1324.0
British Columbia,-117.3625,49.789999,0,0,0,0,0,0,0,0,0,0,0,0,0,0,1,0,0,0,0,0,0,0,0,0,1,0,0,0,0,0,0,0,0,0,0,0,0,0,0,0,0,1,0,0,0,0,0,0,0,0,1,0,0,0,0,0,0,0,0,0,0,0,0,0,0,0,0,0,0,0,0,0,0,0,0,0,0,0,0,0,0,0,0,0,1,1,0,0,0,0,0,0,0,0,0,0,0,0,0,0,0,0,0,0,0,0,1,0,POINT (-1572590.034746042 367056.2968605831),22735,41.415234,3.59382,20.72308,0.005,0.57249796,2.5302227,1.1671124,0.2303536,0.16632159,0.47979164,69.57428,49.58763,19.321623,30.104557,16.279058,114.33299,3858.6418,1812.8517,8.083126,582.91833,3.1835237,17.91571,28.797043,29.155888,13.887317,10.656329,192.92978,4.93656,5.9292927,0.0,2.7821205,3920.922156913939,1594.0
British Columbia,-117.35222,49.024443,0,0,0,0,0,0,0,0,0,0,0,0,0,0,1,0,0,0,0,0,0,0,0,0,1,0,0,0,0,0,0,0,0,0,0,0,0,1,0,0,1,0,0,0,0,0,0,0,0,0,1,0,0,0,0,0,0,0,0,0,0,0,0,0,0,0,0,0,0,0,0,0,0,0,0,0,0,0,0,0,0,0,0,0,0,1,0,0,0,0,0,0,0,0,0,0,0,0,0,0,0,0,0,0,0,0,1,0,POINT (-1601160.3249936248 286986.3914601868),19244,56.492775,2.1934118,39.811584,0.620406,3.051859,2.6718369,2.7581286,0.606838,0.271814,0.15476902,886.93024,271.16174,49.3434,113.56983,14.031828,100.21967,16458.256,8274.309,11.165818,1848.0079,3.1903734,2.7386835,16.679298,19.340315,11.380468,8.250924,191.58502,1200.8224,5.921957,0.0,2.7804399,3229.371674221223,810.0
British Columbia,-117.32055,49.956111,0,0,0,0,0,0,0,0,0,0,0,0,0,0,1,0,0,0,0,0,0,0,0,0,1,0,0,0,0,0,0,0,0,0,0,0,0,0,0,0,0,1,0,0,0,0,0,0,0,0,1,0,0,0,0,0,0,0,0,0,0,0,0,0,0,0,0,0,0,0,0,0,0,0,0,0,0,0,0,0,0,0,0,0,0,1,0,0,0,0,0,0,0,0,0,0,0,0,0,0,0,0,0,0,0,0,1,0,POINT (-1563431.7846808308 383313.0570397097),23172,40.157867,2.5967324,20.192171,0.005,0.5725694,2.5468247,0.8868082,0.16519012,0.1480181,0.46113876,78.67453,69.67297,19.168247,30.140966,16.816414,114.26688,6725.325,2328.2883,7.0578685,637.8782,3.8455255,26.927147,29.502623,35.55544,14.177941,10.619102,183.06725,3.7874928,5.930258,0.0,2.7823844,4770.359221900681,1079.0
British Columbia,-117.27166,49.994999,0,0,0,0,0,0,0,0,0,0,0,0,0,0,1,0,0,0,0,0,0,0,0,0,1,0,0,0,0,0,0,0,0,0,0,0,0,0,0,0,0,1,0,0,0,0,0,0,0,0,1,0,0,0,0,0,0,0,0,0,0,0,0,0,0,0,0,0,0,0,0,0,0,0,0,0,0,0,0,0,0,0,0,0,0,1,0,0,0,0,0,0,0,0,0,0,0,0,0,0,0,0,0,0,0,0,1,0,POINT (-1558670.2245803752 386160.7084171109),23608,40.649654,3.0324624,19.107851,0.25410458,1.4125158,2.5287006,1.0049715,0.1990054,0.15216625,0.45944235,80.661674,79.98803,30.217686,30.141895,16.585054,123.373375,7520.2993,3283.4849,7.7383037,642.39453,3.7486472,25.45956,29.865246,34.433395,14.1484785,10.948722,182.80165,3.864297,5.927096,0.0,2.7815313,4063.231994251128,1481.0
British Columbia,-117.25166,49.972499,0,0,0,0,0,0,0,0,0,0,0,0,0,0,1,0,0,0,0,0,0,0,0,0,1,0,0,0,0,0,0,0,0,0,0,0,0,0,0,0,0,0,0,0,0,0,0,0,0,0,1,0,0,0,0,0,0,0,0,0,0,0,0,0,0,0,0,0,0,0,0,0,0,0,0,0,0,0,0,0,0,0,0,0,0,1,0,0,0,0,0,0,0,0,0,0,0,0,0,0,0,0,0,0,0,0,1,0,POINT (-1558182.7285272765 383328.44807634206),23172,40.157867,2.5967324,20.192171,0.005,0.5725694,2.5468247,0.8868082,0.16519012,0.1480181,0.46113876,78.67453,69.67297,19.168247,30.140966,16.816414,114.26688,6725.325,2328.2883,7.0578685,637.8782,3.8455255,26.927147,29.502623,35.55544,14.177941,10.619102,183.06725,3.7874928,5.930258,0.0,2.7823844,3792.461521522172,1389.0
British Columbia,-117.22472,49.964166,0,0,0,0,0,0,0,0,0,0,0,0,0,0,1,0,0,0,0,0,0,0,0,0,1,0,0,0,0,0,0,0,0,0,0,0,0,0,0,0,0,1,0,0,0,0,0,0,0,0,1,0,0,0,0,0,0,0,0,0,0,0,0,0,0,0,0,0,0,0,0,0,0,0,0,0,0,0,0,0,0,0,0,0,0,1,0,0,0,0,0,0,0,0,0,0,0,0,0,0,0,0,0,0,0,0,1,0,POINT (-1556689.8504625072 381801.1816278059),23172,40.157867,2.5967324,20.192171,0.005,0.5725694,2.5468247,0.8868082,0.16519012,0.1480181,0.46113876,78.67453,69.67297,19.168247,30.140966,16.816414,114.26688,6725.325,2328.2883,7.0578685,637.8782,3.8455255,26.927147,29.502623,35.55544,14.177941,10.619102,183.06725,3.7874928,5.930258,0.0,2.7823844,3768.524916227332,1439.0
British Columbia,-117.22111,49.09861,0,0,0,0,0,0,0,0,0,0,0,0,1,0,1,0,0,0,0,0,0,0,0,0,0,0,0,0,0,0,0,0,0,0,0,0,0,0,0,0,0,1,0,0,0,0,0,0,0,0,1,0,0,0,0,0,0,0,0,0,1,0,0,0,0,0,0,0,0,0,0,0,0,0,0,0,0,0,0,0,0,0,0,0,0,1,0,0,0,0,0,0,0,0,0,0,0,0,0,0,0,0,0,1,0,0,1,0,POINT (-1589332.32315791 291443.3290724273),19245,63.831635,4.1613846,21.256287,0.9853496,3.1880627,2.7533655,3.3380272,0.3687835,0.16546305,0.12600861,611.3879,201.78993,29.091225,90.19471,14.220127,94.07998,6292.5786,3126.3435,22.050524,1345.3439,4.6703753,4.6627674,14.828669,15.813714,9.677185,11.787167,120.70419,1522.7534,5.925478,0.0,2.7813923,1590.4929280606002,1299.0
British Columbia,-117.215278,50.060833,0,0,0,0,0,0,0,0,0,0,0,0,0,0,0,0,0,0,0,0,0,0,0,0,0,0,0,0,0,0,0,0,0,0,0,0,0,0,0,0,0,0,0,0,0,0,0,0,0,0,0,0,0,0,0,0,0,0,0,0,0,0,0,0,0,0,0,0,0,0,0,0,0,0,0,0,0,0,0,0,0,0,0,0,0,1,0,0,0,0,0,0,0,0,0,0,0,0,0,0,0,0,0,0,0,0,0,0,POINT (-1552390.1411262192 391634.7933608619),23609,41.177296,3.0416281,18.837942,0.234139,1.3516796,2.554152,0.98195165,0.1897506,0.14698552,0.5223086,96.28421,71.16945,27.403805,30.620924,16.057304,122.62818,7192.0503,3564.7908,7.439612,791.469,3.3642805,25.634815,28.25499,30.275372,13.461676,11.155987,163.89604,2.5401797,5.9302473,0.0,2.7824016,2895.7763016255035,2203.0
British Columbia,-117.19972,49.152222,0,0,0,0,0,0,0,0,0,0,0,0,0,0,1,0,0,0,0,0,0,0,0,0,1,0,0,0,0,0,0,0,0,0,0,0,0,0,0,0,0,1,0,0,0,0,0,0,0,0,1,0,0,0,0,0,0,0,0,0,0,0,0,0,0,0,0,0,0,0,0,0,0,0,0,0,0,0,0,0,0,0,0,0,0,1,0,0,0,0,0,0,0,0,0,1,0,0,0,0,0,0,0,0,0,0,1,0,POINT (-1585827.1208596164 296509.22193112574),19681,57.93316,6.4097295,19.288654,1.5924612,4.4016457,2.8580358,2.958308,0.53656924,0.23144567,0.15010257,627.98944,319.2192,28.595219,129.6514,14.673317,80.84337,5243.332,2716.0825,12.355392,1694.165,3.3156285,2.8613918,17.085192,17.788591,10.899184,11.219435,176.01309,1269.2212,5.926373,0.0,2.781573,5440.315218287373,1247.0
British Columbia,-117.13888,50.403055,0,0,0,0,0,0,0,0,0,0,0,0,0,0,0,0,0,0,0,0,0,0,0,0,0,0,0,0,0,0,0,0,0,0,0,0,0,0,0,0,0,1,0,0,0,0,0,0,0,0,1,0,0,0,0,0,0,0,0,0,0,0,0,0,0,0,0,0,0,0,0,0,0,0,0,0,0,0,0,0,0,0,0,0,0,1,0,0,0,0,0,0,0,0,0,0,0,0,0,0,0,0,0,0,0,0,0,0,POINT (-1534345.2236845407 425392.93577509007),25355,36.43001,1.7007468,10.554961,0.6368863,7.4720225,1.1212852,0.41700193,0.07616989,0.121928446,0.5119701,8502.357,4002.7644,99.955025,203.49254,19.258324,92.481514,10061.91,804.04596,63.841984,889.20264,1.7716769,37.454895,32.00746,112.35385,14.192522,16.979908,107.56004,23.625147,5.9184837,0.0,2.7793465,6332.720693090448,766.0
British Columbia,-117.13444,49.143055,0,0,0,0,0,0,0,0,0,0,0,0,0,0,0,0,0,0,0,0,0,0,0,0,0,0,0,0,0,0,0,0,0,0,0,0,0,0,0,0,0,1,0,0,0,0,0,0,0,0,1,0,0,0,0,0,0,0,0,0,0,0,0,0,0,0,0,0,0,0,0,0,0,0,0,0,0,0,0,0,0,0,0,0,1,1,0,0,0,0,0,0,0,0,0,0,0,0,0,0,0,0,0,0,0,0,1,0,POINT (-1581701.4019069036 293926.12604025565),19246,59.973427,5.4465528,21.999891,1.3350576,3.9149582,2.8446789,2.8468783,0.46326807,0.20918912,0.13834092,556.35406,315.82367,30.316113,116.362335,14.317137,85.08558,6347.9673,3323.863,13.37768,1522.6311,3.403822,3.2679029,15.502353,16.835257,10.178038,11.05003,164.22755,1188.9421,5.929231,0.0,2.782397,4278.588808723505,1065.0
British Columbia,-117.12722,49.974999,0,0,0,0,0,0,0,0,0,0,0,0,0,0,1,0,0,0,0,0,0,0,0,0,1,0,0,0,0,0,0,0,0,0,0,0,0,0,0,0,0,1,0,0,0,0,0,0,0,0,1,0,0,0,0,0,0,0,0,0,0,0,0,0,0,0,0,0,0,0,0,0,0,0,0,0,0,0,0,0,0,0,0,0,0,1,0,0,0,0,0,0,0,0,0,0,0,0,0,0,0,0,0,0,0,0,1,0,POINT (-1549729.7545205697 380548.62928274006),23173,39.736904,3.250349,19.607386,0.005,0.5726317,2.6093326,1.1091212,0.20865104,0.15868945,0.57488805,105.62797,52.52658,15.757413,30.952705,16.720156,114.11668,5832.1855,2831.4802,6.7410846,903.8347,3.5147066,26.120096,28.878805,31.810398,14.266756,11.748118,177.1559,4.2228594,5.933853,0.0,2.7833607,611.6711949762939,2017.0
British Columbia,-117.07527,49.907222,0,0,0,0,0,0,0,0,0,0,0,0,0,0,1,0,0,0,0,0,0,0,0,0,1,0,0,0,0,0,0,0,0,0,0,0,0,0,0,0,0,1,0,0,0,0,0,0,0,0,1,0,0,0,0,0,0,0,0,0,0,0,0,0,0,0,0,0,0,0,0,0,0,0,0,0,0,0,0,0,0,0,0,0,0,1,0,0,0,0,0,0,0,0,0,0,0,0,0,0,0,0,0,0,0,0,1,0,POINT (-1548793.8811775043 372220.2098543717),22737,40.231815,3.6186981,18.762148,0.005,0.5727256,2.6970332,1.1982764,0.22312488,0.1568481,0.6604292,123.305405,42.68027,12.1032915,31.822323,16.141273,113.94762,5168.679,2972.645,6.132173,1256.771,3.4728253,24.625921,25.487074,31.118479,13.478122,11.548247,170.07803,7.7388234,5.937252,0.0,2.7842615,2526.7090039953723,1098.0
British Columbia,-116.97916,50.947499,0,0,0,0,0,0,0,0,0,0,0,0,0,0,1,0,0,0,0,0,0,0,0,0,1,0,0,0,0,0,0,0,0,0,0,0,0,0,0,0,0,1,0,0,0,0,0,0,0,0,1,0,0,0,0,0,0,0,0,0,0,0,0,0,0,0,0,0,0,0,0,0,0,0,0,0,0,0,0,0,0,0,0,0,0,1,0,0,0,0,0,0,0,0,0,0,0,0,0,0,0,0,0,1,0,0,1,0,POINT (-1503333.490490859 478187.8586332689),27538,10.4859085,3.216723,17.088354,0.082450055,1.7263908,2.52562,1.0851928,0.16243963,0.16065466,0.2622892,2012.1975,476.97073,18.560938,39.490837,34.94012,112.42274,821.22284,1541.7397,6.873454,6186.3594,2.8490314,17.985937,18.305635,845.75555,13.234495,30.907234,73.338745,28.504229,5.900483,0.0,2.7746801,3794.194777015672,1868.0
British Columbia,-116.96472,51.371666,0,0,0,0,0,0,0,0,0,0,0,0,0,0,0,0,0,0,0,0,0,0,0,0,0,0,0,0,0,0,0,0,0,0,0,0,0,0,0,0,0,0,0,0,0,0,0,0,0,0,0,0,0,0,0,0,0,0,0,0,0,0,0,0,0,0,0,0,0,0,0,0,0,0,0,0,0,0,0,0,0,0,0,0,1,0,0,0,0,0,0,0,0,0,0,0,0,0,0,0,0,0,0,0,0,0,0,0,POINT (-1486536.5176958616 521903.4028528527),29283,13.707855,3.7762203,17.037222,0.05079408,1.2832379,2.8352349,2.301009,0.13111404,0.5503618,0.30157778,1774.5818,732.791,33.35859,48.003773,28.588545,111.24505,1063.5753,419.0033,11.733419,1952.2935,2.7460494,12.973802,13.337181,560.9763,15.705795,26.549301,54.269115,72.10138,5.8874607,0.0,2.7710683,3951.7924189791192,1562.0
British Columbia,-116.86083,49.7625,0,0,0,0,0,0,0,0,0,0,0,0,0,0,1,0,0,0,0,0,0,0,0,0,1,0,0,0,0,0,0,0,0,0,0,0,0,0,0,0,0,1,0,0,0,0,0,0,0,0,1,0,0,0,0,0,0,0,0,0,0,0,0,0,0,0,0,0,0,0,0,0,0,0,0,0,0,0,0,0,0,0,0,0,0,1,0,0,0,0,0,0,0,0,0,0,0,0,0,0,0,0,0,0,0,0,1,0,POINT (-1539756.0031018532 351915.3009275128),21866,35.21599,2.9808257,17.41384,0.005,0.57271546,2.7593985,1.0180032,0.13557571,0.13521798,1.1379981,215.6667,58.003567,15.117891,30.187042,16.75581,113.54416,6814.291,4848.22,4.7409925,1228.8695,3.7301424,38.605305,21.363724,31.021933,13.50405,14.399108,131.2816,7.8180537,5.9481254,0.0,2.7871153,1930.6204486272036,558.0
British Columbia,-116.86027,51.211111,0,0,0,0,0,0,0,0,0,0,0,0,0,0,0,0,0,0,0,0,0,0,0,0,0,0,0,0,0,0,0,0,0,0,0,0,0,0,0,0,0,0,0,0,0,0,0,0,0,0,0,0,0,0,0,0,0,0,0,0,0,0,0,0,0,0,0,0,0,0,0,0,0,0,0,0,0,0,0,0,0,0,0,0,1,0,0,0,0,0,0,0,0,0,0,0,0,0,0,0,0,0,0,0,0,0,0,0,POINT (-1485717.9392349275 502788.8235325984),28411,7.8096285,4.1545343,17.333538,0.16152161,2.8080869,2.3420534,1.9643663,0.15388659,0.50877804,0.26232696,1979.4113,518.5035,27.50338,45.631668,35.17323,111.073235,1021.9708,550.44104,11.004323,2589.6016,2.6935203,13.695487,14.459754,861.9944,15.1668215,33.755116,59.605564,59.318943,5.893489,0.0,2.7728238,5109.89954490571,1225.0
British Columbia,-116.65083,51.025277,0,0,0,0,0,0,0,1,0,0,0,0,0,0,0,0,0,0,0,0,0,0,0,0,0,0,0,0,0,0,0,0,0,0,0,0,0,0,0,0,0,0,0,0,0,0,0,0,0,0,0,0,0,0,0,0,0,0,0,0,0,0,0,0,0,0,0,0,0,0,0,0,0,0,0,0,0,0,0,0,0,0,0,0,0,0,0,0,0,0,0,0,0,0,0,0,0,0,0,0,0,0,0,0,0,0,0,0,POINT (-1478889.5789971207 478580.7217225287),27540,3.5181572,2.2110906,16.593096,0.24110541,3.8148162,2.2258682,0.13693768,0.13099134,0.24855939,0.28632045,2157.3413,655.1203,28.77977,50.78818,45.896736,107.18106,1301.264,682.2612,12.559883,2981.0703,2.030927,14.286105,17.96866,1328.8934,11.834446,37.903553,64.971405,49.68698,5.8997517,0.0,2.7747216,1802.0160255838875,1130.0
British Columbia,-116.5130921,49.09714107,0,0,0,0,0,0,0,0,0,0,0,0,0,0,0,0,0,0,0,0,0,0,0,0,0,0,0,0,0,0,0,0,0,0,0,0,0,0,0,0,0,0,0,0,0,0,0,0,0,0,0,0,1,0,0,0,0,0,0,0,0,0,0,0,0,0,0,0,0,0,0,0,0,0,0,0,0,0,0,0,0,0,0,0,0,0,0,0,0,0,0,0,0,0,0,1,0,0,0,0,0,0,0,0,0,0,0,0,POINT (-1540726.2470889522 273868.6190894857),18378,68.3481,4.3593874,5.9799037,1.7878988,1.51186,0.5213161,1.2871138,0.12174808,0.07136275,0.1259455,1031.245,115.4695,41.351368,38.242718,8.430505,61.688095,73.31434,53.697266,1.3795884,1085.7379,1.7159274,4.362,4.5619326,11.278079,3.6231523,4.5794034,106.067665,4.039738,5.9420385,0.0,2.7892632,3936.046847212899,618.0
British Columbia,-116.48527,50.93111,0,0,0,0,0,0,0,1,0,0,0,0,0,0,0,0,0,0,0,0,0,0,0,0,0,0,0,0,0,0,0,0,0,0,0,0,0,0,0,0,0,0,0,0,0,0,0,0,0,0,0,0,0,0,0,0,0,0,0,0,0,0,0,0,0,0,0,0,0,0,0,0,0,0,0,0,0,0,0,0,0,0,0,0,0,0,0,0,0,0,0,0,0,0,0,0,0,0,0,0,0,0,0,0,0,0,0,0,POINT (-1471462.6694704073 464932.70741783397),26669,3.212919,2.3023555,10.757864,0.8865099,15.994479,1.1609272,0.13351022,0.13741302,0.2436857,0.2692846,2088.4385,721.6151,26.5628,52.29695,47.173508,69.61293,1503.9517,485.36807,15.457434,2137.3367,2.0660717,13.009857,16.849695,1399.2062,11.821843,39.147987,63.38313,7.033524,5.906642,0.0,2.77673,5145.188926054168,956.0
British Columbia,-116.42499,50.340555,0,0,0,0,0,0,0,1,0,0,0,0,0,0,0,0,0,0,0,0,0,0,0,0,0,0,0,0,0,0,0,0,0,0,0,0,0,0,0,0,0,0,0,0,0,0,0,0,0,0,0,0,0,0,0,0,0,0,0,0,0,0,0,0,0,0,0,0,0,0,0,0,0,0,0,0,0,0,0,0,0,0,0,0,0,0,0,0,0,0,0,0,0,0,0,0,0,0,0,0,0,0,0,0,0,0,0,0,POINT (-1489073.472368928 401910.5821398018),24051,8.714205,2.4402535,4.3899918,1.7470977,20.456938,0.13437043,0.38827625,0.16387394,0.08539711,0.13228488,1369.4564,704.4646,27.400677,50.66441,35.395046,29.199219,1455.0913,7.611145,11.52217,4.479581,1.5919337,9.884933,8.622213,1298.8766,9.283451,30.458225,66.21986,2.3991182,5.9372115,0.0,2.7845135,2123.0642907511888,1444.0
British Columbia,-116.33055,50.829721,0,0,0,0,0,0,0,1,0,0,0,0,0,0,0,0,0,0,0,0,0,0,0,0,0,0,0,0,0,0,0,0,0,0,0,0,0,0,0,0,0,0,0,0,0,0,0,0,0,0,0,0,0,0,0,0,0,0,0,0,0,0,0,0,0,0,0,0,0,0,0,0,0,0,0,0,0,0,0,0,0,0,0,0,0,0,0,0,0,0,0,0,0,0,0,0,0,0,0,0,0,0,0,0,0,0,0,0,POINT (-1464954.6429078588 450788.097413296),26234,2.941879,2.4017467,7.5296745,1.6997609,23.462767,0.6557039,0.13042237,0.14341858,0.24310338,0.25622684,557.5253,64.92151,14.294032,22.128386,48.42716,52.429787,114.63147,342.33194,6.8440847,1516.6661,2.108256,11.81986,15.933895,1455.8003,11.813839,40.29893,61.791626,2.8279486,5.9097366,0.0,2.7776816,5016.695553069866,955.0
British Columbia,-116.00527,49.7075,0,0,0,0,0,0,0,0,0,0,0,0,0,0,0,0,0,0,0,0,0,0,0,0,1,0,0,0,0,0,0,0,0,0,0,0,0,0,0,0,0,1,0,0,0,0,0,1,0,0,1,0,0,0,0,0,0,0,0,0,0,0,0,0,0,0,0,0,0,0,0,0,0,0,0,0,0,0,0,0,0,0,0,0,0,1,0,0,0,0,0,0,0,1,0,0,0,0,0,0,1,0,0,0,0,0,1,0,POINT (-1483727.3178053244 325823.3476287086),21000,42.70047,8.912065,9.61138,2.6283922,0.83140785,2.007161,0.835688,0.5662244,0.33181292,0.16203946,163.00304,55.47679,15.121012,19.91325,32.23625,38.517162,53.174873,14.79258,1.4477514,13.609331,1.6146562,4.501545,4.384485,19.336836,5.97722,15.004915,86.762955,2.8597865,5.9931707,0.0,2.7987504,5597.880857194432,1392.0
British Columbia,-115.952649,50.510165,0,0,0,0,0,0,0,0,0,0,0,0,0,0,0,0,0,0,0,0,0,0,0,0,0,0,0,0,0,0,0,0,0,0,0,0,0,0,0,0,0,0,0,0,0,0,0,0,0,0,1,0,0,0,0,0,0,0,0,0,0,0,0,0,0,0,0,0,0,0,0,0,0,0,0,0,0,0,0,0,0,0,0,0,0,0,0,0,0,0,0,0,0,0,0,0,0,0,0,0,0,0,0,0,0,0,1,0,POINT (-1451384.2706635604 408728.3090410121),24491,2.2850122,3.0617592,5.3553004,2.315521,29.776545,0.045143448,0.13000718,0.18697254,0.10923193,0.09268341,1.0070788,20.135843,9.317163,18.445543,53.24383,24.094555,55.816727,6.268994,3.0600033,3.7548082,2.1026156,6.717583,7.3143435,1937.5714,12.401285,48.38171,53.36636,1.7973601,5.917625,0.0,2.7774367,1879.902159706137,1600.0
British Columbia,-115.87333,50.480554,0,1,0,0,0,0,0,0,0,0,0,0,0,0,0,0,0,0,0,0,0,0,0,0,0,0,0,0,0,0,0,0,0,0,0,0,0,0,0,0,0,0,0,0,0,1,0,0,0,0,0,0,0,0,0,0,0,0,0,0,0,0,0,0,0,0,0,0,0,0,0,0,0,0,0,0,0,0,0,0,0,0,0,0,0,0,0,0,0,0,0,0,0,0,0,0,0,0,0,0,0,0,0,0,0,0,0,0,POINT (-1447144.7033660344 403820.8072386638),24055,1.51777,2.830153,4.786267,1.7957588,30.675028,0.038353316,0.08207645,0.17252871,0.12169716,0.11042783,1.2345724,24.651201,11.398143,18.883152,52.89073,27.253223,57.369415,6.269614,3.503471,4.086791,2.0563004,6.590257,8.037295,1962.3275,12.034324,46.41738,54.651535,2.0531473,5.92347,0.0,2.7790906,4770.184944588584,1399.0
British Columbia,-115.67888,50.788888,0,0,0,0,0,0,0,0,0,0,0,0,0,0,0,0,0,0,0,0,0,0,0,0,0,0,0,0,0,0,0,0,0,0,0,0,0,0,0,0,0,0,0,0,0,0,0,0,0,0,0,0,0,0,1,0,0,0,0,0,0,0,0,0,0,0,0,0,0,0,0,0,0,0,0,0,0,0,0,0,0,0,0,0,0,0,0,0,0,0,0,0,0,0,0,0,0,0,0,0,0,0,0,0,0,0,0,0,POINT (-1423254.458201072 431723.9168345974),25366,1.9055737,2.7494073,3.6600516,2.1091611,30.50224,0.046439372,0.09971876,0.13305643,0.554768,0.4565669,3.9145672,16.893124,25.971584,21.640177,51.77942,47.631702,76.41378,7.464519,15.588954,3.3336382,2.7363324,11.625375,24.269957,906.70874,11.572655,35.48566,57.741722,1.6680489,5.899427,0.0,2.772648,3682.409309600893,1525.0
British Columbia,-115.60527,49.769443,0,0,0,0,0,0,0,0,0,0,0,0,0,0,1,0,0,0,0,0,0,0,0,0,1,0,0,0,0,0,0,0,0,0,0,0,0,0,0,0,0,1,0,0,0,0,0,0,0,0,1,0,0,0,0,0,0,0,0,0,0,0,0,0,0,0,0,0,0,0,0,0,0,0,0,0,0,0,0,0,0,0,0,0,0,1,0,0,0,0,0,0,0,0,0,0,0,0,0,0,0,0,0,0,0,0,1,0,POINT (-1454291.5349051445 323091.20902677905),20567,4.480536,2.5261347,3.956693,2.3125257,18.636751,0.25261438,0.19807689,0.14367817,0.4240158,0.05499316,3.3795455,54.931915,37.058178,24.985989,40.883533,56.77734,65.28529,8.807611,1.6281165,5.0138526,1.8859875,5.887563,9.455725,386.3318,7.0460753,6.6142335,88.59723,1.8007538,5.9675093,0.0,2.79414,5288.58744352559,2061.0
British Columbia,-115.51777,50.05,0,0,0,0,0,0,0,0,0,0,0,0,0,0,0,0,0,0,0,0,0,0,0,0,0,0,0,0,0,0,0,0,0,0,0,0,0,0,0,0,0,0,0,0,0,1,0,0,0,0,0,0,0,0,0,0,0,0,0,0,0,0,0,0,0,0,0,0,0,0,0,0,0,0,0,0,0,0,0,0,0,0,0,0,0,0,0,0,0,0,0,0,0,0,0,0,0,0,0,0,0,0,0,0,0,0,0,0,POINT (-1438473.4801261108 350589.4285468177),21876,1.8899132,0.6682991,0.8616072,1.8750063,29.190075,0.050517138,0.08161171,0.024961602,0.24441774,0.20206375,3.0988271,68.42634,36.16526,25.14031,40.88371,57.842953,61.579163,11.991019,3.9585924,4.755669,1.5432255,7.798956,116.71986,2043.3617,7.0460787,8.282866,80.63092,1.7411988,5.9544854,0.0,2.7917602,1636.309231708391,1401.0
British Columbia,-115.42972,49.454444,0,0,0,0,0,0,0,0,0,0,0,0,0,0,0,0,0,0,0,0,0,0,0,0,0,0,0,0,0,0,0,0,0,0,0,0,0,0,0,0,0,0,0,0,0,0,0,0,0,0,0,0,1,0,0,0,0,0,0,0,0,0,0,0,0,0,0,0,0,0,0,0,0,0,0,0,0,0,0,0,0,0,0,0,0,0,0,0,0,0,0,0,0,0,0,0,0,0,0,0,0,0,0,0,0,0,0,0,POINT (-1453367.042288626 285928.21694436634),19259,14.463873,2.751262,2.9779577,1.7268169,21.886803,0.15651748,0.38994852,0.2419321,0.6775464,0.09054516,5.9178534,39.974644,33.53167,24.581146,38.33395,55.579727,76.95347,10.261442,2.9598565,4.089602,4.2960334,5.7072463,17.275534,52.10724,6.7889576,6.398268,75.02457,1.768717,5.9574313,0.0,2.7923734,5283.632211873428,770.0
British Columbia,-115.38583,49.503333,0,0,0,0,0,0,0,0,0,0,0,0,0,0,0,0,0,0,0,0,0,0,0,0,1,0,0,0,0,0,0,0,0,0,0,0,0,0,0,0,0,1,0,0,0,0,0,0,0,0,1,0,0,0,0,0,0,0,0,0,0,0,0,0,0,0,0,0,0,0,0,0,0,0,0,0,0,0,0,0,0,0,0,0,0,1,0,0,0,0,0,0,0,0,0,0,0,0,0,0,0,0,0,0,0,0,1,0,POINT (-1448642.6111167164 290077.46132647264),19259,14.463873,2.751262,2.9779577,1.7268169,21.886803,0.15651748,0.38994852,0.2419321,0.6775464,0.09054516,5.9178534,39.974644,33.53167,24.581146,38.33395,55.579727,76.95347,10.261442,2.9598565,4.089602,4.2960334,5.7072463,17.275534,52.10724,6.7889576,6.398268,75.02457,1.768717,5.9574313,0.0,2.7923734,1359.542204182146,960.0
British Columbia,-114.89888,50.211111,0,0,0,0,0,0,0,0,0,0,0,0,0,0,0,0,0,0,0,0,0,0,1,0,0,0,0,0,0,0,0,0,0,0,0,0,0,0,0,0,0,0,0,0,0,0,0,0,0,0,0,0,0,0,0,0,0,0,0,0,0,0,0,0,0,0,0,0,0,0,0,0,0,0,0,0,0,0,0,0,0,0,0,0,0,0,0,0,0,0,0,0,0,0,0,0,0,0,0,0,0,0,0,0,0,0,0,0,POINT (-1391039.9394270184 353775.68701791443),21881,14.572676,2.2997205,2.009958,1.5735409,27.149717,0.43392754,0.34465888,0.12907115,4.08125,0.3497165,10.0,17.968056,29.03793,25.019844,40.883575,45.34972,78.75253,14.380345,10.843265,3.1898584,7.823517,18.845282,433.59116,681.0793,7.0460773,6.3641143,69.96844,1.6122543,5.926261,0.0,2.7869506,3916.307181199479,1732.0
British Columbia,-114.84138,50.194999,0,0,0,0,0,0,0,0,0,0,0,0,0,0,0,0,0,0,0,0,0,0,1,0,0,0,0,0,0,0,0,0,0,0,0,0,0,0,0,0,0,0,0,0,0,0,0,0,0,0,0,0,0,0,0,0,0,0,0,0,0,0,0,0,0,0,0,0,0,0,0,0,0,0,0,0,0,0,0,0,0,0,0,0,0,0,0,0,0,0,0,0,0,0,0,0,0,0,0,0,0,0,0,0,0,0,0,0,POINT (-1387699.3723911678 350821.9042131344),21881,14.572676,2.2997205,2.009958,1.5735409,27.149717,0.43392754,0.34465888,0.12907115,4.08125,0.3497165,10.0,17.968056,29.03793,25.019844,40.883575,45.34972,78.75253,14.380345,10.843265,3.1898584,7.823517,18.845282,433.59116,681.0793,7.0460773,6.3641143,69.96844,1.6122543,5.926261,0.0,2.7869506,2442.686809306472,2379.0
British Columbia,-114.82749,49.78611,0,0,0,0,0,0,0,0,0,0,0,0,0,0,0,0,0,0,0,0,0,0,1,0,0,0,0,0,0,0,0,0,0,0,0,0,0,0,0,0,0,0,0,0,0,0,0,0,0,0,0,0,0,0,0,0,0,0,0,0,0,0,0,0,0,0,0,0,0,0,0,0,0,0,0,0,0,0,0,0,0,0,0,0,0,0,0,0,0,0,0,0,0,0,0,0,0,0,0,0,0,0,0,0,0,0,0,0,POINT (-1400656.470838394 307391.534389161),20136,27.246088,2.6562018,0.7509678,0.6782481,27.130577,0.6010893,0.4514097,0.14724247,9.472651,0.026511213,10.0,20.327501,30.142534,25.092064,40.883465,43.10939,79.64764,16.983438,3.4748375,3.7310297,7.3543067,24.842482,111.80697,100.13804,7.0460744,6.4290686,74.36113,1.5811836,5.9339437,0.0,2.7883723,2689.6815448409816,2041.0
British Columbia,-114.77611,49.929166,0,0,0,0,0,0,0,0,0,0,0,0,0,0,0,0,0,0,0,0,0,0,1,0,0,0,0,0,0,0,0,0,0,0,0,0,0,0,0,0,0,0,0,0,0,0,0,0,0,0,0,0,0,0,0,0,0,0,0,0,0,0,0,0,0,0,0,0,0,0,0,0,0,0,0,0,0,0,0,0,0,0,0,0,0,0,0,0,0,0,0,0,0,0,0,0,0,0,0,0,0,0,0,0,0,0,0,0,POINT (-1392292.666118305 321361.21822617797),20573,27.674734,2.7374754,0.7652974,0.67521226,26.575794,0.60947704,0.4652804,0.1506292,9.394092,0.026375493,10.0,21.225647,29.80616,25.006908,40.883472,42.75667,75.29067,18.18206,3.4334538,3.7754326,8.588779,23.716492,117.22445,109.08335,7.046075,6.4108796,71.35203,1.572958,5.9289145,0.0,2.787516,2666.6210998799447,1772.0
British Columbia,-114.7145444,49.65448068,0,0,0,0,0,0,0,0,0,0,0,0,0,0,0,0,0,0,0,0,0,0,1,0,0,0,0,0,0,0,0,0,0,0,0,0,0,0,0,0,0,0,0,0,0,0,0,0,0,0,0,0,0,0,0,0,0,0,0,0,0,0,0,0,0,0,0,0,0,0,0,0,0,0,0,0,0,0,0,0,0,0,0,0,0,0,0,0,0,0,0,0,0,0,0,0,0,0,0,0,0,0,0,0,0,0,0,0,POINT (-1397388.8986726732 291006.60213046),19264,28.6735,2.2124908,0.6707437,0.7121846,26.12928,0.48700267,0.4359049,0.13624176,11.88203,0.027688898,10.0,31.068027,32.958866,26.5276,40.883377,46.421467,112.70082,17.114666,4.2090044,3.732417,5.28768,20.223938,97.70893,90.070694,7.0460715,6.457604,77.911964,1.7211624,5.931801,0.0,2.7880487,2798.7999933227497,1416.0
British Columbia,-114.6829735,49.63009712,0,0,0,0,0,0,0,0,0,0,0,0,0,0,0,0,0,0,0,0,0,0,1,0,0,0,0,0,0,0,0,0,0,0,0,0,0,0,0,0,0,0,0,0,0,0,0,0,0,0,0,0,0,0,0,0,0,0,0,0,0,0,0,0,0,0,0,0,0,0,0,0,0,0,0,0,0,0,0,0,0,0,0,0,0,0,0,0,0,0,0,0,0,0,0,0,0,0,0,0,0,0,0,0,0,0,0,0,POINT (-1396046.951988694 287736.67164651933),19264,28.6735,2.2124908,0.6707437,0.7121846,26.12928,0.48700267,0.4359049,0.13624176,11.88203,0.027688898,10.0,31.068027,32.958866,26.5276,40.883377,46.421467,112.70082,17.114666,4.2090044,3.732417,5.28768,20.223938,97.70893,90.070694,7.0460715,6.457604,77.911964,1.7211624,5.931801,0.0,2.7880487,4555.5630595273815,1359.0
British Columbia,-114.65944,49.5,0,0,0,0,0,0,0,0,0,0,0,0,0,0,0,0,0,0,0,0,0,0,1,0,0,0,0,0,0,0,0,0,0,0,0,0,0,0,0,0,0,0,0,0,0,0,0,0,0,0,0,0,0,0,0,0,0,0,0,0,0,0,0,0,0,0,0,0,0,0,0,0,0,0,0,0,0,0,0,0,0,0,0,0,0,0,0,0,0,0,0,0,0,0,0,0,0,0,0,0,0,0,0,0,0,0,0,0,POINT (-1398823.234867248 273466.2678806424),18392,26.443924,2.1750627,0.6987777,0.7410276,29.945572,0.23085365,0.65895635,0.14530107,17.958382,0.0327286,10.849127,38.493576,35.973396,27.245564,40.883286,49.22386,80.799904,14.804228,4.5647736,5.6995325,9.446726,24.406681,169.69977,110.96733,7.0460677,6.375276,76.51972,1.7839935,5.9280925,0.0,2.7874513,3660.731121752339,1989.0
Manitoba,-101.8875,54.78611111111111,0,0,0,0,0,0,0,0,0,0,0,0,0,0,1,0,0,0,0,0,0,0,0,0,1,0,0,0,0,0,0,0,0,0,0,0,0,0,0,0,0,1,0,0,0,0,0,0,0,0,0,0,0,0,0,0,0,0,0,0,0,0,0,0,0,0,0,0,0,0,0,0,0,0,0,0,0,0,0,0,0,0,0,0,0,1,0,0,0,0,0,0,0,0,0,0,0,0,0,0,0,0,0,0,0,0,1,0,POINT (-434097.38318268384 660961.9045458189),35493,55.213226,14.267392,7.6971006,4.248021,7.4546485,3.216288,0.6246406,0.5187254,0.1329569,0.15105252,3.759377,42.444397,31.925169,31.62619,17.79224,45.666187,79.74619,3.770624,1.289053,3.6604428,1.6766999,0.8735679,11.678825,23.625992,11.343112,3.0483334,167.36667,107.115746,6.0964303,0.0,2.9557462,4208.757511897828,336.0
Manitoba,-101.845,54.640277777777776,0,0,0,0,0,0,0,0,0,0,0,0,0,0,0,0,0,0,0,0,0,0,0,0,1,0,0,0,0,0,0,0,0,0,0,0,0,0,0,0,0,1,0,0,0,0,0,0,0,0,0,0,0,0,0,0,0,0,0,0,0,0,0,0,0,0,0,0,0,0,0,0,0,0,0,0,0,0,0,0,0,0,0,0,0,1,0,0,0,0,0,0,0,0,0,0,0,0,0,0,0,0,0,0,0,0,1,0,POINT (-433141.0012245496 644826.8277107636),34621,55.9101,14.747835,5.7803335,4.217888,6.0506496,3.577327,1.2712928,0.7328363,0.18128507,0.116624154,2.576282,41.683643,30.64674,40.645992,22.21151,64.44652,79.18227,4.7648325,1.5650475,3.8771102,2.9053798,1.7175305,21.184555,43.211056,19.933777,5.0331025,90.25022,235.81134,6.0778465,0.0,2.8980784,5758.77748205991,312.0
Manitoba,-101.8111111,54.81944444444445,0,0,0,0,0,0,0,0,0,0,0,0,0,0,0,0,0,0,0,0,0,0,0,0,1,0,0,0,0,0,0,0,0,0,0,0,0,0,0,0,0,1,0,0,0,0,0,0,0,0,0,0,0,0,0,0,0,0,0,0,0,0,0,0,0,0,0,0,0,0,0,0,0,0,0,0,0,0,0,0,0,0,0,0,0,1,0,0,0,0,0,0,0,0,0,0,0,0,0,0,0,0,0,0,0,0,1,0,POINT (-428912.07833173545 664064.8090448251),35493,55.213226,14.267392,7.6971006,4.248021,7.4546485,3.216288,0.6246406,0.5187254,0.1329569,0.15105252,3.759377,42.444397,31.925169,31.62619,17.79224,45.666187,79.74619,3.770624,1.289053,3.6604428,1.6766999,0.8735679,11.678825,23.625992,11.343112,3.0483334,167.36667,107.115746,6.0964303,0.0,2.9557462,4208.137565909684,318.0
Manitoba,-101.7791667,54.20555555555556,0,0,0,0,0,0,0,0,0,0,0,0,0,0,0,0,0,0,0,0,0,0,0,0,1,0,0,0,0,0,0,0,0,0,0,0,0,0,0,0,0,1,0,0,0,0,0,0,0,0,0,0,0,0,0,0,0,0,0,0,0,0,0,1,0,0,0,0,0,0,0,0,0,0,0,0,0,0,0,0,0,0,0,0,0,1,0,0,0,0,0,0,0,0,0,0,0,0,0,0,0,0,0,0,0,0,0,0,POINT (-434048.72418226505 597106.2628115593),32877,27.7323,8.303629,13.598537,7.159123,11.379425,2.2727706,1.1163954,0.71318966,0.17508245,0.1273895,0.8004061,196.71672,61.666286,28.601446,29.600248,78.16563,111.11326,2.1676888,1.4456221,3.1125026,0.8815817,0.6491217,13.03594,28.443361,16.273485,3.2450907,163.46004,0.1563596,6.0423536,0.0,2.8553581,4976.460644511133,280.0
Manitoba,-101.7305556,54.85611111111111,0,0,0,0,0,0,0,0,0,0,0,0,0,0,0,0,0,0,0,0,0,0,0,0,0,0,0,0,0,0,0,0,0,0,0,0,0,0,0,0,0,1,0,0,0,0,0,0,0,0,0,0,0,0,0,0,0,0,0,0,0,0,0,0,0,0,0,0,0,0,0,0,0,0,0,0,0,0,0,0,0,0,0,0,0,0,0,0,0,0,0,0,0,0,0,0,0,0,0,0,0,0,0,0,0,0,0,0,POINT (-423435.2448940227 667508.5114663976),35930,55.38058,14.321262,8.488663,4.229059,8.204672,2.7633307,0.8432572,0.42144033,0.11880481,0.14903988,3.6929495,32.012604,46.399826,38.275578,17.921919,70.12259,79.6443,5.8892303,1.2699691,2.78459,1.0980885,0.96589965,8.114531,17.150204,9.16734,3.3213887,188.01149,56.14088,6.113254,0.0,2.8824131,4243.639707615431,339.0
Manitoba,-101.7108333,54.72055555555556,0,0,0,0,0,0,0,0,0,0,0,0,0,0,0,0,0,0,0,0,0,0,0,0,1,0,0,0,0,0,0,0,0,0,0,0,0,0,0,0,0,1,0,0,0,0,0,0,0,0,0,0,0,0,0,0,0,0,0,0,0,0,0,0,0,0,0,0,0,0,0,0,0,0,0,0,0,0,0,0,0,0,0,0,0,1,0,0,0,0,0,0,0,0,0,0,0,0,0,0,0,0,0,0,0,0,1,0,POINT (-423758.96326841763 652647.5564828136),35058,64.00086,13.623763,6.7171497,2.7793608,4.1290913,3.8960996,0.8477762,0.4385603,0.14417587,0.122024044,2.9957254,34.639965,18.974009,29.827906,18.15132,37.075798,73.05243,5.47876,1.4458911,3.2129636,2.789538,1.4007505,16.009262,32.106617,15.728416,4.893373,96.833954,173.1568,6.0901685,0.0,2.8976877,4597.349583356593,314.0
Manitoba,-101.6430556,56.63333333333333,0,0,0,0,0,0,0,0,0,0,0,0,0,0,0,0,0,0,0,0,0,0,0,0,1,0,0,0,0,0,0,0,0,0,0,0,0,0,0,0,0,1,0,0,0,0,0,0,0,0,0,0,0,0,0,0,0,0,0,0,0,0,0,0,0,0,0,0,0,0,0,0,0,0,0,0,0,0,0,0,0,0,0,0,0,1,0,0,0,0,0,0,0,0,0,0,0,0,0,0,0,0,0,0,0,0,1,0,POINT (-397748.1533988012 859660.7349897762),44216,54.11347,14.03482,12.0663595,4.544408,6.5097933,3.0297673,0.7934137,1.1582574,0.18829964,0.17543091,4.9004507,110.44522,71.99008,36.1156,9.081408,184.17734,165.88766,7.6287127,1.5125817,5.192106,2.7816067,1.3643782,12.561073,28.272308,15.428739,4.823392,266.27045,16.375849,5.8605914,0.0,2.772034,2277.3218648991683,395.0
Manitoba,-101.069493,56.7545,0,0,0,0,0,0,0,0,0,0,0,0,0,0,0,0,0,0,0,0,0,0,0,0,1,0,0,0,0,0,0,0,0,0,0,0,0,0,0,0,0,1,0,0,0,0,0,0,0,0,0,0,0,0,0,0,0,0,0,0,0,0,0,0,0,0,0,0,0,0,0,0,0,0,0,0,0,0,0,0,1,0,0,0,0,0,0,1,0,0,0,0,0,0,0,0,0,1,0,0,0,0,0,0,0,0,1,0,POINT (-362259.39506489097 869354.6172554196),44656,55.869267,14.18044,8.751346,4.165713,8.124967,2.6818924,1.1743244,0.6208576,0.14420348,0.13376002,1.5572631,53.795906,97.74414,34.81868,10.465896,205.01059,141.10231,7.582297,1.4081599,1.9190309,2.1513944,1.0638713,10.234134,21.593647,11.901739,3.8992817,153.13385,0.47966728,5.8770547,0.0,2.7721496,2349.5671194913307,395.0
Manitoba,-101.055681,56.85108769,0,0,0,0,0,0,0,0,0,0,0,0,0,0,0,0,0,0,0,0,0,0,0,0,0,0,0,0,0,0,0,0,0,0,0,0,0,0,0,0,0,1,0,0,0,0,0,0,0,0,0,0,0,0,0,0,0,0,0,0,0,0,0,0,0,0,0,0,0,0,0,0,0,0,0,0,0,0,0,0,0,0,0,0,0,0,0,0,0,0,0,0,0,0,0,0,0,0,0,0,0,0,0,0,0,0,0,0,POINT (-360438.4907953086 879737.6396959214),45092,50.23315,15.297389,7.51658,5.3685617,10.88675,2.2529166,0.59506774,0.45918682,0.089363575,0.12568383,2.3035183,43.76535,85.86316,40.065506,10.5671,89.12159,58.66308,3.8377905,1.1025965,1.9238813,0.9663294,0.39429176,6.369314,14.522071,8.0674715,2.8788602,126.529144,1.4077013,5.866151,0.0,2.7694926,510.9671685616626,335.0
Manitoba,-100.9916667,55.03472222222222,0,0,0,0,0,0,0,0,0,0,0,0,0,0,0,0,0,0,0,0,0,0,0,0,0,0,0,0,0,0,0,0,0,0,0,0,0,0,0,0,0,1,0,0,0,0,0,0,0,0,0,0,0,0,0,0,0,0,0,0,0,0,0,0,0,0,0,0,0,0,0,0,0,0,0,0,0,0,0,0,0,0,0,0,0,0,0,0,0,0,0,0,0,0,0,0,0,0,0,0,0,0,0,0,0,0,0,0,POINT (-375260.9986892262 682281.9571617211),36370,65.57553,12.83362,3.9168956,1.4116299,3.873484,2.8360946,2.7996976,0.3302427,0.07561751,0.06597836,2.4165254,90.558464,65.11202,35.196373,22.181387,170.49924,77.456696,9.712114,0.78465945,6.0666084,6.1668243,1.8265481,18.328472,39.12712,19.25076,5.6090107,103.04444,5.787044,6.0969167,0.0,2.834424,5259.853994717912,342.0
Manitoba,-100.9391667,56.88527777777778,0,0,0,0,0,0,0,0,0,0,0,0,0,0,0,0,0,0,0,0,0,0,0,0,0,0,0,0,0,0,0,0,0,0,0,0,0,0,0,0,0,1,0,0,0,0,0,0,0,0,0,0,0,0,0,0,0,0,0,0,0,0,0,0,0,0,0,0,0,0,0,0,0,0,0,0,0,0,0,0,0,0,0,0,0,1,0,0,0,0,0,0,0,0,0,0,0,0,0,0,0,0,0,0,0,0,0,0,POINT (-353177.03240938106 882787.1012138003),45093,53.144447,14.419159,9.557362,4.905629,9.038216,2.5021403,0.89197433,0.7638376,0.12608452,0.1323885,1.6980639,44.02859,120.77746,40.689026,10.974966,236.60626,174.48576,6.125824,1.6553012,1.8446814,1.6564578,0.8332289,10.134888,21.26712,11.990099,4.170443,211.11116,11.374361,5.873258,0.0,2.7701864,4226.431400217152,327.0
Manitoba,-100.669,54.569,0,0,0,0,0,0,0,0,0,0,0,0,0,0,0,0,0,0,0,0,0,0,0,0,1,0,0,0,0,0,0,0,0,0,0,0,0,0,0,0,0,1,0,0,0,0,0,0,0,0,0,0,0,0,0,0,0,0,0,0,0,0,0,0,0,0,0,0,0,0,0,0,0,0,0,0,0,0,0,0,0,0,0,0,0,1,0,0,0,0,0,0,0,0,0,0,0,0,0,0,0,0,0,0,0,0,1,0,POINT (-359636.7811166501 629743.2421221823),34192,60.036552,12.986269,5.716091,3.2074683,5.4914103,3.310084,0.36185652,0.55774814,0.096970804,0.11585172,72.216385,65.25188,73.889595,24.086718,33.908134,205.9561,105.98279,3.7965827,3.4665658,3.7009196,0.8116112,0.8647867,6.238681,15.433375,11.679213,2.5262299,112.60284,9.590372,6.053985,0.0,2.8350043,445.1568964896008,294.0
Manitoba,-100.49,54.855,0,0,0,0,0,0,0,0,0,0,0,0,0,0,0,0,0,0,0,0,0,0,0,0,1,0,0,0,0,0,0,0,0,0,0,0,0,0,0,0,0,0,0,0,0,0,0,0,0,0,0,0,0,0,0,0,0,0,0,0,0,0,0,0,0,0,0,0,0,0,0,0,0,0,0,0,0,0,0,0,0,0,0,0,0,0,0,0,0,0,0,0,0,0,0,0,0,0,0,0,0,0,0,0,0,0,1,0,POINT (-345615.31882399385 659887.7662652028),35501,53.920383,13.468286,7.5126443,5.142673,8.996579,2.2880821,0.92349225,0.68347293,0.11595234,0.16678548,133.99756,68.76715,110.82097,35.89304,33.396156,328.95312,79.51131,3.6459646,1.1951994,4.6325884,1.4702892,0.92809033,7.791271,17.931639,10.925435,3.5338652,213.6718,56.613747,6.058293,0.0,2.8296885,4386.307740385972,312.0
Manitoba,-100.4013889,54.575,0,0,0,0,0,0,0,0,0,0,0,0,0,0,0,0,0,0,0,0,0,0,0,0,1,0,0,0,0,0,0,0,0,0,0,0,0,0,0,0,0,1,0,0,0,0,0,0,0,0,0,0,0,0,0,0,0,0,0,0,0,0,0,0,0,0,0,0,0,0,0,0,0,0,0,0,0,0,0,0,0,0,0,0,0,1,0,0,0,0,0,0,0,0,0,0,0,0,0,0,0,0,0,0,0,0,1,0,POINT (-342645.95558667695 628919.3582499113),34194,55.59922,13.524818,6.755595,3.8895063,5.8536677,3.29242,0.7844154,0.7788838,0.11412523,0.15572867,122.90679,64.72289,47.96753,33.655,36.953896,47.355892,370.55725,8.907965,8.247172,9.7457905,1.0745848,3.3271947,10.059037,22.988365,13.9199505,2.7316248,245.92738,53.074482,6.0458474,0.0,2.826507,2858.0961053989845,284.0
Manitoba,-100.155,54.862,0,0,0,0,0,0,0,0,0,0,0,0,0,0,0,0,0,0,0,0,0,0,0,0,1,0,0,0,0,0,0,0,0,0,0,0,0,0,0,0,0,1,0,0,0,0,0,0,0,0,0,0,0,0,0,0,0,0,0,0,0,0,0,0,0,0,0,0,0,0,0,0,0,0,0,0,0,0,0,0,0,0,0,0,0,1,0,0,0,0,0,0,0,0,0,0,0,0,0,0,0,0,0,0,0,0,1,0,POINT (-324511.647081763 658885.1474413502),35504,56.532597,14.704957,10.320937,3.0775478,4.352378,2.7899094,1.8529903,0.44552687,0.06972171,0.19606173,315.5093,111.50392,30.76607,28.444424,45.11537,43.186356,110.72446,5.4015536,0.7970705,206.0529,1.3826903,0.82521415,7.6055446,16.173462,7.947997,2.8323886,226.3178,65.31966,6.042997,0.0,2.8184068,4647.372335332776,306.0
Manitoba,-100.1166667,54.83472222222223,0,0,0,0,0,0,0,0,0,0,0,0,0,0,0,0,0,0,0,0,0,0,0,0,1,0,0,0,0,0,0,0,0,0,0,0,0,0,0,0,0,0,0,0,0,0,0,0,0,0,0,0,0,0,0,0,0,0,0,0,0,0,0,0,0,0,0,0,0,0,0,0,0,0,0,0,0,0,0,0,0,0,0,0,0,0,0,0,0,0,0,0,0,0,0,0,0,0,0,0,0,0,0,0,0,0,1,0,POINT (-322343.24042305996 655719.7050834652),35504,56.532597,14.704957,10.320937,3.0775478,4.352378,2.7899094,1.8529903,0.44552687,0.06972171,0.19606173,315.5093,111.50392,30.76607,28.444424,45.11537,43.186356,110.72446,5.4015536,0.7970705,206.0529,1.3826903,0.82521415,7.6055446,16.173462,7.947997,2.8323886,226.3178,65.31966,6.042997,0.0,2.8184068,4879.716484749903,312.0
Manitoba,-100.1027778,54.859722222222224,0,0,0,0,0,0,0,0,0,0,0,0,0,0,0,0,0,0,0,0,0,0,0,0,1,0,0,0,0,0,0,0,0,0,0,0,0,0,0,0,0,1,0,0,0,0,0,0,0,0,0,0,0,0,0,0,0,0,0,0,0,0,0,0,0,0,0,0,0,0,0,0,0,0,0,0,0,0,0,0,0,0,0,0,0,1,0,0,0,0,0,0,0,0,0,0,0,0,0,0,0,0,0,0,0,0,1,0,POINT (-321251.24950141105 658372.011142156),35504,56.532597,14.704957,10.320937,3.0775478,4.352378,2.7899094,1.8529903,0.44552687,0.06972171,0.19606173,315.5093,111.50392,30.76607,28.444424,45.11537,43.186356,110.72446,5.4015536,0.7970705,206.0529,1.3826903,0.82521415,7.6055446,16.173462,7.947997,2.8323886,226.3178,65.31966,6.042997,0.0,2.8184068,2053.282448190816,303.0
Manitoba,-100.0333333,54.85833333333333,0,0,0,0,0,0,0,0,0,0,0,0,0,0,0,0,0,0,0,0,0,0,0,0,0,0,0,0,0,0,0,0,0,0,0,0,0,0,0,0,0,1,0,0,0,0,0,0,0,0,0,0,0,0,0,0,0,0,0,0,0,0,0,0,0,0,0,0,0,0,0,0,0,0,0,0,0,0,0,0,0,0,0,0,0,0,0,0,0,0,0,0,0,0,0,0,0,0,0,0,0,0,0,0,0,0,0,0,POINT (-316900.47881926363 657872.3896756257),35504,56.532597,14.704957,10.320937,3.0775478,4.352378,2.7899094,1.8529903,0.44552687,0.06972171,0.19606173,315.5093,111.50392,30.76607,28.444424,45.11537,43.186356,110.72446,5.4015536,0.7970705,206.0529,1.3826903,0.82521415,7.6055446,16.173462,7.947997,2.8323886,226.3178,65.31966,6.042997,0.0,2.8184068,3759.4508549811376,295.0
Manitoba,-99.94166667,54.85277777777778,0,0,0,0,0,0,0,0,0,0,0,0,0,0,0,0,0,0,0,0,0,0,0,0,1,0,0,0,0,0,0,0,0,0,0,0,0,0,0,0,0,1,0,0,0,0,0,0,0,0,0,0,0,0,0,0,0,0,0,0,0,0,0,0,0,0,0,0,0,0,0,0,0,0,0,0,0,0,0,0,0,0,0,0,0,1,0,0,0,0,0,0,0,0,0,0,0,0,0,0,0,0,0,0,0,0,1,0,POINT (-311187.9479046886 656814.7045969433),35505,59.324486,14.0289135,11.144117,2.8924172,2.6779912,2.762262,1.307942,0.553426,0.07259325,0.22959276,223.89473,138.92838,19.924593,22.230806,49.520885,30.260817,81.620346,4.6419125,0.9278465,110.29901,1.6163473,1.4006765,7.4640155,16.238293,7.0046673,2.938862,281.1004,34.71077,6.0042496,0.0,2.8092468,3399.6938249644863,293.0
Manitoba,-99.63722222,56.475,0,0,0,0,0,0,0,0,0,0,0,0,0,0,0,0,0,0,0,0,0,0,0,0,1,0,0,0,0,0,0,0,0,0,0,0,0,0,0,0,0,0,0,0,0,0,0,0,0,0,0,0,0,0,0,0,0,0,0,0,0,0,0,0,0,0,0,0,0,0,0,0,0,0,0,0,0,0,0,0,0,0,0,0,0,0,0,0,0,0,0,0,0,0,0,0,0,0,0,0,0,0,0,0,0,0,1,0,POINT (-279164.8405003266 831816.5645707081),42920,67.591125,13.683328,5.626245,1.0658357,1.7028037,3.3502915,3.4102178,0.34589392,0.100532636,0.1613646,4.400487,34.5424,20.080793,6.089929,15.5709715,12.629526,31.727732,7.4579387,1.7798042,4.2092533,9.970998,2.0448797,25.287968,49.089268,18.963093,5.6264186,33.41153,0.48992962,5.9739904,0.0,2.788013,1999.268109090732,291.0
Manitoba,-99.46388889,50.23611111111112,0,0,0,0,0,0,0,0,0,0,0,0,0,0,0,0,0,0,0,0,0,0,0,0,0,0,0,0,0,0,0,0,0,0,0,0,0,0,0,0,0,0,0,0,0,0,0,0,0,0,0,0,0,0,0,0,0,0,0,0,0,0,0,0,0,0,0,0,0,0,0,0,0,0,0,0,0,0,0,1,0,0,0,0,0,0,0,0,0,0,0,0,0,0,0,0,0,0,0,0,0,0,0,0,0,0,0,0,POINT (-316744.5820880053 148280.65859575625),13268,57.00173,14.370283,8.505339,3.7749524,6.3760276,3.4443812,1.633754,0.61344546,0.09170802,0.120860994,1842.4872,156.4049,170.35484,37.67606,24.467537,687.1644,69.108246,4.61301,0.931021,2.2259314,3.2617192,1.0299455,11.884437,23.894539,10.867249,3.458474,159.75475,0.42968762,6.112498,0.0,2.795961,3681.458243146421,373.0
Manitoba,-98.83722222,54.70222222222223,0,0,0,0,0,0,0,0,0,0,0,0,0,0,0,0,0,0,0,0,0,0,0,0,1,0,0,0,0,0,0,0,0,0,0,0,0,0,0,0,0,0,0,0,0,0,0,0,0,0,0,0,0,0,0,0,0,0,0,0,0,0,0,1,0,0,0,0,0,0,0,0,0,0,0,0,0,0,0,0,0,0,0,0,0,0,0,0,0,0,0,0,0,0,0,0,0,0,0,0,0,0,0,0,0,0,0,0,POINT (-242727.03862894597 635592.3923321587),34640,52.55068,7.8821645,9.671321,7.7568307,3.8192403,2.5775256,1.5322808,0.30279118,0.11366589,0.13543105,3253.2632,80.64615,1495.9636,64.787926,34.741264,1449.9766,75.00234,44.737457,4.0357294,2.3847136,8.758974,1.3766332,21.58104,39.61834,14.933074,6.5352416,49.987297,0.6406051,6.000189,0.0,2.7887483,5183.035818342818,243.0
Manitoba,-98.775,51.41611111111111,0,0,0,0,0,0,0,0,0,0,0,0,0,0,0,0,0,0,0,0,0,0,0,0,0,0,0,0,0,0,0,0,0,0,0,0,0,0,0,0,0,0,0,0,0,0,0,0,0,0,0,1,1,0,0,0,0,0,0,0,0,0,0,0,0,0,0,0,0,0,0,0,0,0,0,0,0,0,0,0,0,0,0,0,0,0,0,0,0,0,0,0,0,0,0,0,0,0,0,0,0,0,0,0,0,0,0,0,POINT (-260191.36112143513 275279.41547546553),18942,62.622334,14.450407,7.072271,1.6920439,4.842395,3.450192,2.7384715,0.732108,0.2690684,0.10420183,4666.0664,56.259117,28.534567,16.677015,22.62903,42.478016,74.22205,8.432255,1.1873571,2.2318158,6.5877023,1.5685328,35.72229,74.5354,32.7814,9.455599,119.98486,0.42901272,6.1144333,0.0,2.7966027,4724.446434329907,250.0
Manitoba,-98.73333333,50.57638888888889,0,0,0,0,0,0,0,0,0,0,0,0,0,0,0,0,0,0,0,0,0,0,0,0,0,0,0,0,0,0,0,0,0,0,0,0,0,0,0,0,0,0,0,0,0,1,0,0,0,0,0,0,0,0,0,0,0,0,0,0,0,0,0,0,0,0,0,0,0,0,0,0,0,0,0,0,0,0,0,0,0,0,0,0,0,0,0,0,0,0,0,0,0,0,0,0,0,0,0,0,0,0,0,0,0,0,0,0,POINT (-262763.03366864554 182529.30760514483),14582,57.68831,14.568164,7.5087667,3.5521302,6.183422,3.4955063,1.6414895,0.5874895,0.09286921,0.11712554,1.9212291,157.46964,119.20209,29.364067,19.548824,192.01083,76.94244,4.6137176,0.93120986,2.560603,3.280235,1.033075,11.994289,23.981535,10.830145,3.2152874,155.57744,0.43047953,6.1184545,0.0,2.795828,3745.9523726493258,272.0
Manitoba,-98.72083333,50.56111111111111,0,0,0,0,0,0,0,0,0,0,0,0,0,0,0,0,0,0,0,0,0,0,0,0,0,0,0,0,0,0,0,0,0,0,0,0,0,0,0,0,0,0,0,0,0,1,0,0,0,0,0,0,0,0,0,0,0,0,0,0,0,0,0,0,0,0,0,0,0,0,0,0,0,0,0,0,0,0,0,0,0,0,0,0,0,0,0,0,0,0,0,0,0,0,0,0,0,0,0,0,0,0,0,0,0,0,0,0,POINT (-261983.03825552596 180790.9742044785),14582,57.68831,14.568164,7.5087667,3.5521302,6.183422,3.4955063,1.6414895,0.5874895,0.09286921,0.11712554,1.9212291,157.46964,119.20209,29.364067,19.548824,192.01083,76.94244,4.6137176,0.93120986,2.560603,3.280235,1.033075,11.994289,23.981535,10.830145,3.2152874,155.57744,0.43047953,6.1184545,0.0,2.795828,2135.0411243101325,269.0
Manitoba,-98.6576,54.878,0,0,0,0,0,0,0,0,0,0,0,0,0,0,0,0,0,0,0,0,0,0,0,1,1,0,0,0,0,0,0,0,0,0,0,0,0,0,0,0,0,0,0,0,0,0,0,0,0,0,0,0,0,0,0,0,0,0,0,0,0,0,0,1,0,0,0,0,0,1,0,0,0,0,0,0,0,0,0,0,0,0,0,0,0,0,0,0,0,0,0,0,0,0,0,0,0,0,0,0,0,0,0,0,0,0,0,0,POINT (-230273.82139253226 654098.4537238341),35077,51.029976,5.133589,6.8579817,11.656771,2.4004738,1.6886193,1.5004033,0.26593795,0.073104404,0.123889744,8871.852,262.43643,3421.3577,90.010345,31.773441,1103.321,84.93495,15.442676,5.272291,1.6622546,8.611063,1.2976569,21.860214,40.401543,14.953808,5.8780613,70.49736,0.5414663,6.0054755,0.0,2.7863133,4107.806231877865,229.0
Manitoba,-98.26666667,49.21666666666667,0,0,0,0,0,0,0,0,0,0,1,0,0,0,0,0,0,0,0,0,0,0,0,0,0,0,0,0,0,0,0,0,0,0,0,0,0,0,0,0,0,0,0,0,0,0,0,0,0,0,0,0,0,0,0,0,0,0,0,0,0,0,0,0,0,0,0,0,0,0,0,0,0,0,0,0,0,0,0,0,0,0,0,0,0,0,0,0,0,0,0,0,0,0,0,0,0,0,0,0,0,0,0,0,0,0,0,0,POINT (-237686.3454605234 30190.684957638314),8044,64.30572,15.2815695,5.008127,1.9376942,4.030065,4.1457047,2.6885605,0.48745388,0.13175683,0.10654969,2.718991,27.10303,61.70348,15.943128,18.151278,116.314995,55.56665,9.769963,1.0,6.266391,6.8869014,2.037752,21.099577,43.95298,16.809689,15.757499,100.85731,0.5948749,6.2320046,0.0,2.8229704,2321.328545750143,414.0
Manitoba,-97.927009,55.701479,0,0,0,0,0,0,0,0,0,0,0,0,0,0,0,0,0,0,0,0,0,0,0,1,1,0,0,0,0,0,0,0,0,0,0,0,0,0,0,0,0,0,0,0,0,0,0,0,0,0,0,0,0,0,0,0,0,0,0,0,0,0,0,1,0,0,0,0,0,1,0,0,0,0,0,0,0,0,0,0,0,0,0,0,0,0,0,0,0,0,0,0,0,0,0,0,0,0,0,0,0,0,0,0,0,0,0,0,POINT (-180179.52443702263 741500.9159825471),39006,59.717842,3.7499592,6.169066,3.2094858,1.6785973,0.81194234,1.0901428,0.185438,0.20346631,0.0631152,474.401,2191.6785,11890.179,380.98727,20.376623,348.30746,74.62963,8.037572,0.71061486,5.4375215,2.406086,0.35590807,14.410461,26.798183,11.651372,1.6694323,82.46751,0.1802311,6.1046987,0.0,2.7909904,1511.7219853490656,200.0
Manitoba,-97.92472222,55.70222222222223,0,0,0,0,0,0,0,0,0,0,0,0,0,0,0,0,0,0,0,0,0,0,0,1,1,0,0,0,0,0,0,0,0,0,0,0,0,0,0,0,0,1,0,0,0,0,0,0,0,0,0,0,0,0,0,0,0,0,0,0,0,0,0,1,0,0,0,0,0,1,0,0,0,0,0,0,0,0,0,0,0,0,0,0,0,1,0,0,0,0,0,0,0,0,0,0,0,0,0,0,0,0,0,0,0,0,0,0,POINT (-180035.12982327573 741575.4001502522),39006,59.717842,3.7499592,6.169066,3.2094858,1.6785973,0.81194234,1.0901428,0.185438,0.20346631,0.0631152,474.401,2191.6785,11890.179,380.98727,20.376623,348.30746,74.62963,8.037572,0.71061486,5.4375215,2.406086,0.35590807,14.410461,26.798183,11.651372,1.6694323,82.46751,0.1802311,6.1046987,0.0,2.7909904,1575.8581190265572,205.0
Manitoba,-97.85388889,55.71861111,0,0,0,0,0,0,0,0,0,0,0,0,0,0,0,0,0,0,0,0,0,0,0,1,1,0,0,0,0,0,0,0,0,0,0,0,0,0,0,0,0,1,0,0,0,0,0,0,0,0,0,0,0,0,0,0,0,0,0,0,0,0,0,1,0,0,0,0,0,1,0,0,0,0,0,0,0,0,0,0,0,0,0,0,0,1,0,0,0,0,0,0,0,0,0,0,0,0,0,0,0,0,0,0,0,0,0,0,POINT (-175597.6964180557 743162.6404176435),39006,59.717842,3.7499592,6.169066,3.2094858,1.6785973,0.81194234,1.0901428,0.185438,0.20346631,0.0631152,474.401,2191.6785,11890.179,380.98727,20.376623,348.30746,74.62963,8.037572,0.71061486,5.4375215,2.406086,0.35590807,14.410461,26.798183,11.651372,1.6694323,82.46751,0.1802311,6.1046987,0.0,2.7909904,5420.251036771665,206.0
Manitoba,-97.27,49.45666,0,0,0,0,0,0,0,0,0,0,0,0,0,0,0,0,0,0,0,0,0,0,0,0,0,0,0,0,0,0,0,0,0,0,0,0,0,0,0,0,0,0,0,0,0,1,0,0,0,0,0,0,0,0,0,0,0,0,0,0,0,0,0,0,0,0,0,0,0,0,0,0,0,0,0,0,0,0,0,0,0,0,0,0,0,0,0,0,0,0,0,0,0,0,0,0,0,0,0,0,0,0,0,0,0,0,0,0,POINT (-164254.17915755216 53673.840277793504),8924,66.156265,15.40375,4.382737,1.3512853,3.3348818,4.402258,2.7164495,0.4019453,0.107020795,0.10050747,2.6746764,25.645262,48.452465,13.4874525,17.984707,85.90406,49.044785,9.621482,1.0,6.3184824,6.5632906,2.0295677,17.844809,36.981426,14.085415,17.738863,88.57134,0.8123863,6.234272,0.0,2.8213487,5620.659198325384,237.0
Manitoba,-97.15324002,49.84137522,0,0,0,0,0,0,0,0,0,0,0,0,0,0,0,0,0,0,0,0,0,0,0,0,0,0,0,0,0,0,0,0,0,0,0,0,0,0,0,0,0,0,0,0,0,0,0,0,0,0,0,1,0,0,0,0,0,0,0,0,0,0,0,0,0,0,0,0,0,0,0,0,0,0,0,0,0,0,0,0,0,0,0,0,0,0,0,0,0,0,0,0,0,0,0,0,0,0,0,0,0,0,0,0,0,0,0,0,POINT (-154364.22060804712 96039.14583410093),11105,64.27775,15.276059,5.0341964,1.948233,4.054656,4.1243954,2.6850905,0.48780233,0.13128218,0.10723711,2.6705847,27.477365,61.5764,16.12502,18.199142,116.83827,55.52364,9.730543,1.0,6.255895,6.848973,2.0306969,20.967594,43.678055,16.708172,15.814488,101.83719,0.599047,6.233089,0.0,2.820998,5893.859936761337,227.0
Manitoba,-96.44856599,51.20694155,0,0,0,0,0,0,0,0,0,0,0,0,0,0,0,0,0,0,0,0,0,0,0,0,0,0,0,0,0,0,0,0,0,0,0,0,0,0,0,0,0,0,0,0,0,0,0,0,0,0,0,0,0,0,0,0,0,0,0,0,0,0,0,0,0,0,0,0,0,0,0,0,0,0,0,0,0,0,0,0,0,0,0,0,1,0,0,0,0,0,0,0,0,0,0,0,0,0,0,0,0,0,0,0,0,0,0,0,POINT (-100417.73726391939 245622.03330916783),17650,56.30073,14.630465,8.118334,4.0177245,6.7199745,3.3337445,0.9760279,0.7084648,0.1098496,0.12996094,5.505696,229.4381,107.38288,30.983442,19.518438,184.80627,82.666664,5.0318356,0.95474136,2.5596106,1.9561716,0.48762107,10.981184,22.705175,11.711753,3.164965,176.45079,0.4413073,6.2215066,0.0,2.8360047,4398.088705566563,255.0
Manitoba,-95.68477857,51.02598737,0,0,0,0,0,0,0,0,0,0,0,0,0,0,0,0,0,0,0,0,0,0,0,0,0,0,0,0,0,0,0,0,0,0,0,0,0,0,0,0,0,1,0,0,0,0,0,0,0,0,0,0,0,0,0,0,0,0,0,0,0,0,0,0,0,0,0,0,0,0,0,0,0,0,0,0,0,0,0,0,0,0,0,0,0,0,0,0,0,0,0,0,0,0,0,0,0,0,0,0,0,0,0,0,0,0,0,0,POINT (-47688.58913321733 224758.26211543696),16347,59.68156,15.105387,6.9234614,3.9375596,6.2898355,2.848202,1.6219153,0.47207472,0.11552206,0.10187244,8.429652,54.178806,88.59004,20.59085,23.053375,102.868866,55.395546,4.9907293,0.9878882,3.4251204,5.440716,1.4957931,12.088299,26.78848,12.043672,5.3529787,111.868904,0.47459093,6.2339263,0.0,2.8176596,5289.780714919218,257.0
Manitoba,-95.66777778,51.01777777777777,0,0,0,0,0,0,0,0,0,0,0,0,0,0,0,0,0,0,0,0,0,0,0,0,0,0,0,0,0,0,0,0,0,0,0,0,0,0,0,0,0,1,0,0,0,0,0,0,0,0,0,0,0,0,0,0,0,0,0,0,0,0,0,0,0,0,0,0,0,0,0,0,0,0,0,0,0,0,0,0,0,0,0,0,0,0,0,0,0,0,0,0,0,0,0,0,0,0,0,0,0,0,0,0,0,0,0,0,POINT (-46514.200918290495 223839.12489984848),16347,59.68156,15.105387,6.9234614,3.9375596,6.2898355,2.848202,1.6219153,0.47207472,0.11552206,0.10187244,8.429652,54.178806,88.59004,20.59085,23.053375,102.868866,55.395546,4.9907293,0.9878882,3.4251204,5.440716,1.4957931,12.088299,26.78848,12.043672,5.3529787,111.868904,0.47459093,6.2339263,0.0,2.8176596,5185.249983342148,251.0
Manitoba,-95.6216,51.0258,0,0,0,0,0,0,0,0,0,0,0,0,0,0,0,0,0,0,0,0,0,0,0,0,0,0,0,0,0,0,0,0,0,0,0,0,0,0,0,0,0,1,0,0,0,0,0,0,0,0,0,0,0,0,0,0,0,0,0,0,0,0,0,0,0,0,0,0,0,0,0,0,0,0,0,0,0,0,0,0,0,0,0,0,0,0,0,0,0,0,0,0,0,0,0,0,0,0,0,0,0,0,0,0,0,0,0,0,POINT (-43289.12667576068 224692.38880924208),16348,61.28875,15.457358,6.0821233,3.089754,5.0991507,2.304701,2.9404383,0.39031735,0.10008022,0.0913461,10.296242,49.70165,52.29275,15.89009,25.882017,56.930843,56.10746,3.9206247,1.0,2.97939,9.354926,2.592328,11.332206,26.951683,12.022615,8.008646,90.91705,1.0319797,6.2344017,0.0,2.817439,5730.140712897177,273.0
Manitoba,-95.4525,50.42861111111111,0,0,0,0,0,0,0,0,0,0,0,0,0,0,0,0,0,1,0,0,0,0,0,0,0,0,0,0,0,0,0,0,0,0,0,0,0,0,0,0,0,0,0,0,0,0,0,0,0,0,0,0,0,0,0,0,0,0,0,0,0,0,0,0,0,0,0,0,0,0,0,0,0,0,0,0,0,0,0,0,0,0,0,0,0,0,0,0,0,0,0,0,0,0,0,0,1,0,0,0,0,0,0,0,0,0,0,0,POINT (-31982.60810692784 158582.11425264014),13733,65.26839,14.100066,5.3531857,1.9490284,4.586243,3.510389,2.2220955,0.47119385,0.1245406,0.1261056,2.0457373,35.546,61.135876,15.804185,13.882981,109.10105,58.296574,9.3354225,1.0721173,6.833376,6.0506945,1.7987952,17.939941,38.40626,15.201336,15.315552,99.49946,0.8775124,6.2362843,0.0,2.8179584,2437.560255181821,313.0
Manitoba,-95.44555556,50.469166666666666,0,0,0,0,0,0,0,0,0,0,0,0,0,0,0,0,0,0,0,0,0,0,0,0,1,0,0,0,0,0,0,0,0,0,0,0,0,0,0,0,0,0,0,0,0,0,0,0,0,0,0,0,0,0,0,0,0,0,0,0,0,0,0,1,0,0,0,0,0,0,0,0,0,0,0,0,0,0,0,0,0,0,0,0,0,0,0,0,0,0,0,0,0,0,0,0,0,0,0,0,0,0,0,0,0,0,0,0,POINT (-31460.352982990113 163065.65503797808),13733,65.26839,14.100066,5.3531857,1.9490284,4.586243,3.510389,2.2220955,0.47119385,0.1245406,0.1261056,2.0457373,35.546,61.135876,15.804185,13.882981,109.10105,58.296574,9.3354225,1.0721173,6.833376,6.0506945,1.7987952,17.939941,38.40626,15.201336,15.315552,99.49946,0.8775124,6.2362843,0.0,2.8179584,3396.0342592524285,314.0
Manitoba,-61.50290417,55.29027208,0,0,0,0,0,0,0,0,0,0,0,0,0,0,0,0,0,0,0,0,0,0,0,0,1,0,0,0,0,0,0,0,0,0,0,0,0,0,0,0,0,0,0,0,0,0,0,0,0,0,0,0,0,0,0,0,0,0,0,0,0,0,0,1,0,0,0,0,0,0,0,0,0,0,0,0,0,0,0,0,0,0,0,0,0,0,0,0,0,0,0,0,0,1,1,0,0,0,0,0,0,0,0,0,0,0,0,0,POINT (1991241.8741750962 1229284.8881393662),60587,60.883255,15.456905,6.7882214,1.2588782,3.977237,3.2468104,4.4368453,0.7798775,0.24507397,0.09146978,1.1241649,17.57889,9.043199,13.364521,40.82516,26.219011,44.363686,7.6093836,0.7169438,0.3558849,8.483026,1.0058442,71.213875,142.16185,62.145226,18.5077,121.831985,0.46564648,6.0349746,0.0,2.839512,1433.061261762742,107.0
Manitoba,-61.49009417,55.35135931,0,0,0,0,0,0,0,0,0,0,0,0,0,0,0,0,0,0,0,0,0,0,0,1,1,0,0,0,0,0,0,0,0,0,0,0,0,0,0,0,0,1,0,0,0,0,0,0,0,0,0,0,0,0,0,0,0,0,0,0,0,0,0,1,0,0,0,0,0,0,0,0,0,0,0,0,0,0,0,0,0,0,0,0,0,1,0,0,0,0,0,0,0,0,0,0,0,0,0,0,0,0,0,0,0,0,0,0,POINT (1988579.498467877 1235448.837461215),61023,63.342678,14.730591,6.195362,0.93677384,3.3262918,3.1849058,4.5811076,0.6654651,0.19368058,0.080230996,1.1967429,33.56536,9.697675,11.315209,41.058743,26.186577,45.458324,11.434674,3.604695,0.4888641,11.52405,1.550816,72.40757,143.91742,61.687233,21.636477,101.73759,0.7019581,6.042207,0.0,2.8400643,4767.611678849136,330.0
New Brunswick,-67.03524,45.84943,0,0,0,1,0,0,0,0,0,0,0,0,0,0,0,0,0,0,0,0,0,0,0,0,0,0,0,0,0,0,0,0,0,0,0,0,0,0,0,0,0,0,0,0,0,0,0,0,0,0,0,0,0,0,0,0,0,0,0,0,0,0,0,0,0,0,0,0,0,0,0,0,0,0,0,0,0,0,0,0,0,0,0,0,0,0,0,0,0,0,0,0,0,0,0,0,0,0,0,0,0,0,0,0,0,0,0,0,POINT (2131001.438249623 123592.05796847462),12205,44.17186,9.700063,5.159077,3.2363944,12.313495,2.3017583,2.2292998,0.753724,0.3840966,0.07006442,6.8344545,41.047817,90.24467,17.080956,37.657497,124.08267,651.4013,418.04242,8.304684,11.663258,16.382309,2.7091832,35.24528,84.38878,46.117085,15.295879,117.87556,1.791574,5.765916,0.0,2.8230815,3728.9134972574793,178.0
New Brunswick,-66.81388889,46.56722222,0,0,0,0,0,0,0,0,0,0,0,0,0,0,0,0,0,0,0,0,0,0,0,0,0,0,0,0,0,0,0,0,0,0,0,0,0,0,0,0,0,0,0,0,0,0,0,0,0,0,0,0,0,0,0,0,0,0,0,0,1,0,0,0,0,0,0,0,0,0,0,0,0,0,0,0,0,0,0,0,0,0,0,0,0,0,0,0,0,0,0,0,0,0,0,0,0,0,0,0,1,0,0,1,0,0,0,0,POINT (2112142.253926031 203963.4175877703),15691,56.82096,14.403667,5.17437,2.1720967,7.513979,3.5216465,1.5117114,0.6993798,0.13497064,0.06999617,6.7367535,21.960981,27.59178,14.295057,28.731659,89.455894,669.7669,429.03165,7.9847817,5.2087026,9.2833395,1.2706027,17.924349,42.1983,21.550259,12.338201,85.48414,0.6547937,5.7845073,0.0,2.8187978,4505.259883925029,303.0
New Brunswick,-66.5547,47.5041,0,0,0,0,0,0,0,0,0,0,0,0,0,0,0,0,0,0,0,0,0,0,0,0,1,0,0,0,0,0,0,0,0,0,0,0,0,0,0,0,0,0,0,0,0,0,0,0,0,0,1,0,0,0,0,0,0,0,0,0,0,0,0,0,0,0,0,0,0,0,0,0,0,0,0,0,0,0,0,0,0,0,0,0,0,1,0,0,0,0,0,0,0,0,0,0,0,0,0,0,0,0,0,0,0,0,1,0,POINT (2084853.028757273 307277.8004088255),20484,53.04549,15.332262,6.531202,2.9166555,8.552817,3.675929,1.2863929,1.0077555,0.19986545,0.08764123,6.8807616,26.709448,33.355694,16.44899,30.428553,82.59086,805.1854,524.75867,8.600069,4.3006783,8.082487,1.1738584,16.820423,40.003853,21.918625,12.4097395,104.31282,0.5479239,5.8035297,0.0,2.81067,5564.373064279434,465.0
New Brunswick,-66.43163,47.5253,0,0,0,0,0,0,0,0,0,0,0,0,0,0,0,0,0,0,0,0,0,0,0,0,1,0,0,0,0,0,0,0,0,0,0,0,0,0,0,0,0,0,0,0,0,0,0,0,0,0,0,0,0,0,0,0,0,0,0,0,0,0,0,0,0,0,0,0,0,0,0,0,0,0,0,0,0,0,0,0,0,0,0,0,0,1,0,0,0,0,0,0,0,0,0,0,0,0,0,0,0,0,0,0,0,0,0,0,POINT (2092230.2532886749 313455.91279660474),20485,57.151028,16.637093,7.2231555,2.9421933,4.171629,3.8330202,1.5366825,1.0842906,0.2015873,0.097529694,5.4602394,34.215252,46.53659,21.38253,29.5979,78.68482,913.77136,593.9851,8.464301,4.1357975,8.464428,1.1889004,19.182646,42.099174,22.384249,9.760713,130.85616,0.61262023,5.8015122,0.0,2.8110676,4113.239773565404,479.0
New Brunswick,-66.32,47.30527778,0,0,0,0,0,0,0,0,0,0,0,0,0,0,0,0,0,0,0,0,0,0,0,0,1,0,0,0,0,0,0,0,0,0,0,0,0,0,0,0,0,1,0,0,0,0,0,0,0,0,1,0,0,0,0,0,0,0,0,0,0,0,0,0,0,0,0,0,0,0,0,0,0,0,0,0,0,0,0,0,0,0,0,0,0,1,0,0,0,0,0,0,0,0,0,0,0,0,0,0,0,0,0,0,0,0,1,0,POINT (2110573.6365831303 294975.6197655687),19615,57.155594,16.631422,7.242987,2.939215,4.137979,3.812503,1.5630964,1.0878121,0.20180704,0.09813754,4.7818327,35.072647,47.514633,23.068615,29.390705,77.74784,874.9579,559.7745,8.357909,5.173087,6.5163445,1.3360649,22.522024,45.2028,22.613125,9.885467,147.03473,0.7086935,5.796095,0.0,2.8095126,5008.7951960787295,542.0
New Brunswick,-66.29385,47.55864,0,0,0,0,0,0,0,0,0,0,0,0,0,0,0,0,0,0,0,0,0,1,0,0,1,0,0,0,0,0,0,0,0,0,0,0,0,0,0,0,0,0,0,0,0,0,0,0,0,0,1,0,0,0,0,0,0,0,0,0,0,0,0,0,0,0,0,0,0,0,0,0,0,0,0,0,0,0,0,0,0,0,0,0,0,1,0,0,0,0,0,0,0,0,0,0,0,0,0,0,0,0,0,0,0,0,1,0,POINT (2100001.709041145 321353.5133503696),20922,56.418125,16.878967,7.322736,3.1480637,4.2844377,3.885994,1.5158831,1.092024,0.22148971,0.09936537,6.0658865,38.850975,48.297142,22.871367,24.83382,79.73267,1099.2941,718.0391,9.628402,4.248366,6.457421,1.380858,21.334442,41.141006,21.613731,9.110973,141.19536,0.544658,5.7999196,0.0,2.8115382,1353.5371561439115,455.0
New Brunswick,-66.13,47.39,0,0,0,0,0,0,0,0,0,0,0,0,0,0,0,0,0,0,0,0,0,0,0,0,1,0,0,0,0,0,0,0,0,0,0,0,0,0,0,0,0,0,0,0,0,0,0,0,0,0,0,0,0,0,0,0,0,0,0,0,0,0,0,0,0,0,0,0,0,0,0,0,0,0,0,0,0,0,0,0,0,0,0,0,0,0,0,0,0,0,0,0,0,0,0,0,0,0,0,0,0,0,0,0,0,0,0,0,POINT (2119427.936921566 309822.1283242309),20488,57.585125,13.726716,6.9634066,3.3653803,5.4325547,2.897083,1.6681403,1.0667233,0.21301463,0.10711526,5.1248393,33.55237,46.236046,18.976944,24.299376,28.487509,971.2785,635.03094,8.903643,4.7588005,7.4158516,1.6120665,26.624804,51.015656,28.431602,10.578715,144.13577,0.59569424,5.796767,0.0,2.8064058,598.9599957340254,252.0
New Brunswick,-66.07222222,47.29027778,0,0,0,0,0,0,0,0,0,0,0,0,0,0,0,0,0,0,0,0,0,0,0,0,1,0,0,0,0,0,0,0,0,0,0,0,0,0,0,0,0,0,0,0,0,0,0,0,0,0,1,0,0,0,0,0,0,0,0,0,0,0,0,0,0,0,0,0,0,0,0,0,0,0,0,0,0,0,0,0,0,0,0,0,0,1,0,0,0,0,0,0,0,0,0,0,0,0,0,0,0,0,0,0,0,0,1,0,POINT (2128276.4969834522 301721.87625690654),20053,56.707077,13.445567,7.403008,3.3762033,5.269159,3.0849051,1.665519,1.1452703,0.3045363,0.10742771,4.9450316,48.283592,29.030989,16.354239,24.22096,87.13267,892.32306,581.01904,7.7355967,4.767703,7.357755,1.6190953,26.969471,51.63177,28.69136,11.719164,144.62984,0.59602004,5.797422,0.0,2.803126,2436.0859908742077,350.0
New Brunswick,-66.06779,47.29292,0,0,0,0,0,0,0,0,0,0,0,0,0,0,0,0,0,0,0,0,0,0,0,0,1,0,0,0,0,0,0,0,0,0,0,0,0,0,0,0,0,0,0,0,0,0,0,0,0,0,1,0,0,0,0,0,0,0,0,0,0,0,0,0,0,0,0,0,0,0,0,0,0,0,0,0,0,0,0,0,0,0,0,0,0,1,0,0,0,0,0,0,0,0,0,0,0,0,0,0,0,0,0,0,0,0,1,0,POINT (2128449.823176269 302135.9138548326),20053,56.707077,13.445567,7.403008,3.3762033,5.269159,3.0849051,1.665519,1.1452703,0.3045363,0.10742771,4.9450316,48.283592,29.030989,16.354239,24.22096,87.13267,892.32306,581.01904,7.7355967,4.767703,7.357755,1.6190953,26.969471,51.63177,28.69136,11.719164,144.62984,0.59602004,5.797422,0.0,2.803126,2638.984184431221,333.0
New Brunswick,-65.89,47.47,0,0,0,0,0,1,0,0,0,0,0,0,0,0,0,0,0,0,0,0,0,0,0,0,1,0,0,0,0,0,0,0,0,0,0,0,0,0,0,0,0,1,0,0,0,0,0,1,0,0,1,0,0,0,0,0,0,0,0,0,0,0,0,0,0,0,0,0,0,0,0,0,0,0,0,0,0,0,0,0,0,0,0,0,0,1,0,0,0,0,0,0,0,0,0,0,0,0,0,0,0,0,0,0,0,0,1,0,POINT (2131849.9712449084 325880.02775868983),21361,57.21547,11.272321,6.3479705,2.4324667,7.4219003,2.3644204,1.8990383,1.0152066,0.30388623,0.10267783,6.98429,50.691772,40.69322,15.89283,12.773679,57.880394,959.2156,625.0558,8.484259,3.0670717,8.278517,2.05951,27.795,54.253036,36.020473,13.7383175,132.04652,34.274876,5.794068,0.0,2.8104284,4516.468735528167,211.0
New Brunswick,-65.88469,47.29557,0,0,0,0,0,0,0,0,0,0,0,0,0,0,0,0,0,0,0,0,0,0,0,0,1,0,0,0,0,0,0,0,0,0,0,0,0,0,0,0,0,0,0,0,0,0,0,0,0,0,1,0,0,0,0,0,0,0,0,0,0,0,0,0,0,0,0,0,0,0,0,0,0,0,0,0,0,0,0,0,0,0,0,0,0,1,0,0,0,0,0,0,0,0,0,0,0,0,0,0,0,0,0,0,0,0,1,0,POINT (2140837.8926085336 308547.1327831938),20490,57.136284,11.300781,6.3833137,2.425395,7.4317636,2.3822205,1.8920268,1.022312,0.30764276,0.10279351,5.174682,50.559082,41.22974,16.083302,12.424138,52.763355,872.08295,564.96857,7.8161054,3.0288887,8.266912,2.0566049,29.804926,58.184177,35.933086,13.802925,142.39952,34.541164,5.7955146,0.0,2.8045335,1677.187064675824,166.0
New Brunswick,-65.86984304,47.89767949,0,0,0,0,0,0,0,0,0,0,0,0,0,0,0,0,0,0,0,0,0,0,0,0,0,0,0,0,0,0,0,0,0,0,0,0,0,0,0,0,0,0,0,0,0,0,0,0,0,0,0,0,0,0,0,0,0,0,0,0,0,0,0,0,0,0,0,0,0,0,0,0,0,0,0,0,0,0,0,0,0,0,0,0,1,0,0,0,0,0,0,0,0,0,0,0,0,0,0,0,0,0,0,0,0,0,0,0,POINT (2112085.836972161 369433.31357225357),23103,56.77432,11.242382,6.1365423,2.979024,7.3003187,2.2323854,1.8796182,0.9631909,0.19088465,0.10828117,6.006053,41.018246,32.822487,14.541589,16.993141,56.848213,843.22797,548.18463,7.6600533,3.0342436,8.036406,1.952786,27.529213,53.961113,35.1079,11.893822,140.35909,28.544027,5.797063,0.0,2.817209,2161.805575189745,31.0
New Brunswick,-65.81083333,47.80611111,0,0,0,0,0,0,0,0,0,0,0,0,0,0,0,0,0,0,0,0,0,0,0,0,1,0,0,0,0,0,0,0,0,0,0,0,0,0,0,0,0,1,0,0,0,0,0,0,0,0,1,0,0,0,0,0,0,0,0,0,0,0,0,0,0,0,0,0,0,0,0,0,0,0,0,0,0,0,0,0,0,0,0,0,0,1,0,0,0,0,0,0,0,0,0,0,0,0,0,0,0,0,0,0,0,0,1,0,POINT (2120590.7725163577 362224.6744494837),22668,58.162247,10.6501,5.5371532,2.3892095,7.8859825,2.0883627,2.0394378,0.86648625,0.26032147,0.09557778,7.085991,46.30258,39.7471,12.874396,15.140486,57.664078,910.7548,597.43243,8.484658,3.0337484,8.308733,1.9949085,27.727427,54.05058,36.06109,14.093037,130.70879,33.885418,5.7927294,0.0,2.8152034,2301.674865454428,63.0
New Brunswick,-65.80642,47.73306,0,0,0,0,0,0,0,0,0,0,0,0,0,0,0,0,0,0,0,0,0,0,0,0,1,0,0,0,0,0,0,0,0,0,0,0,0,0,0,0,0,0,0,0,0,0,0,0,0,0,1,0,0,0,0,0,0,0,0,0,0,0,0,0,0,0,0,0,0,0,0,0,0,0,0,0,0,0,0,0,0,0,0,0,0,1,0,0,0,0,0,0,0,0,0,0,0,0,0,0,0,0,0,0,0,0,1,0,POINT (2124504.768227361 355054.1204334914),22668,58.162247,10.6501,5.5371532,2.3892095,7.8859825,2.0883627,2.0394378,0.86648625,0.26032147,0.09557778,7.085991,46.30258,39.7471,12.874396,15.140486,57.664078,910.7548,597.43243,8.484658,3.0337484,8.308733,1.9949085,27.727427,54.05058,36.06109,14.093037,130.70879,33.885418,5.7927294,0.0,2.8152034,6689.973573367877,83.0
Newfoundland-and-Labrador,-66.937508,52.986343,0,0,0,0,0,0,0,0,0,0,0,0,0,0,0,0,0,0,0,0,0,0,0,0,0,0,0,0,0,0,0,0,0,0,0,0,0,0,0,0,0,0,0,0,0,0,0,0,0,0,0,0,0,0,0,0,0,0,0,0,0,0,0,0,0,0,0,0,0,0,0,0,0,0,0,1,0,0,0,0,0,0,0,0,0,0,0,0,0,0,0,0,0,0,0,0,0,0,0,0,0,0,0,0,0,0,0,0,POINT (1799384.8459309856 843832.4860092833),43564,69.00066,0.35115436,1.7706991,0.66024524,3.455887,0.23463093,0.17442414,0.053746965,0.09986696,0.1379355,4.76708,7.53075,9.259593,8.113035,4.4258933,200.04868,36.594517,9.360299,3.7653306,1.3533252,10.650026,0.9845414,5.3230143,9.58459,26.6904,8.024795,12.747383,1.0073333,6.156347,0.0,2.9660158,3881.814273857594,736.0
Newfoundland-and-Labrador,-66.91593509,52.94122939,0,0,0,0,0,0,0,0,0,0,0,0,0,0,0,0,0,0,0,0,0,0,0,0,0,0,0,0,0,0,0,0,0,0,0,0,0,0,0,0,0,0,0,0,0,0,0,1,0,0,0,0,0,0,0,0,0,0,0,0,0,0,0,0,0,0,0,0,0,0,0,0,0,0,0,0,0,0,0,0,0,0,0,0,0,0,0,0,0,0,0,0,0,0,0,0,0,0,0,0,0,0,0,0,0,0,0,0,POINT (1802793.5424080312 839965.1313070924),43564,69.00066,0.35115436,1.7706991,0.66024524,3.455887,0.23463093,0.17442414,0.053746965,0.09986696,0.1379355,4.76708,7.53075,9.259593,8.113035,4.4258933,200.04868,36.594517,9.360299,3.7653306,1.3533252,10.650026,0.9845414,5.3230143,9.58459,26.6904,8.024795,12.747383,1.0073333,6.156347,0.0,2.9660158,2793.631366679441,554.0
Newfoundland-and-Labrador,-66.912573,52.907129,0,0,0,0,0,0,0,0,0,0,0,0,0,0,0,0,0,0,0,0,0,0,0,0,0,0,0,0,0,0,0,0,0,0,0,0,0,0,0,0,0,0,0,0,0,0,0,1,0,0,0,0,0,0,0,0,0,0,0,0,0,0,0,0,0,0,0,0,0,0,0,0,0,0,0,0,0,0,0,0,0,0,0,0,0,0,0,0,0,0,0,0,0,0,0,0,0,0,0,0,0,0,0,0,0,0,0,0,POINT (1804595.300116175 836675.4213415214),43564,69.00066,0.35115436,1.7706991,0.66024524,3.455887,0.23463093,0.17442414,0.053746965,0.09986696,0.1379355,4.76708,7.53075,9.259593,8.113035,4.4258933,200.04868,36.594517,9.360299,3.7653306,1.3533252,10.650026,0.9845414,5.3230143,9.58459,26.6904,8.024795,12.747383,1.0073333,6.156347,0.0,2.9660158,5671.57381826752,546.0
Newfoundland-and-Labrador,-66.865862,54.781569,0,0,0,0,0,0,0,0,0,0,0,0,0,0,0,0,0,0,0,0,0,0,0,0,0,0,0,0,0,0,0,0,0,0,0,0,0,0,0,0,0,0,0,0,0,0,0,1,0,0,0,0,0,0,0,0,0,0,0,0,0,0,0,0,0,0,0,0,0,0,0,0,0,0,0,0,0,0,0,0,0,0,0,0,0,0,0,0,0,0,0,0,0,0,0,0,0,0,0,0,0,0,0,0,0,0,0,0,POINT (1719519.4052453798 1023550.8081101803),51404,26.75814,0.9024402,42.489986,0.34694707,0.30079764,0.30527413,0.28433764,0.1178241,0.096485436,0.4302934,4.2579064,16.58707,6.891811,10.073595,7.456149,19.587025,24.256992,4.2504454,1.5956705,25.02833,2.3470097,1.0021588,13.408123,21.542595,29.263407,5.13482,19.278843,5.6387835,6.06019,0.0,2.894329,3583.2401731462423,627.0
Newfoundland-and-Labrador,-66.80881,54.791688,0,0,0,0,0,0,0,0,0,0,0,0,0,0,0,0,0,0,0,0,0,0,0,0,0,0,0,0,0,0,0,0,0,0,0,0,0,0,0,0,0,0,0,0,0,0,0,1,0,0,0,0,0,0,0,0,0,0,0,0,0,0,0,0,0,0,0,0,0,0,0,0,0,0,0,0,0,0,0,0,0,0,0,0,0,0,0,0,0,0,0,0,0,0,0,0,0,0,0,0,0,0,0,0,0,0,0,0,POINT (1722301.0486148836 1026093.479588017),51840,32.821354,0.88155824,34.810238,0.37841067,0.24155867,0.060075603,0.252217,0.100160256,0.093827695,0.5802093,3.0478623,16.566956,5.3435936,14.99726,5.5981827,11.661971,10.197074,2.4092207,1.1597815,35.233818,2.7101316,0.52579856,7.361358,15.717875,24.841051,4.2737803,12.550008,3.038971,6.0579853,0.0,2.8916001,4534.132627268106,497.0
Newfoundland-and-Labrador,-62.09705672,56.33134427,0,0,0,0,0,0,0,0,0,0,0,0,0,0,0,0,0,0,0,0,0,0,0,1,1,0,0,0,0,0,0,0,0,0,0,0,0,0,0,0,0,0,0,0,0,0,0,0,0,0,0,0,0,0,0,0,0,0,0,0,0,0,0,1,0,0,0,0,0,0,0,0,0,0,0,0,0,0,0,0,0,0,0,0,0,0,0,0,0,0,0,0,0,0,0,0,0,0,0,0,0,0,0,0,0,0,0,0,POINT (1903034.5450113094 1309483.3883949101),64066,61.65666,12.858814,8.737822,1.5754045,4.214076,2.7528427,3.421743,0.69269305,0.20844683,0.18290535,2.7887373,38.18135,25.512802,13.082552,43.399437,83.19497,118.57216,46.608356,9.403247,14.571591,72.971664,25.211536,247.87634,526.51385,206.24889,81.644745,61.641502,1.350447,6.0843477,0.0,2.8243454,3078.1153129203726,84.0
Newfoundland-and-Labrador,-61.6362,56.4869,0,0,1,0,0,0,0,0,0,0,0,0,0,0,0,0,0,0,0,0,0,0,0,0,0,0,0,0,0,0,0,0,0,0,0,0,0,0,0,0,0,0,0,0,0,0,0,0,0,0,0,0,0,0,0,0,0,0,0,0,0,0,0,0,0,0,0,0,0,0,0,0,0,0,0,0,0,0,0,0,0,0,0,0,0,0,0,0,0,0,0,0,0,0,0,0,0,0,0,0,0,0,0,0,0,0,0,0,POINT (1918735.4952640475 1338020.240116428),65376,63.24305,13.633824,7.5098815,1.3986652,4.073833,3.4128692,3.2278621,0.67211556,0.17990103,0.15106325,2.336743,33.738018,27.637976,11.632597,43.314907,60.511555,72.59387,13.725895,5.301662,5.230198,45.24358,6.127747,184.13147,380.73578,155.42667,33.32632,50.453484,1.2038319,6.165579,0.0,2.8585835,2349.175634966652,6.0
Northwest Territories,-137.1215,62.26646,0,0,0,0,0,0,0,0,0,0,0,0,0,0,0,0,0,0,0,0,0,0,0,0,0,0,0,0,0,0,0,0,0,0,0,0,0,0,0,0,0,1,0,0,0,0,0,0,0,0,0,0,0,0,0,0,0,0,0,0,0,0,0,0,0,0,0,0,0,0,0,0,0,0,0,0,0,0,0,0,0,0,0,0,0,0,0,0,0,0,0,0,0,0,0,0,0,0,0,0,0,0,0,0,0,0,0,0,POINT (-1970467.4268793461 2126879.933155133),99431,62.71984,15.614454,4.0384088,2.0756633,4.7251854,3.6642864,3.0107043,0.5415525,0.21127355,0.10807081,20.158617,13.266153,0.13306104,9.339465,18.495132,22.101067,54.348827,10.313683,-1.041715,93.60855,8.339105,2.4169147,25.37527,48.51303,22.38949,7.44235,115.32569,-0.03683661,6.241776,0.0,2.8226607,3154.6003832017914,1017.0
Northwest Territories,-128.2333333,61.97083333333334,0,0,0,0,0,0,0,0,0,0,0,0,0,0,0,0,0,0,0,0,0,0,0,0,0,0,0,0,0,0,0,0,0,0,0,0,0,0,0,0,0,0,0,0,0,0,0,0,0,0,0,0,0,0,0,0,0,0,0,0,0,0,0,0,0,0,0,0,0,0,0,0,0,0,0,0,0,0,0,0,0,0,0,0,0,0,0,0,0,0,0,0,0,0,0,0,0,0,0,0,0,0,0,1,0,0,0,0,POINT (-1615200.871716588 1849363.62277108),87258,66.66422,15.769603,1.731596,1.1571888,2.2947752,2.5628555,4.1423965,0.44857773,0.14254643,0.17893867,3.5153494,11.021281,21.924149,7.035233,14.372729,93.88189,38.322044,32.95166,-0.9599887,9.221292,17.536139,5.0643077,39.980915,77.92465,31.908314,11.768493,157.44466,2.334056,6.38455,0.0,2.8748581,4841.516362760666,1132.0
Northwest Territories,-118.1166667,65.60416666666666,0,0,0,0,0,0,0,0,0,0,0,0,0,0,0,0,0,0,0,0,0,0,0,0,1,0,0,0,0,0,0,0,0,0,0,0,0,0,0,0,0,0,0,0,0,0,0,0,0,0,1,0,0,0,0,0,0,0,0,0,0,0,0,0,0,0,0,0,0,0,0,0,0,0,0,0,0,0,0,0,0,0,0,0,0,1,0,0,0,0,0,0,0,0,0,0,0,0,0,0,0,0,0,0,0,0,1,0,POINT (-1010973.0285760408 1996021.7738567567),93859,57.375896,14.93138,8.777643,3.8142207,7.0576496,2.5994444,1.8170745,1.4370298,0.27924478,0.18413524,9.978341,1409.2542,58.762222,42.126198,38.25291,294.8166,214.8653,3.9531846,3.6043866,9.279374,1.0813917,1.0858283,12.711863,21.359045,5.6783094,14.2338295,128.26917,2.0,5.828463,0.0,2.797017,4095.449201875636,204.0
Northwest Territories,-118.03657,66.08384,0,0,0,0,0,0,0,0,0,0,0,0,0,0,0,0,0,0,0,0,0,0,0,0,1,0,0,0,0,0,0,0,0,0,0,0,0,0,0,0,0,0,0,0,0,0,0,0,0,0,0,0,0,0,0,0,0,0,0,0,0,0,0,0,0,0,0,0,0,0,0,0,0,0,0,0,1,0,0,0,0,0,0,0,0,1,0,0,0,0,0,0,0,0,0,0,0,0,0,0,0,0,0,0,1,0,0,0,POINT (-989246.0459393461 2043258.1661697328),95605,57.07773,15.223791,9.248291,3.7865453,7.1276217,2.470671,1.6565144,1.4511374,0.27254343,0.18878345,8.928976,1445.089,63.16411,44.022923,39.216377,288.85776,219.74437,5.0812526,3.6351638,9.280352,1.0991733,1.0682129,12.367952,20.900173,5.6216617,12.567708,101.54332,2.0,5.8156114,0.0,2.795923,3344.225997530966,167.0
Northwest Territories,-117.9916667,66.09583333333333,0,0,0,0,0,0,0,0,0,0,0,0,0,0,0,0,0,0,0,0,0,0,0,0,1,0,0,0,0,0,0,0,0,0,0,0,0,0,0,0,0,0,0,0,0,0,0,0,0,0,0,0,0,0,0,0,0,0,0,0,0,0,0,0,0,0,0,0,0,0,0,0,0,0,0,0,0,0,0,0,0,0,0,0,0,1,0,0,0,0,0,0,0,0,0,0,0,0,0,0,0,0,0,0,0,0,0,0,POINT (-986943.8534181074 2043773.8052166433),95605,57.07773,15.223791,9.248291,3.7865453,7.1276217,2.470671,1.6565144,1.4511374,0.27254343,0.18878345,8.928976,1445.089,63.16411,44.022923,39.216377,288.85776,219.74437,5.0812526,3.6351638,9.280352,1.0991733,1.0682129,12.367952,20.900173,5.6216617,12.567708,101.54332,2.0,5.8156114,0.0,2.795923,4856.032591850785,232.0
Northwest Territories,-117.7458333,65.97916666666667,0,0,0,0,0,0,0,0,0,0,0,0,0,0,0,0,0,0,0,0,0,0,0,0,1,0,0,0,0,0,0,0,0,0,0,0,0,0,0,0,0,0,0,0,0,0,0,0,0,0,0,0,0,0,0,0,0,0,0,0,0,0,0,0,0,0,0,0,0,0,0,0,0,0,0,0,0,0,0,0,0,0,0,0,0,1,0,0,0,0,0,0,0,0,0,0,0,0,0,0,0,0,0,0,0,0,0,0,POINT (-981264.1890424602 2028159.0458532441),95170,57.076447,15.223947,9.248651,3.786821,7.128169,2.470659,1.6566585,1.4511156,0.27256915,0.18880248,8.930367,1445.2225,63.163986,44.01786,39.39855,288.85788,219.78761,5.081414,3.6354685,9.28057,1.0991414,1.0682137,12.368093,20.90028,5.621699,12.580178,101.15497,2.0,5.814321,0.0,2.7959425,2233.9798161251683,273.0
Northwest Territories,-116.5458333,63.45,0,0,0,0,0,0,0,0,0,0,0,0,0,0,0,0,0,0,0,0,0,0,0,0,0,0,0,0,0,0,0,0,0,0,0,0,0,0,0,0,0,0,0,0,0,0,0,0,0,0,0,0,0,0,0,0,0,0,0,0,0,0,0,0,0,0,0,0,0,0,0,0,0,0,0,0,0,0,0,0,0,0,0,0,0,1,0,0,0,0,0,0,0,0,0,0,0,0,0,0,0,0,0,0,1,0,0,0,POINT (-1022396.3721869768 1752260.8817011078),82958,53.18157,15.057239,10.933193,5.357181,8.246824,2.3966386,1.6283289,1.5603471,0.28505483,0.2160916,9.318655,1478.3615,67.164825,48.144733,46.386234,299.85333,242.61974,4.547219,3.6244018,9.771576,0.85137075,0.92896706,10.724741,18.652098,5.819732,13.863201,72.84392,2.0,6.4020734,0.0,2.884833,3294.6182985340247,191.0
Northwest Territories,-115.1,64.4,0,0,0,0,0,0,0,0,0,0,0,0,0,0,0,0,0,0,0,0,0,0,0,0,0,0,0,0,0,0,0,0,0,0,0,0,0,0,0,0,0,1,0,0,0,0,0,0,0,0,0,0,0,0,0,0,0,0,0,0,0,0,0,0,0,0,0,0,0,0,0,0,0,0,0,0,0,0,0,0,0,0,0,0,0,0,0,0,0,0,0,0,0,0,0,0,0,0,0,0,0,0,0,0,0,0,0,0,POINT (-924267.2193365195 1827358.6989286083),86456,56.978123,14.989738,8.96741,3.8987749,7.2177067,2.592861,1.7903202,1.4362515,0.28462434,0.18992539,9.798327,1396.7361,59.10974,41.589535,45.703667,297.25436,217.26833,3.995532,3.6199975,9.260781,1.055591,1.0683254,12.547374,21.180393,5.6655974,12.674244,85.11535,2.0,6.174521,0.0,2.8077185,5018.9002235750295,338.0
Northwest Territories,-114.5,60.833333333333336,0,0,0,0,0,0,0,0,0,0,0,0,0,0,0,0,0,0,0,0,0,0,0,0,0,0,0,0,0,0,0,0,0,0,0,0,0,0,0,0,0,0,0,0,0,0,0,0,0,0,1,0,0,0,0,0,0,0,0,0,0,0,0,0,0,0,0,0,0,0,0,0,0,0,0,0,0,0,0,0,0,0,0,0,0,0,0,0,0,0,0,0,0,0,0,0,0,0,0,0,0,0,0,0,0,0,1,0,POINT (-1013931.2893073721 1451150.311038097),69879,59.887974,9.291558,7.565057,3.5957282,4.751351,1.712256,1.6298167,1.0857835,0.11817796,0.11979294,13.362306,925.9089,28.102274,46.038925,52.004185,89.61949,532.39166,424.47632,2.6428525,12.189103,8.913595,1.6261398,37.771446,63.728836,20.183369,11.360807,60.155907,1.4507701,6.161735,0.0,2.7116044,4096.011494665473,228.0
Northwest Territories,-114.3666667,62.43333333333333,0,0,0,0,0,0,0,0,0,0,0,0,0,0,0,0,0,0,0,0,0,0,0,0,0,0,0,0,0,0,0,0,0,0,0,0,0,0,0,0,0,1,0,0,0,0,0,0,0,0,0,0,0,0,0,0,0,0,0,0,0,0,0,0,0,0,0,0,0,0,0,0,0,0,0,0,0,0,0,0,0,0,0,0,0,0,0,0,0,0,0,0,0,0,0,0,0,0,0,0,0,0,0,0,0,0,0,0,POINT (-955338.8466981911 1614110.706895418),76860,56.15718,12.671688,10.280906,6.1047645,6.8252916,1.8440871,1.0720912,1.714241,0.13813135,0.16001324,12.625653,1023.80286,38.86015,77.55416,51.762398,143.05191,556.7141,551.7834,3.144301,14.085371,2.6473362,0.9275282,16.40784,25.437618,7.8332095,13.863022,73.26464,2.0,6.3522825,0.0,2.8643236,6215.031185766526,190.0
Northwest Territories,-114.35,62.5,0,0,0,0,0,0,0,0,0,0,0,0,0,0,0,0,0,0,0,0,0,0,0,0,0,0,0,0,0,0,0,0,0,0,0,0,0,0,0,0,0,1,0,0,0,0,0,0,0,0,0,0,0,0,0,0,0,0,0,0,0,0,0,0,0,0,0,0,0,0,0,0,0,0,0,0,0,0,0,0,0,0,0,0,0,0,0,0,0,0,0,0,0,0,0,0,0,0,0,0,0,0,0,0,0,0,0,0,POINT (-952383.4987498763 1620736.2533948985),77297,56.176594,12.67029,10.272123,6.097085,6.818788,1.8427371,1.071706,1.7138987,0.13788572,0.15991661,12.605168,1021.1824,38.8583,77.39312,51.724957,142.92427,555.2782,551.9386,3.142611,14.075851,2.65066,0.9269039,16.422407,25.451374,7.8361907,13.861924,73.25022,2.0,6.4503508,0.0,2.9173408,2494.5824753761904,191.0
Northwest Territories,-114.1958333,62.520833333333336,0,0,0,0,0,0,0,0,0,0,0,0,0,0,0,0,0,0,0,0,0,0,0,0,0,0,0,0,0,0,0,0,0,0,0,0,0,0,0,0,0,1,0,0,0,0,0,0,0,0,0,0,0,0,0,0,0,0,0,0,0,0,0,0,0,0,0,0,0,0,0,0,0,0,0,0,0,0,0,0,0,0,0,0,0,0,0,0,0,0,0,0,0,0,0,0,0,0,0,0,0,0,0,0,0,0,0,0,POINT (-944358.9662687866 1620587.077518009),77298,55.721012,12.344196,10.434297,6.810953,6.6465297,1.665723,1.0371569,1.7438536,0.11074421,0.15974523,12.942864,1024.9232,38.701275,77.82875,51.70691,127.39038,550.07904,556.56854,3.119871,13.612754,2.716118,0.9486904,16.182907,24.535706,7.6989584,13.861112,73.2676,2.0,6.2753644,0.0,2.8892927,4398.273418227063,182.0
Northwest Territories,-113.2041667,62.9875,0,0,0,0,0,0,0,0,0,0,0,0,0,0,0,0,0,0,0,0,0,0,0,0,0,0,0,0,0,0,0,0,0,0,0,0,0,0,0,0,0,1,0,0,0,0,0,0,0,0,0,0,0,0,0,0,0,0,0,0,0,0,0,0,0,0,0,0,0,0,0,0,0,0,0,0,0,0,0,0,0,0,0,0,0,0,0,0,0,0,0,0,0,0,0,0,0,0,0,0,0,0,0,0,0,0,0,0,POINT (-882709.9644457314 1654623.2139262273),78612,56.36246,12.34417,10.144772,6.484152,6.5189233,1.6676089,1.0311755,1.7259814,0.10892819,0.15708625,12.688714,994.38434,38.68694,75.76838,45.87409,125.674355,535.4294,575.32605,3.1047454,13.735091,2.8383257,0.9382218,16.824673,25.394243,7.812878,12.668817,85.42524,2.0,6.0690684,0.0,2.7615795,5358.955411842492,296.0
Northwest Territories,-111.2458333,64.07916666666667,0,0,0,0,0,0,0,0,0,0,0,0,0,0,0,0,0,0,0,0,0,0,0,0,0,0,0,0,0,0,0,0,0,0,0,0,0,0,0,0,0,1,0,0,0,0,0,0,0,0,0,0,0,0,0,0,0,0,0,0,0,0,0,0,0,0,0,0,0,0,0,0,0,0,0,0,0,0,0,0,0,0,0,0,0,0,0,0,0,0,0,0,0,0,0,0,0,0,0,0,0,0,0,0,0,0,0,0,POINT (-760147.1666850148 1743026.2714971057),82548,48.788548,12.118361,5.1803794,6.41125,9.856771,1.5164262,0.5215564,2.0474646,0.17426124,0.25433812,136.15068,2378.9348,1177.5002,45.411007,43.66878,1180.4373,636.0534,146.32056,2.5064313,168320.64,1.0845287,0.6885806,12.06944,7.9963913,3.2523153,9.559804,89.51379,2.0,5.7121053,0.0,2.7282367,3030.013718386748,437.0
Northwest Territories,-111.1791667,64.0375,0,0,0,0,0,0,0,0,0,0,0,0,0,0,0,0,0,0,0,0,0,0,0,0,0,0,0,0,0,0,0,0,0,0,0,0,0,0,0,0,0,1,0,0,0,0,0,0,0,0,0,0,0,0,0,0,0,0,0,0,0,0,0,0,0,0,0,0,0,0,0,0,0,0,0,0,0,0,0,0,0,0,0,0,0,0,0,0,0,0,0,0,0,0,0,0,0,0,0,0,0,0,0,0,0,0,0,0,POINT (-758228.6364153874 1737872.9835294557),82548,48.788548,12.118361,5.1803794,6.41125,9.856771,1.5164262,0.5215564,2.0474646,0.17426124,0.25433812,136.15068,2378.9348,1177.5002,45.411007,43.66878,1180.4373,636.0534,146.32056,2.5064313,168320.64,1.0845287,0.6885806,12.06944,7.9963913,3.2523153,9.559804,89.51379,2.0,5.7121053,0.0,2.7282367,2767.972629054468,443.0
Northwest Territories,-110.869,63.6027,0,0,0,0,0,0,0,0,0,0,0,0,0,0,0,0,0,0,0,0,0,0,0,0,0,1,0,0,0,0,0,0,0,0,0,0,0,0,0,0,0,0,0,0,0,0,0,0,0,0,0,0,0,0,0,0,0,0,0,0,0,0,0,0,0,0,0,0,0,0,0,0,0,0,0,0,0,0,0,0,0,0,0,0,0,0,0,0,0,0,0,0,0,0,0,0,0,0,0,0,0,0,0,0,0,0,0,0,POINT (-755600.937912414 1688675.1766727422),80368,48.429516,12.645281,4.586816,7.1385307,9.8814945,1.7602719,0.5231548,2.1016493,0.17362322,0.27476192,303.49973,3206.08,7412.6885,54.913834,43.674454,1237.7634,1335.5013,701.354,2.3768268,223845.69,0.9834164,0.65267414,11.188678,7.5005646,2.9256818,9.5599375,89.54907,2.0,4.852177,0.0,2.5611768,4594.367367896414,443.0
Northwest Territories,-110.6083333,64.71666666666667,0,0,0,0,0,0,0,0,0,0,0,0,0,0,0,0,0,0,0,0,0,0,0,0,0,1,0,0,0,0,0,0,0,0,0,0,0,0,0,0,0,0,0,0,0,0,0,0,0,0,0,0,0,0,0,0,0,0,0,0,0,0,0,0,0,0,0,0,0,0,0,0,0,0,0,0,0,0,0,0,0,0,0,0,0,0,0,0,0,0,0,0,0,0,0,0,0,0,0,0,0,0,0,0,0,0,0,0,POINT (-714193.8891988248 1802390.0109698607),85169,46.728504,10.3722315,5.5016365,8.275854,9.82158,0.9875203,0.33024696,1.8812076,0.1934892,0.2534736,78.97371,1113.7532,938.56836,44.01371,38.933834,1303.9005,531.6207,111.42017,2.614027,149225.64,1.1338646,0.7141488,15.222933,8.509146,3.339686,9.05906,119.90416,2.0,5.06574,0.0,2.7217805,4826.886203477978,458.0
Northwest Territories,-109.21194,63.44528,0,0,0,0,0,0,0,0,0,0,0,0,0,0,0,0,0,0,0,0,0,0,0,0,0,1,0,0,0,0,0,0,0,0,0,0,0,0,0,0,0,0,0,0,0,0,0,0,0,0,0,0,0,0,0,0,0,0,0,0,0,0,0,0,0,0,0,0,0,0,0,0,0,0,0,0,0,0,0,0,0,0,0,0,0,0,0,0,0,0,0,0,0,0,0,0,0,0,0,0,0,0,0,0,0,0,0,0,POINT (-681866.1652338677 1653408.8311258792),78632,43.866367,9.161281,5.088804,11.791278,10.326783,0.64548993,0.16719382,1.84365,0.21547371,0.27106842,102.65301,1436.2477,711.3943,45.446217,30.98239,1243.6299,306.83557,154.47157,2.4949846,172378.22,1.1266423,0.68832386,17.604988,8.450762,3.1224189,10.094655,146.28699,2.0,5.46631,0.0,2.716494,3886.2300060810976,420.0
Nunavut,-111.475,65.99722222222222,0,0,0,0,0,0,0,0,0,0,0,0,0,0,0,0,0,0,0,0,0,0,0,0,0,1,0,0,0,0,0,0,0,0,0,0,0,0,0,0,0,0,0,0,0,0,0,0,0,0,0,0,0,0,0,0,0,0,0,0,0,0,0,0,0,0,0,0,0,0,0,0,0,0,0,0,0,0,0,0,0,0,0,0,0,0,0,0,0,0,0,0,0,0,0,0,0,0,0,0,0,0,0,0,0,0,0,0,POINT (-717523.3230480471 1946213.6159559584),91708,56.24551,12.612792,5.759791,4.1510215,7.146673,1.8195487,1.3258017,1.762514,0.18355371,0.15133733,42.636936,1478.0905,293.42126,40.76162,38.968285,589.7842,267.04813,44.28168,3.1534243,62375.03,1.4426117,1.0744132,14.4894,16.91942,4.7213683,9.055795,89.33007,2.0,5.4791765,0.0,2.7464962,4524.471540244456,500.0
Nunavut,-111.25,65.75,0,0,0,0,0,0,0,0,0,0,0,0,0,0,0,0,0,0,0,0,0,0,0,0,0,0,0,0,0,0,0,0,0,0,0,0,0,0,0,0,0,1,0,0,0,0,0,0,0,0,0,0,0,0,0,0,0,0,0,0,0,0,0,0,0,0,0,0,0,0,0,0,0,0,0,0,0,0,0,0,0,0,0,0,0,0,0,0,0,0,0,0,0,0,0,0,0,0,0,0,0,0,0,0,0,0,0,0,POINT (-714695.9675019789 1917824.8336973037),90401,52.825596,11.851978,5.2682195,4.9326158,8.300609,1.5249175,0.9789549,1.9135832,0.15970826,0.20047309,65.96044,1148.2506,822.0031,40.688698,30.317799,853.85205,475.81833,80.07535,2.427181,106744.02,1.3092583,0.8823307,13.66697,12.425495,4.053232,9.056328,89.31164,2.0,5.450583,0.0,2.7449086,5175.301252952511,490.0
Nunavut,-106.6666667,68.15,0,0,0,0,0,0,0,0,0,0,0,0,0,0,0,0,0,0,0,0,0,0,0,0,0,0,0,0,0,0,0,0,0,0,0,0,0,0,0,0,0,0,0,0,0,0,0,0,0,0,0,0,0,0,0,0,0,0,0,0,0,0,0,0,0,0,0,0,0,0,0,0,0,0,0,0,0,0,0,0,0,0,0,0,0,1,0,0,0,0,0,0,0,0,0,0,0,0,0,0,0,0,0,0,0,0,0,0,POINT (-468451.65950114385 2128903.6583242086),99581,45.930656,9.707822,5.6990895,9.464167,9.848674,0.7130071,0.25719196,1.8335876,0.20243892,0.24464841,66.55928,1025.1365,594.0127,43.537262,14.479215,1140.0558,283.41055,105.075905,2.6428936,141047.94,1.2152963,0.7485067,16.859512,9.578778,3.4208546,4.8279643,101.32838,2.0,5.520068,0.0,2.7428536,1897.0366343092617,34.0
Nunavut,-106.612652,68.137186,0,0,0,0,0,0,0,0,0,0,0,0,0,0,0,0,0,0,0,0,0,0,0,0,0,0,0,0,0,0,0,0,0,0,0,0,0,0,0,0,0,1,0,0,0,0,0,0,0,0,0,0,0,0,0,0,0,0,0,0,0,0,0,0,0,0,0,0,0,0,0,0,0,0,0,0,0,0,0,0,0,0,0,0,0,0,0,0,0,0,0,0,0,0,0,0,0,0,0,0,0,0,0,0,0,0,0,0,POINT (-466559.188215538 2127140.9094444937),99581,45.930656,9.707822,5.6990895,9.464167,9.848674,0.7130071,0.25719196,1.8335876,0.20243892,0.24464841,66.55928,1025.1365,594.0127,43.537262,14.479215,1140.0558,283.41055,105.075905,2.6428936,141047.94,1.2152963,0.7485067,16.859512,9.578778,3.4208546,4.8279643,101.32838,2.0,5.520068,0.0,2.7428536,4473.471013494382,38.0
Nunavut,-98.5,61.266666666666666,0,0,0,0,0,0,0,0,0,0,0,0,0,0,0,0,0,0,0,0,0,0,0,0,0,0,0,0,0,0,0,0,0,0,0,0,0,0,0,0,0,1,0,0,0,0,0,0,0,0,0,0,0,0,0,0,0,0,0,0,0,0,0,0,0,0,0,0,0,0,0,0,0,0,0,0,0,0,0,0,0,0,0,0,0,0,0,0,0,0,0,0,0,0,0,0,0,0,0,0,0,0,0,0,0,0,0,0,POINT (-182198.28075219895 1346395.203987636),65602,50.789062,10.779135,7.7082624,2.5262709,6.118022,2.2747939,2.2565184,0.58789134,0.12884618,0.112920836,9.626596,30.48753,52.941223,33.80422,489.5529,42.52095,71.20959,15.896532,1.0430145,5.2072415,23.345383,3.039488,57.362514,113.00917,40.940987,9.938,91.842606,1.8119118,5.317025,0.0,2.697516,4222.067733745647,265.0
Nunavut,-96.697,65.415,0,0,0,0,0,0,0,0,0,0,0,0,0,0,0,0,0,0,0,0,0,0,0,0,0,0,0,0,0,0,0,0,0,0,0,0,0,0,0,0,0,1,0,0,0,0,0,0,0,0,0,0,0,0,0,0,0,0,0,0,0,0,0,0,0,0,0,0,0,0,0,0,0,0,0,0,0,0,0,0,0,0,0,0,0,0,0,0,0,0,0,0,0,0,0,0,0,0,0,0,0,0,0,0,0,0,0,0,POINT (-76411.70519485326 1790828.0065825072),84796,60.39827,12.630377,6.0973043,1.9229933,3.5832524,2.4189007,2.287709,0.5587855,0.11770325,0.13205205,29.29217,318.4491,208.1996,40.59619,341.04797,437.08365,138.06554,14.651383,1.3907043,41278.887,22.307945,3.3014874,43.580296,85.30755,31.997253,9.148327,152.70787,0.65753275,5.532434,0.0,2.739794,3682.6579906041984,159.0
Nunavut,-96.04889,65.025,0,0,0,0,0,0,0,0,0,0,0,0,0,0,0,0,0,0,0,0,0,0,0,0,0,0,0,0,0,0,0,0,0,0,0,0,0,0,0,0,0,1,0,0,0,0,0,0,0,0,0,0,0,0,0,0,0,0,0,0,0,0,0,0,0,0,0,0,0,0,0,0,0,0,0,0,0,0,0,0,0,0,0,0,0,0,0,0,0,0,0,0,0,0,0,0,0,0,0,0,0,0,0,0,0,0,0,0,POINT (-47927.601581784955 1748042.725688591),83055,60.24045,12.566296,6.076939,1.9490143,3.58199,2.3798914,2.2395267,0.5568298,0.11631427,0.13279311,4.9457455,28.442924,57.037754,30.397394,319.20386,71.03147,86.95919,14.316139,1.0408584,7.5939603,21.488117,3.1995752,42.226353,82.844,31.175646,8.9512415,117.390366,0.6661932,5.4180026,0.0,2.7630847,2850.406092419571,132.0
Nunavut,-92.220206,63.031529,0,0,0,0,0,0,0,0,0,0,0,0,0,0,0,0,0,0,0,0,0,0,0,0,0,0,0,0,0,0,0,0,0,0,0,0,0,0,0,0,0,1,0,0,0,0,0,0,0,0,0,0,0,0,0,0,0,0,0,0,0,0,0,0,0,0,0,0,0,0,0,0,0,0,0,0,0,0,0,0,0,0,0,0,0,0,0,0,0,0,0,0,0,0,0,0,0,0,0,0,0,0,0,0,0,0,0,0,POINT (136397.15388431534 1535177.1701487321),73918,55.65618,11.390752,5.58685,2.7333465,4.283089,1.5660328,1.1320586,0.54724693,0.088132486,0.16071986,5.732319,40.802334,70.60966,28.524319,44.608067,111.63951,101.56512,7.432294,1.0,10.745502,4.72533,1.03713,14.407402,31.418392,14.045255,4.732693,159.63808,0.89385706,5.2994547,0.0,2.6825354,6020.042411180012,68.0
Nunavut,-92.09944444,62.80972222222222,0,0,0,0,0,0,0,0,0,0,0,0,0,0,0,0,0,0,0,0,0,0,0,0,1,0,0,0,0,0,0,0,0,0,0,0,0,0,0,0,0,0,0,0,0,0,0,0,0,0,0,0,0,0,0,0,0,0,0,0,0,0,0,1,0,0,0,0,0,0,0,0,0,0,0,0,0,0,0,0,0,0,0,0,0,0,0,0,0,0,0,0,0,0,0,0,0,0,0,0,0,0,0,0,0,0,0,0,POINT (143411.45690118312 1511492.7791589394),72610,58.147026,11.545121,5.7564206,2.3733482,3.298394,1.7440022,1.4454249,0.51711917,0.093869984,0.14032415,4.718184,37.390575,58.082214,25.19862,61.601513,93.78143,101.11339,8.432031,1.0,9.365112,7.202007,1.4460764,19.01931,40.86004,17.153606,5.6872077,141.87112,0.7945981,5.307289,0.0,2.683215,3723.583549709615,29.0
Nunavut,-84.53722222,73.04444444444444,0,0,0,0,0,0,0,0,0,0,0,0,0,0,0,0,0,0,0,0,0,0,0,0,0,0,0,0,0,0,0,0,0,0,0,0,0,0,0,0,0,0,0,0,0,0,0,0,0,0,1,0,0,0,0,0,0,0,0,0,0,0,0,0,0,0,0,0,0,0,0,0,0,0,0,0,0,0,0,0,0,0,0,0,0,1,0,0,0,0,0,0,0,0,0,0,0,0,0,0,0,0,0,0,0,0,1,0,POINT (333267.3170226666 2646456.9101379076),122333,64.27804,13.595432,3.6438026,1.2347722,2.9788508,3.0417626,2.3285882,0.417994,0.07827312,0.07322574,2.721806,18.540743,28.953836,16.372982,17.071861,55.861507,60.84534,14.730989,1.2458642,4.028311,8.003274,0.99555653,34.9245,69.41878,26.096832,5.127954,72.796104,3.0290363,5.553279,0.0,2.742666,4819.922643512277,240.739
Nunavut,-71.340446,71.340446,0,0,0,0,0,0,0,0,0,0,0,0,0,0,0,0,0,0,0,0,0,0,0,0,0,0,0,0,0,0,0,0,0,0,0,0,0,0,0,0,0,0,0,0,0,0,0,1,0,0,0,0,0,0,0,0,0,0,0,0,0,0,0,0,0,0,0,0,0,0,0,0,0,0,0,0,0,0,0,0,0,0,0,0,0,0,0,0,0,0,0,0,0,0,0,0,0,0,0,0,0,0,0,0,0,0,0,0,POINT (807420.5517408905 2584560.644365366),119329,59.02186,14.147233,4.7104836,3.3653114,5.359796,3.21897,1.7605585,0.5466031,0.15275218,0.09269582,2.184838,24.345947,143.77766,25.485947,11.797564,196.40497,62.80612,7.574382,1.4622258,0.5745377,2.0503209,0.40426445,24.773584,47.62268,20.98955,3.2628498,120.147316,2.2215936,5.4891005,0.0,2.7094316,5239.605835583496,58.0
Ontario,-94.93163,50.4639,0,0,0,0,0,0,0,0,0,0,0,0,0,0,0,0,0,0,0,0,0,0,0,0,0,0,0,0,0,0,0,0,0,0,0,0,0,0,0,0,0,0,0,0,0,0,0,0,0,0,0,0,0,0,0,0,0,0,0,0,0,0,0,1,0,0,0,0,0,0,0,0,0,0,0,0,0,0,0,0,0,0,0,0,0,0,0,0,0,0,0,0,0,0,0,0,0,0,0,0,0,0,0,0,0,0,0,0,POINT (4828.220679280225 162375.38524388502),13736,67.59861,14.030979,4.584953,1.6386582,3.644715,3.3475692,2.628394,0.38481835,0.105564564,0.10647841,2.3474562,51.831642,43.233185,15.599926,14.046344,61.380993,57.755085,11.354048,1.1081171,5.422659,7.0937514,2.0088482,14.266539,31.015327,12.553188,16.286777,81.87115,1.2342769,6.2374196,0.0,2.8173783,5380.853246802835,340.0
Ontario,-94.3469,50.4855,0,0,0,0,0,0,0,0,0,0,0,0,0,0,0,0,0,0,0,0,0,0,0,0,1,0,0,0,0,0,0,0,0,0,0,0,0,0,0,0,0,0,0,0,0,0,0,0,0,0,0,0,0,0,0,0,0,0,0,0,0,0,0,1,0,0,0,0,0,0,0,0,0,0,0,0,0,0,0,0,0,0,0,0,0,0,0,0,0,0,0,0,0,0,0,0,0,0,0,0,0,0,0,0,0,0,0,0,POINT (46095.92789167982 164999.0883557043),13741,66.01426,14.077562,4.509229,1.9037322,4.2436824,3.424411,2.5161939,0.3508615,0.107574075,0.109041385,5.0760837,53.951923,45.765038,14.976226,14.390048,62.45616,55.47328,11.618398,1.1203846,2.5,6.905315,1.9526023,15.834829,34.942013,15.3688545,17.866114,77.80464,1.6760943,6.262487,0.0,2.843258,6342.86466464059,365.0
Ontario,-94.24474,51.05136,0,0,0,0,0,0,0,0,0,0,0,0,0,0,0,0,0,0,0,0,0,0,0,0,0,0,0,0,0,0,0,0,0,0,0,0,0,0,0,0,0,1,0,0,0,0,0,0,0,0,0,0,0,0,0,0,0,0,0,0,0,0,0,0,0,0,0,0,0,0,0,0,0,0,0,0,0,0,0,0,0,0,0,0,0,0,0,0,0,0,0,0,0,0,0,0,0,0,0,0,0,0,0,0,0,0,0,0,POINT (52563.49103340767 227615.41705789257),16793,61.637535,14.611206,6.049927,3.1507049,5.7679954,2.5923514,2.3938026,0.46720612,0.118399784,0.11708724,6.377447,70.19284,42.660576,19.410051,26.60279,49.621742,48.22242,6.6758323,1.1101867,2.5,7.402629,2.0186121,14.963054,33.393997,14.977274,7.931362,111.666534,1.5662029,6.2628856,0.0,2.840691,3500.890776322174,359.0
Ontario,-94.012,48.833,0,0,0,0,0,0,0,0,0,0,0,0,0,0,0,0,0,0,0,0,0,0,0,1,1,0,0,0,0,0,0,0,0,0,0,0,0,0,0,0,0,1,0,0,0,0,0,0,0,0,0,0,0,0,0,0,0,0,0,0,0,0,0,1,0,0,0,0,0,0,0,0,0,0,0,0,0,0,0,0,0,0,0,0,0,1,0,0,0,0,0,0,0,0,0,0,0,0,0,0,0,0,0,0,0,0,0,0,POINT (72579.3835817278 -18014.083375789338),5895,66.922615,13.994014,4.8527627,1.6901052,3.9913807,3.4142954,2.5917976,0.4037287,0.10988556,0.117276765,2.6770074,36.940327,45.097538,15.239185,14.390136,85.64087,53.953243,10.433372,1.1167299,6.237812,6.282792,1.96852,15.600726,33.643215,13.424553,18.250668,95.30389,1.0814545,6.341869,0.0,2.8764365,3255.2055189550656,360.0
Ontario,-93.93847,50.96932,0,0,0,0,0,0,0,0,0,0,0,0,0,0,0,0,0,0,0,0,0,0,0,0,0,0,0,0,0,0,0,0,0,0,0,0,0,0,0,0,0,1,0,0,0,0,0,0,0,0,0,0,0,0,0,0,0,0,0,0,0,0,0,0,0,0,0,0,0,0,0,0,0,0,0,0,0,0,0,0,0,0,0,0,0,0,0,0,0,0,0,0,0,0,0,0,0,0,0,0,0,0,0,0,0,0,0,0,POINT (74028.33212195891 218860.9364422679),16359,62.93967,14.225268,5.738491,3.0161333,5.405648,2.4879935,2.50168,0.44908774,0.1101744,0.118965104,6.022962,68.83092,42.58477,19.149475,24.011353,50.011383,55.4812,7.7991104,1.1153457,2.5,7.9785514,2.1257327,14.896095,32.950176,14.46984,7.9728246,107.45176,1.5842505,6.2626224,0.0,2.841707,4186.137640794383,373.0
Ontario,-93.93332,50.95092,0,0,0,0,0,0,0,0,0,0,0,0,0,0,0,0,0,0,0,0,0,0,0,0,0,0,0,0,0,0,0,0,0,0,0,0,0,0,0,0,0,1,0,0,0,0,0,0,0,0,0,0,0,0,0,0,0,0,0,0,0,0,0,0,0,0,0,0,0,0,0,0,0,0,0,0,0,0,0,0,0,0,0,0,0,0,0,0,0,0,0,0,0,0,0,0,0,0,0,0,0,0,0,0,0,0,0,0,POINT (74421.52718306243 216834.87974555814),16359,62.93967,14.225268,5.738491,3.0161333,5.405648,2.4879935,2.50168,0.44908774,0.1101744,0.118965104,6.022962,68.83092,42.58477,19.149475,24.011353,50.011383,55.4812,7.7991104,1.1153457,2.5,7.9785514,2.1257327,14.896095,32.950176,14.46984,7.9728246,107.45176,1.5842505,6.2626224,0.0,2.841707,5437.561697982357,399.0
Ontario,-93.91769,50.96714,0,0,0,0,0,0,0,0,0,0,0,0,0,0,0,0,0,0,0,0,0,0,0,0,0,0,0,0,0,0,0,0,0,0,0,0,0,0,0,0,0,1,0,0,0,0,0,0,0,0,0,0,0,0,0,0,0,0,0,0,0,0,0,0,0,0,0,0,0,0,0,0,0,0,0,0,0,0,0,0,0,0,0,0,0,0,0,0,0,0,0,0,0,0,0,0,0,0,0,0,0,0,0,0,0,0,0,0,POINT (75481.43349661864 218644.60986576532),16360,62.996475,14.214245,5.730533,3.0107553,5.388141,2.483019,2.5063417,0.44820306,0.11010412,0.11862872,5.956871,68.64715,42.546288,19.108282,23.974451,50.110825,55.64433,7.8356986,1.1164526,2.5,7.986233,2.1285503,14.872143,32.88854,14.427336,7.968045,107.1853,1.5797552,6.262501,0.0,2.8419962,4717.555696978223,393.0
Ontario,-93.8275,51.0775,0,0,0,0,0,0,0,0,0,0,0,0,0,0,0,0,0,0,0,0,0,0,0,0,0,0,0,0,0,0,0,0,0,0,0,0,0,0,0,0,0,1,0,0,0,0,0,0,0,0,0,0,0,0,0,0,0,0,0,0,0,0,0,0,0,0,0,0,0,0,0,0,0,0,0,0,0,0,0,0,0,0,0,0,0,1,0,0,0,0,0,0,0,0,0,0,0,0,0,0,0,0,0,0,0,0,0,0,POINT (81546.04994914176 230941.2514449926),16796,62.95613,14.225099,5.738287,3.0126152,5.3943357,2.4790316,2.5131493,0.44801384,0.10981127,0.11879195,6.0538793,68.53379,42.482315,19.104528,24.05848,50.028954,55.47015,7.7728286,1.1152725,2.5,8.002417,2.1358845,14.824709,32.808712,14.399198,7.9715405,107.390686,1.5799054,6.262653,0.0,2.841666,1810.02443750504,372.0
Ontario,-93.81273,51.06971,0,0,0,0,0,0,0,0,0,0,0,0,0,0,0,0,0,0,0,0,0,0,0,0,0,0,0,0,0,0,0,0,0,0,0,0,0,0,0,0,0,1,0,0,0,0,0,0,0,0,0,0,0,0,0,0,0,0,0,0,0,0,0,0,0,0,0,0,0,0,0,0,0,0,0,0,0,0,0,0,0,0,0,0,0,0,0,0,0,0,0,0,0,0,0,0,0,0,0,0,0,0,0,0,0,0,0,0,POINT (82589.22220970814 230100.33757193296),16796,62.95613,14.225099,5.738287,3.0126152,5.3943357,2.4790316,2.5131493,0.44801384,0.10981127,0.11879195,6.0538793,68.53379,42.482315,19.104528,24.05848,50.028954,55.47015,7.7728286,1.1152725,2.5,8.002417,2.1358845,14.824709,32.808712,14.399198,7.9715405,107.390686,1.5799054,6.262653,0.0,2.841666,2591.2008724136317,357.0
Ontario,-93.80895,51.07729,0,0,0,0,0,0,0,0,0,0,0,0,0,0,0,0,0,0,0,0,0,0,0,0,0,0,0,0,0,0,0,0,0,0,0,0,0,0,0,0,0,1,0,0,0,0,0,0,0,0,0,0,0,0,0,0,0,0,0,0,0,0,0,0,0,0,0,0,0,0,0,0,0,0,0,0,0,0,0,0,0,0,0,0,0,0,0,0,0,0,0,0,0,0,0,0,0,0,0,0,0,0,0,0,0,0,0,0,POINT (82836.46601658323 230942.03909609042),16796,62.95613,14.225099,5.738287,3.0126152,5.3943357,2.4790316,2.5131493,0.44801384,0.10981127,0.11879195,6.0538793,68.53379,42.482315,19.104528,24.05848,50.028954,55.47015,7.7728286,1.1152725,2.5,8.002417,2.1358845,14.824709,32.808712,14.399198,7.9715405,107.390686,1.5799054,6.262653,0.0,2.841666,2988.8191674811783,372.0
Ontario,-93.808445,51.076504,0,0,0,0,0,0,0,0,0,0,0,0,0,0,0,0,0,0,0,0,0,0,0,0,0,0,0,0,0,0,0,0,0,0,0,0,0,0,0,0,0,1,0,0,0,0,0,0,0,0,0,0,0,0,0,0,0,0,0,0,0,0,0,0,0,0,0,0,0,0,0,0,0,0,0,0,0,0,0,0,0,0,0,0,0,0,0,0,0,0,0,0,0,0,0,0,0,0,0,0,0,0,0,0,0,0,0,0,POINT (82873.20986438515 230855.92829297588),16796,62.95613,14.225099,5.738287,3.0126152,5.3943357,2.4790316,2.5131493,0.44801384,0.10981127,0.11879195,6.0538793,68.53379,42.482315,19.104528,24.05848,50.028954,55.47015,7.7728286,1.1152725,2.5,8.002417,2.1358845,14.824709,32.808712,14.399198,7.9715405,107.390686,1.5799054,6.262653,0.0,2.841666,2998.0040176638995,380.0
Ontario,-93.801492,51.063322,0,0,0,0,0,0,0,0,0,0,0,0,0,0,0,0,0,0,0,0,0,0,0,0,0,0,0,0,0,0,0,0,0,0,0,0,0,0,0,0,0,1,0,0,0,0,0,0,0,0,0,0,0,0,0,0,0,0,0,0,0,0,0,0,0,0,0,0,0,0,0,0,0,0,0,0,0,0,0,0,0,0,0,0,0,0,0,0,0,0,0,0,0,0,0,0,0,0,0,0,0,0,0,0,0,0,0,0,POINT (83384.16076301834 229409.78813011225),16796,62.95613,14.225099,5.738287,3.0126152,5.3943357,2.4790316,2.5131493,0.44801384,0.10981127,0.11879195,6.0538793,68.53379,42.482315,19.104528,24.05848,50.028954,55.47015,7.7728286,1.1152725,2.5,8.002417,2.1358845,14.824709,32.808712,14.399198,7.9715405,107.390686,1.5799054,6.262653,0.0,2.841666,3435.2950165539824,372.0
Ontario,-93.74805,51.07547,0,0,0,0,0,0,0,0,0,0,0,0,0,0,0,0,0,0,0,0,0,0,0,0,0,0,0,0,0,0,0,0,0,0,0,0,0,0,0,0,0,1,0,0,0,0,0,0,0,0,0,0,0,0,0,0,0,0,0,0,0,0,0,0,0,0,0,0,0,0,0,0,0,0,0,0,0,0,0,0,0,0,0,0,0,0,0,0,0,0,0,0,0,0,0,0,0,0,0,0,0,0,0,0,0,0,0,0,POINT (87075.4280806886 230822.4673936477),16797,63.00602,14.214996,5.7309237,3.0081131,5.3795414,2.4756598,2.516104,0.4473277,0.10979599,0.11849818,5.988738,68.40273,42.459263,19.071777,24.022345,50.1173,55.61645,7.8097196,1.1163157,2.5,8.006751,2.1373136,14.812385,32.77186,14.370276,7.9679294,107.14952,1.5766076,6.262546,0.0,2.841979,3038.212459948377,354.0
Ontario,-93.74109,51.06149,0,0,0,0,0,0,0,0,0,0,0,0,0,0,0,0,0,0,0,0,0,0,0,0,0,0,0,0,0,0,0,0,0,0,0,0,0,0,0,0,0,1,0,0,0,0,0,0,0,0,0,0,0,0,0,0,0,0,0,0,0,0,0,0,0,0,0,0,0,0,0,0,0,0,0,0,0,0,0,0,0,0,0,0,0,0,0,0,0,0,0,0,0,0,0,0,0,0,0,0,0,0,0,0,0,0,0,0,POINT (87589.9952577199 229288.72225168126),16797,63.00602,14.214996,5.7309237,3.0081131,5.3795414,2.4756598,2.516104,0.4473277,0.10979599,0.11849818,5.988738,68.40273,42.459263,19.071777,24.022345,50.1173,55.61645,7.8097196,1.1163157,2.5,8.006751,2.1373136,14.812385,32.77186,14.370276,7.9679294,107.14952,1.5766076,6.262546,0.0,2.841979,2512.9964883531,380.0
Ontario,-93.73225,51.061528,0,0,0,0,0,0,0,0,0,0,0,0,0,0,0,0,0,0,0,0,0,0,0,0,0,0,0,0,0,0,0,0,0,0,0,0,0,0,0,0,0,1,0,0,0,0,0,0,0,0,0,0,0,0,0,0,0,0,0,0,0,0,0,0,0,0,0,0,0,0,0,0,0,0,0,0,0,0,0,0,0,0,0,0,0,0,0,0,0,0,0,0,0,0,0,0,0,0,0,0,0,0,0,0,0,0,0,0,POINT (88204.88282537991 229305.13330165955),16797,63.00602,14.214996,5.7309237,3.0081131,5.3795414,2.4756598,2.516104,0.4473277,0.10979599,0.11849818,5.988738,68.40273,42.459263,19.071777,24.022345,50.1173,55.61645,7.8097196,1.1163157,2.5,8.006751,2.1373136,14.812385,32.77186,14.370276,7.9679294,107.14952,1.5766076,6.262546,0.0,2.841979,1925.1318137537207,366.0
Ontario,-93.73222,51.06167,0,0,0,0,0,0,0,0,0,0,0,0,0,0,0,0,0,0,0,0,0,0,0,0,0,0,0,0,0,0,0,0,0,0,0,0,0,0,0,0,0,1,0,0,0,0,0,0,0,0,0,0,0,0,0,0,0,0,0,0,0,0,0,0,0,0,0,0,0,0,0,0,0,0,0,0,0,0,0,0,0,0,0,0,0,0,0,0,0,0,0,0,0,0,0,0,0,0,0,0,0,0,0,0,0,0,0,0,POINT (88206.65733237937 229320.85107209158),16797,63.00602,14.214996,5.7309237,3.0081131,5.3795414,2.4756598,2.516104,0.4473277,0.10979599,0.11849818,5.988738,68.40273,42.459263,19.071777,24.022345,50.1173,55.61645,7.8097196,1.1163157,2.5,8.006751,2.1373136,14.812385,32.77186,14.370276,7.9679294,107.14952,1.5766076,6.262546,0.0,2.841979,1917.854471129316,366.0
Ontario,-93.73128,51.06028,0,0,0,0,0,0,0,0,0,0,0,0,0,0,0,0,0,0,0,0,0,0,0,0,0,0,0,0,0,0,0,0,0,0,0,0,0,0,0,0,0,1,0,0,0,0,0,0,0,0,0,0,0,0,0,0,0,0,0,0,0,0,0,0,0,0,0,0,0,0,0,0,0,0,0,0,0,0,0,0,0,0,0,0,0,0,0,0,0,0,0,0,0,0,0,0,0,0,0,0,0,0,0,0,0,0,0,0,POINT (88275.11100059196 229168.7050359902),16797,63.00602,14.214996,5.7309237,3.0081131,5.3795414,2.4756598,2.516104,0.4473277,0.10979599,0.11849818,5.988738,68.40273,42.459263,19.071777,24.022345,50.1173,55.61645,7.8097196,1.1163157,2.5,8.006751,2.1373136,14.812385,32.77186,14.370276,7.9679294,107.14952,1.5766076,6.262546,0.0,2.841979,1914.9740576344705,362.0
Ontario,-93.65084,49.42166,0,0,0,0,0,0,0,0,0,0,0,0,0,0,0,0,0,0,0,0,0,0,0,0,1,0,0,0,0,0,0,0,0,0,0,0,0,0,0,0,0,0,0,0,0,0,0,0,0,0,0,0,0,0,0,0,0,0,0,0,0,0,0,0,0,0,0,0,0,0,0,0,0,0,0,0,0,0,0,0,0,0,0,0,0,0,0,0,0,0,0,0,0,0,0,0,0,0,0,0,0,0,0,0,0,0,0,0,POINT (97719.24930783542 47892.850261927575),8950,67.46174,13.914952,4.743834,1.6244864,3.625024,3.2786415,2.7662005,0.403481,0.10690418,0.10791187,2.681103,53.234657,43.873657,16.192978,14.023182,64.175735,52.471977,11.741007,1.117945,6.1754937,7.3152466,2.146282,14.478066,31.767021,13.01316,18.620672,86.050415,1.2369646,6.333427,0.0,2.872327,3105.1463948045057,393.0
Ontario,-93.38841,50.81628,0,0,0,0,0,0,0,0,0,0,0,0,0,0,0,0,0,0,0,0,0,0,0,0,0,0,0,0,0,0,0,0,0,0,0,0,0,0,0,0,0,0,0,0,0,0,0,1,0,0,0,0,0,0,0,0,0,0,0,0,0,0,0,0,0,0,0,0,0,0,0,0,0,0,0,0,0,0,0,0,0,0,0,0,0,0,0,0,0,0,0,0,0,0,0,0,0,0,0,0,0,0,0,0,0,0,0,0,POINT (112809.61521705212 202764.81794372984),15491,63.61058,14.252264,5.319471,2.5778768,5.3608947,3.248584,2.0042598,0.4314667,0.11400867,0.12263172,5.685805,67.982414,42.357628,18.743805,18.745123,50.25563,51.708996,8.608587,1.1200522,2.5,5.9630475,1.5860442,15.225393,32.93118,14.461571,8.437076,105.800255,1.6270139,6.2756515,0.0,2.8429601,3941.8011814994666,355.0
Ontario,-92.67899,51.11175,0,0,0,0,0,0,0,0,0,0,0,0,0,0,0,0,0,0,0,0,0,0,0,0,0,0,0,0,0,0,0,0,0,0,0,0,0,0,0,0,0,0,0,0,0,0,0,0,0,0,0,0,0,0,0,0,0,0,0,0,0,0,0,0,0,0,0,0,0,0,0,0,0,0,0,0,0,0,0,0,0,0,0,0,0,0,0,0,0,0,0,0,0,0,0,0,0,0,0,0,0,0,0,0,0,0,1,0,POINT (161258.98766028418 236913.55017491002),17240,65.591774,14.405115,4.2926164,1.8083129,4.207973,2.637057,3.5211463,0.3266398,0.08034734,0.09195694,5.7962103,52.162437,33.469048,13.947023,19.31422,30.999521,46.048508,8.583041,1.0,2.5,9.367444,2.5676854,16.096786,33.84966,14.234806,6.789343,76.165115,1.5033162,6.275563,0.0,2.843491,3333.6067255178605,400.0
Ontario,-92.34736,49.89671,0,0,0,0,0,0,0,0,0,0,0,0,0,0,0,0,0,0,0,0,0,0,0,0,0,0,0,0,0,0,0,0,0,0,0,0,0,0,0,0,0,1,0,0,0,0,0,0,0,0,0,0,0,0,0,0,0,0,0,0,0,0,0,0,0,0,0,0,0,0,0,0,0,0,0,0,0,0,0,0,0,0,0,0,0,0,0,0,0,0,0,0,0,0,0,0,0,0,0,0,0,0,0,0,0,0,0,0,POINT (189891.28013493944 103520.8027993858),11139,67.42053,13.698109,4.111876,1.5750065,4.0160036,3.2480326,2.6993794,0.30767104,0.08396263,0.091558024,5.3677044,48.23105,43.29994,13.397126,13.360426,55.044388,50.901684,9.52893,1.0,2.5,6.6466894,1.7702289,15.689382,32.64723,13.897005,8.313444,70.42602,1.6570504,6.309043,0.0,2.8596933,3522.479937580327,409.0
Ontario,-91.64844,48.7932,0,0,0,0,0,0,0,0,0,0,0,0,0,0,0,0,0,0,0,0,0,0,0,0,0,0,0,0,0,0,0,0,0,0,0,0,0,0,0,0,0,0,0,0,0,0,0,1,0,0,0,0,0,0,0,0,0,0,0,0,0,0,0,0,0,0,0,0,0,0,0,0,0,0,0,0,0,0,0,0,0,0,0,0,0,0,0,0,0,0,0,0,0,0,0,0,0,0,0,0,0,0,0,0,0,0,0,0,POINT (246337.92108471435 -16515.44338769401),5913,60.777245,14.72297,6.4778476,2.3501775,3.8870907,3.7764478,1.5913116,0.46129,0.08305464,0.101157896,0.48837397,19.517553,39.888958,23.577267,11.09882,66.47278,54.487274,5.0030975,0.11895212,4.1508656,2.5730064,0.7543611,11.087627,24.479164,12.650405,6.4083285,157.25525,0.15343972,6.3261375,0.0,2.8685539,5054.924478641101,391.0
Ontario,-91.630097,48.774029,0,0,0,0,0,0,0,0,0,0,0,0,0,0,0,0,0,0,0,0,0,0,0,0,0,0,0,0,0,0,0,0,0,0,0,0,0,0,0,0,0,0,0,0,0,0,0,1,0,0,0,0,0,0,0,0,0,0,0,0,0,0,0,0,0,0,0,0,0,0,0,0,0,0,0,0,0,0,0,0,0,0,0,0,0,0,0,0,0,0,0,0,0,0,0,0,0,0,0,0,0,0,0,0,0,0,0,0,POINT (247797.8571527642 -18574.936368757877),5913,60.777245,14.72297,6.4778476,2.3501775,3.8870907,3.7764478,1.5913116,0.46129,0.08305464,0.101157896,0.48837397,19.517553,39.888958,23.577267,11.09882,66.47278,54.487274,5.0030975,0.11895212,4.1508656,2.5730064,0.7543611,11.087627,24.479164,12.650405,6.4083285,157.25525,0.15343972,6.3261375,0.0,2.8685539,2622.9746157108143,418.0
Ontario,-91.605,48.81528,0,0,0,0,0,0,0,0,0,0,0,0,0,0,0,0,0,0,0,0,0,0,0,0,0,0,0,0,0,0,0,0,0,0,0,0,0,0,0,0,0,0,0,0,0,0,0,1,0,0,0,0,0,0,0,0,0,0,0,0,0,0,0,0,0,0,0,0,0,0,0,0,0,0,0,0,0,0,0,0,0,0,0,0,0,0,0,0,0,0,0,0,0,0,0,0,0,0,0,0,0,0,0,0,0,0,0,0,POINT (249396.62831783394 -13892.315271830257),6349,63.107426,14.60741,5.6852384,1.766365,3.4265623,3.7128806,2.2974803,0.40356368,0.07196951,0.08976528,0.41849056,16.913269,30.767666,19.01215,11.066991,50.50473,49.94937,6.129415,0.3629097,1.6005245,3.8956456,1.220672,12.309644,26.001345,12.723369,6.1187,107.97778,0.6718858,6.3226366,0.0,2.8667386,3938.953900564027,265.0
Ontario,-91.33058572,48.77102684,0,0,0,0,0,0,0,0,0,0,0,0,0,0,0,0,0,0,0,0,0,0,0,0,0,0,0,0,0,0,0,0,0,0,0,0,0,0,0,0,0,1,0,0,0,0,0,0,0,0,0,0,0,0,0,0,0,0,0,0,0,0,0,0,0,0,0,0,0,0,0,0,0,0,0,0,0,0,0,0,0,0,0,0,0,1,0,0,0,0,0,0,0,0,0,0,0,0,0,0,0,0,0,0,0,0,0,0,POINT (269817.5389864304 -17689.891487695768),5915,56.28569,14.9380665,8.116925,3.8784025,5.58632,3.444998,0.78431374,0.63803154,0.099099204,0.12693955,0.38266736,27.661097,55.930614,32.19088,11.212978,96.5222,64.79604,4.5356,0.11284153,4.1447606,1.4558733,0.3944177,11.040218,24.701534,13.365188,4.5299716,158.26474,0.15263009,6.3263173,0.0,2.868739,2317.17471530911,428.0
Ontario,-91.13417,51.36594,0,0,0,0,0,0,0,0,0,0,0,0,0,0,0,0,0,0,0,0,0,0,0,0,0,0,0,0,0,0,0,0,0,0,0,0,0,0,0,0,0,1,0,0,0,0,0,0,0,0,0,0,0,0,0,0,0,0,0,0,0,0,0,0,0,0,0,0,0,0,0,0,0,0,0,0,0,0,0,0,0,0,0,0,0,0,0,0,0,0,0,0,0,0,0,0,0,0,0,0,0,0,0,0,0,0,0,0,POINT (266780.3194007871 270131.71468956117),18559,72.20205,13.43254,2.1756446,0.5971603,2.2430449,2.9428952,4.7979193,0.17191914,0.047621507,0.042176176,5.7129817,23.010746,18.32198,6.0455227,13.008037,17.318663,22.723572,14.031042,1.0244702,2.5,9.993762,3.015872,22.23338,41.922974,16.021702,4.7666416,35.05286,1.6266867,6.141922,0.0,2.8280997,3222.559418649201,387.0
Ontario,-90.97111,49.87404,0,0,0,0,0,0,0,0,0,0,0,0,0,0,0,0,0,0,0,0,0,0,0,0,1,0,0,0,0,0,0,0,0,0,0,0,0,0,0,0,0,0,0,0,0,0,0,0,0,0,0,0,0,0,0,0,0,0,0,0,0,0,0,0,0,0,0,0,0,0,0,0,0,0,0,0,0,0,0,0,0,0,0,0,0,0,0,0,0,0,0,0,0,0,0,0,0,0,0,0,0,0,0,0,0,0,0,0,POINT (288461.02017672174 106186.29323694271),11585,62.958447,14.2038355,5.7877407,1.9246923,3.8436508,3.2634704,2.5318878,0.42942718,0.06959041,0.09053885,0.68061244,20.075176,32.47953,20.35218,10.735519,56.834347,48.723206,7.3575125,0.34571493,2.9079037,4.5090413,1.3785176,13.346891,27.654205,13.387999,4.302329,126.00844,0.51361555,6.2336574,0.0,2.8186457,4112.799258572749,439.0
Ontario,-90.89011,49.88704,0,0,0,0,0,0,0,0,0,0,0,0,0,0,0,0,0,0,0,0,0,0,0,0,1,0,0,0,0,0,0,0,0,0,0,0,0,0,0,0,0,0,0,0,0,0,0,0,0,0,0,0,0,0,0,0,0,0,0,0,0,0,0,0,0,0,0,0,0,0,0,0,0,0,0,0,0,0,0,0,0,0,0,0,0,0,0,0,0,0,0,0,0,0,0,0,0,0,0,0,0,0,0,0,0,0,0,0,POINT (294159.42118046683 107995.46654755366),11585,62.958447,14.2038355,5.7877407,1.9246923,3.8436508,3.2634704,2.5318878,0.42942718,0.06959041,0.09053885,0.68061244,20.075176,32.47953,20.35218,10.735519,56.834347,48.723206,7.3575125,0.34571493,2.9079037,4.5090413,1.3785176,13.346891,27.654205,13.387999,4.302329,126.00844,0.51361555,6.2336574,0.0,2.8186457,4617.145074910792,438.0
Ontario,-90.87355,49.86967,0,0,0,0,0,0,0,0,0,0,0,0,0,0,0,0,0,0,0,0,0,0,0,0,1,0,0,0,0,0,0,0,0,0,0,0,0,0,0,0,0,0,0,0,0,0,0,0,0,0,0,0,0,0,0,0,0,0,0,0,0,0,0,0,0,0,0,0,0,0,0,0,0,0,0,0,0,0,0,0,0,0,0,0,0,0,0,0,0,0,0,0,0,0,0,0,0,0,0,0,0,0,0,0,0,0,0,0,POINT (295467.85571599397 106150.64509147608),11586,62.841732,14.216816,5.8342094,1.9497753,3.8711731,3.2682934,2.500901,0.43345892,0.0700611,0.091286495,0.6552729,20.2166,32.68958,20.534584,10.785411,57.26886,49.040394,7.284314,0.33953947,2.9113472,4.452694,1.360359,13.30481,27.608196,13.40088,4.313259,127.12854,0.50632215,6.245332,0.0,2.8251507,5946.250863528359,453.0
Ontario,-90.58427,48.60196,0,0,0,0,0,0,0,0,0,0,0,0,0,0,0,0,0,0,0,0,0,0,0,0,0,0,0,0,0,0,0,0,0,0,0,0,0,0,0,0,0,0,0,0,0,0,0,0,1,0,0,0,0,0,0,0,0,0,0,0,0,0,0,0,0,0,0,0,0,0,0,0,0,0,0,0,0,0,0,0,0,0,0,0,0,0,0,0,0,0,0,0,0,0,0,0,0,0,0,0,0,0,0,0,0,0,0,0,POINT (325920.29400481546 -32981.074996662086),5485,56.301636,14.940506,8.121712,3.873081,5.5754104,3.4460216,0.78555,0.638325,0.09901818,0.12695757,0.2896514,27.601461,55.713654,32.13969,11.618499,96.18387,64.83061,4.499618,0.08851313,4.1008286,1.4555733,0.3945668,11.047536,24.715006,13.374376,4.5352445,162.25998,0.14918882,6.336779,0.0,2.8746097,5052.483638611568,459.0
Ontario,-90.3926,52.60936,0,0,0,0,0,0,0,0,0,0,0,0,0,0,0,0,0,0,0,0,0,0,0,0,0,0,0,0,0,0,0,0,0,0,0,0,0,0,0,0,0,1,0,0,0,0,0,0,0,0,0,0,0,0,0,0,0,0,0,0,0,0,0,0,0,0,0,0,0,0,0,0,0,0,0,0,0,0,0,0,0,0,0,0,0,0,0,0,0,0,0,0,0,0,0,0,0,0,0,0,0,0,0,0,0,0,0,0,POINT (307965.7319985353 410081.26987267716),24667,70.95497,13.833536,2.9092965,0.67171097,2.5754464,3.1500738,4.2073884,0.22874632,0.050559424,0.049329877,5.082811,15.932106,23.666931,7.044989,592.89417,37.347202,42.557076,18.172857,1.0,4.223002,16.184134,2.8441346,31.456327,57.296043,19.653515,5.073317,41.26553,0.8262394,6.098526,0.0,2.808791,2036.0210851135007,301.0
Ontario,-90.247925,48.596789,0,0,0,0,0,0,0,0,0,0,0,0,0,0,0,0,0,0,0,0,0,0,0,0,1,0,0,0,0,0,0,0,0,0,0,0,0,0,0,0,0,0,0,0,0,0,0,0,0,0,0,0,0,0,0,0,0,0,0,0,0,0,0,1,0,0,0,0,0,0,0,0,0,0,0,0,0,0,0,0,0,0,0,0,0,0,0,0,0,0,0,0,0,0,0,0,0,0,0,0,0,0,0,0,0,0,0,0,POINT (350743.9785224542 -31766.42939980942),5487,56.308674,14.941455,8.124079,3.8707085,5.570643,3.446373,0.7860656,0.6384696,0.098984726,0.1269688,0.26097137,27.576256,55.617744,32.117542,11.756895,96.033005,64.84522,4.4835668,0.08066609,4.0819182,1.4555131,0.39464247,11.051409,24.722643,13.379488,4.537983,163.5333,0.148023,6.3406053,0.0,2.876805,1916.671348725304,456.0
Ontario,-90.18529027,51.46378453,0,0,0,0,0,0,0,0,0,0,0,0,0,0,0,0,0,0,0,0,0,0,0,0,1,0,0,0,0,0,0,0,0,0,0,0,0,0,0,0,0,0,0,0,0,0,0,0,0,0,0,0,0,0,0,0,0,0,0,0,0,0,0,1,0,0,0,0,0,0,0,0,0,0,0,0,0,0,0,0,0,0,0,0,0,0,0,0,0,0,0,0,0,0,0,0,0,0,0,0,0,0,0,0,0,0,0,0,POINT (331333.50570182793 285359.8961895019),19437,72.85642,13.127514,2.1322064,0.4783777,2.0329719,2.7846181,5.083995,0.15791988,0.043836456,0.040145073,5.5254292,18.279877,18.348068,5.505327,11.384239,21.313343,23.622223,14.572478,1.0161055,2.95748,9.693766,2.9345691,23.345083,43.632492,17.274326,5.0019503,33.148083,1.4257104,6.1346035,0.0,2.8287656,4827.924200401272,366.0
Ontario,-90.09447,51.41475,0,0,0,0,0,0,0,0,0,0,0,0,0,0,0,0,0,0,0,0,0,0,0,0,0,0,0,0,0,0,0,0,0,0,0,0,0,0,0,0,0,1,0,0,0,0,0,0,0,0,0,0,0,0,0,0,0,0,0,0,0,0,0,0,0,0,0,0,0,0,0,0,0,0,0,0,0,0,0,0,0,0,0,0,0,0,0,0,0,0,0,0,0,0,0,0,0,0,0,0,0,0,0,0,0,0,0,0,POINT (337987.8470193874 280445.77081743086),19002,71.642555,13.254098,2.5040596,0.58615243,2.3901138,2.7970653,4.8856783,0.18872146,0.051052906,0.04868751,4.9809723,22.365633,20.867098,6.876591,11.401885,24.671204,26.205782,14.452118,1.0,3.091201,9.591634,2.886747,25.302778,47.38311,18.947996,5.3997035,41.07717,1.5904487,6.1376925,0.0,2.8295653,2061.1825213947614,386.0
Ontario,-90.05537,51.50195,0,0,0,0,0,0,0,0,0,0,0,0,0,0,0,0,0,0,0,0,0,0,0,0,0,0,0,0,0,0,0,0,0,0,0,0,0,0,0,0,0,1,0,0,0,0,0,0,0,0,0,0,0,0,0,0,0,0,0,0,0,0,0,0,0,0,0,0,0,0,0,0,0,0,0,0,0,0,0,0,0,0,0,0,0,0,0,0,0,0,0,0,0,0,0,0,0,0,0,0,0,0,0,0,0,0,0,0,POINT (339929.6079129236 290241.5562625514),19438,71.89666,13.231877,2.4239368,0.56160647,2.3130896,2.7931073,4.9336047,0.18177885,0.049363054,0.0467921,5.0167966,21.404903,20.361984,6.5753164,11.195082,24.097666,25.67545,14.58497,1.0198148,3.0724053,9.63144,2.9065309,24.90496,46.59524,18.583866,5.2834315,39.367348,1.5179292,6.134181,0.0,2.8290064,251.3211023876428,347.0
Ontario,-89.61277,49.16997,0,0,0,0,0,0,0,0,0,0,0,0,0,0,0,0,0,0,0,0,0,0,0,0,0,0,0,0,0,0,0,0,0,0,0,0,0,0,0,0,0,0,0,0,0,0,0,0,0,0,0,0,0,0,0,0,0,0,0,0,0,0,0,0,0,0,1,0,0,0,0,0,0,0,0,0,0,0,0,0,0,0,0,0,0,0,0,0,0,0,0,0,0,0,0,0,0,0,0,0,0,0,0,0,0,0,0,0,POINT (392123.6068337248 35512.117382714714),8543,56.407204,14.948905,8.137899,3.9476483,5.231991,3.6169353,0.6813313,0.64357,0.10025457,0.12589467,0.23321103,29.403864,54.774445,31.24011,11.796751,108.88816,65.24956,4.378837,0.08694031,4.1173363,1.4529344,0.39277884,11.246075,25.448338,13.944392,4.756909,162.65024,0.1507737,6.336008,0.0,2.8758507,4965.020270992922,511.0
Ontario,-88.0339,49.62588,0,0,0,0,0,0,0,0,0,0,0,0,0,0,0,0,0,0,0,0,0,0,0,0,0,0,0,0,0,0,0,0,0,0,0,0,0,0,0,0,0,1,0,0,0,0,0,0,0,0,0,0,0,0,0,0,0,0,0,0,0,0,0,0,0,0,0,0,0,0,0,0,0,0,0,0,0,0,0,0,0,0,0,0,0,0,0,0,0,0,0,0,0,0,0,0,0,0,0,0,0,0,0,0,0,0,0,0,POINT (501104.61165046063 96992.19841338912),11170,55.551968,14.940001,8.434308,4.073443,5.5961,3.4110968,0.6189889,0.6553818,0.10080332,0.13125725,0.074789256,31.905222,64.1516,33.361916,13.144225,123.113235,66.55013,4.3762903,0.070690714,5.2648315,1.45737,0.38388732,10.905693,24.692162,13.366015,4.7102857,166.27379,0.15470722,6.3539166,0.0,2.8901515,3204.311541016596,314.0
Ontario,-87.938508,49.610917,0,0,0,0,0,0,0,0,0,0,0,0,0,0,0,0,0,0,0,0,0,0,0,0,0,0,0,0,0,0,0,0,0,0,0,0,0,0,0,0,0,1,0,0,0,0,0,0,0,0,0,0,0,0,0,0,0,0,0,0,0,0,0,0,0,0,0,0,0,0,0,0,0,0,0,0,0,0,0,0,0,0,0,0,0,0,0,0,0,0,0,0,0,0,0,0,0,0,0,0,0,0,0,0,0,0,0,0,POINT (508122.53357247426 96098.76684237913),11171,55.54815,14.939003,8.429511,4.076284,5.5994134,3.4127505,0.6181833,0.65523094,0.10087764,0.13119888,0.07470143,31.93561,64.25763,33.372593,13.185724,123.375374,66.53008,4.399873,0.06760817,5.286004,1.4579856,0.38398913,10.905486,24.69406,13.366552,4.709746,166.90755,0.15493314,6.3545604,0.0,2.8909922,4329.635801424563,331.0
Ontario,-87.37375,48.97865,0,0,0,0,0,0,0,0,0,0,0,0,0,0,0,0,0,0,0,0,0,0,0,0,1,0,0,0,0,0,0,0,0,0,0,0,0,0,0,0,0,0,0,0,0,0,0,0,0,0,0,0,0,0,0,0,0,0,0,0,0,0,0,0,0,0,0,0,0,0,0,0,0,0,0,0,0,0,0,0,0,0,0,0,0,0,0,0,0,0,0,0,0,0,0,0,0,0,0,0,0,0,0,0,0,0,0,0,POINT (556974.3686298233 31055.697240284408),8124,56.09722,14.835779,8.002904,4.056038,5.61429,3.4994702,0.68864715,0.6281404,0.10451442,0.12416097,0.044942368,31.173346,62.641594,32.29861,13.5562525,119.96799,63.8869,5.711484,0.02560343,5.5253983,1.5150319,0.40780887,11.366956,25.767397,13.973806,4.76623,175.82755,0.16116151,6.242218,0.0,2.8849494,3204.149760660608,445.0
Ontario,-87.36555,48.97755,0,0,0,0,0,0,0,0,0,0,0,0,0,0,0,0,0,0,0,0,0,0,0,0,0,0,0,0,0,0,0,0,0,0,0,0,0,0,0,0,0,0,0,0,0,0,0,0,0,0,0,0,0,0,0,0,0,0,0,0,0,0,0,0,0,0,0,0,0,0,0,0,0,0,0,0,0,0,0,0,0,0,0,0,0,0,0,0,0,0,0,0,0,0,0,0,0,0,0,0,0,0,0,0,0,0,1,0,POINT (557585.0179941885 31006.079445131556),8124,56.09722,14.835779,8.002904,4.056038,5.61429,3.4994702,0.68864715,0.6281404,0.10451442,0.12416097,0.044942368,31.173346,62.641594,32.29861,13.5562525,119.96799,63.8869,5.711484,0.02560343,5.5253983,1.5150319,0.40780887,11.366956,25.767397,13.973806,4.76623,175.82755,0.16116151,6.242218,0.0,2.8849494,2615.805609489489,474.0
Ontario,-86.93622,49.67884,0,0,0,0,0,0,0,0,0,0,0,0,0,0,0,0,0,0,0,0,0,0,0,0,0,0,0,0,0,0,0,0,0,0,0,0,0,0,0,0,0,1,0,0,0,0,0,0,0,0,0,0,0,0,0,0,0,0,0,0,0,0,0,0,0,0,0,0,0,0,0,0,0,0,0,0,0,0,0,0,0,0,0,0,0,0,0,0,0,0,0,0,0,0,0,0,0,0,0,0,0,0,0,0,0,0,0,0,POINT (578928.5518161244 112146.74349491604),11614,56.1194,14.845299,7.980317,4.0485578,5.6120563,3.4923449,0.69714314,0.6245964,0.104178034,0.12394476,0.08682773,31.031466,62.531506,32.207176,13.392758,119.49321,63.952545,5.7197556,0.06064766,5.437001,1.5072995,0.40731052,11.31148,25.60763,13.863491,4.719698,168.81863,0.15645337,6.2620196,0.0,2.88788,2399.217352911924,337.0
Ontario,-85.92069,48.69442,0,0,0,0,0,0,0,0,0,0,0,0,0,0,0,0,0,0,0,0,0,0,0,0,0,0,0,0,0,0,0,0,0,0,0,0,0,0,0,0,0,1,0,0,0,0,0,0,0,0,0,0,0,0,0,0,0,0,0,0,0,0,0,0,0,0,0,0,0,0,0,0,0,0,0,0,0,0,0,0,0,0,0,0,0,1,0,0,0,0,0,0,0,0,0,0,0,0,0,0,0,0,0,0,0,0,0,0,POINT (666932.8071497943 13678.058289638228),7263,55.99922,14.856187,7.929112,4.0927844,5.664904,3.5072005,0.6816261,0.6226774,0.104647204,0.12366601,0.1005335,31.488392,64.5436,32.438484,14.686416,124.224686,64.081474,5.9570904,0.0,5.6714664,1.5023526,0.40525475,11.1801195,25.307585,13.661742,4.6531115,170.13965,0.14299428,6.2386546,0.0,2.8854628,4788.866923913065,330.0
Ontario,-85.90463,48.69765,0,0,0,0,0,0,0,0,0,0,0,0,0,0,0,0,0,0,0,0,0,0,0,0,0,0,0,0,0,0,0,0,0,0,0,0,0,0,0,0,0,1,0,0,0,0,0,0,0,0,0,0,0,0,0,0,0,0,0,0,0,0,0,0,0,0,0,0,0,0,0,0,0,0,0,0,0,0,0,0,0,0,0,0,0,1,0,0,0,0,0,0,0,0,0,0,0,0,0,0,0,0,0,0,0,0,0,0,POINT (668053.223082828 14202.546077934685),7263,55.99922,14.856187,7.929112,4.0927844,5.664904,3.5072005,0.6816261,0.6226774,0.104647204,0.12366601,0.1005335,31.488392,64.5436,32.438484,14.686416,124.224686,64.081474,5.9570904,0.0,5.6714664,1.5023526,0.40525475,11.1801195,25.307585,13.661742,4.6531115,170.13965,0.14299428,6.2386546,0.0,2.8854628,4631.303006161335,331.0
Ontario,-85.888,49.18005,0,0,0,0,0,0,0,0,0,0,0,0,0,0,0,0,0,0,0,0,0,0,0,0,1,0,0,0,0,0,0,0,0,0,0,0,0,0,0,0,0,0,0,0,0,0,0,0,0,0,0,0,0,0,0,0,0,0,0,0,0,0,0,0,0,0,0,0,0,0,0,0,0,0,0,0,0,0,0,0,0,0,0,0,0,0,0,0,0,0,0,0,0,0,0,0,0,0,0,0,0,0,0,0,0,0,0,0,POINT (661605.4694103329 67487.55994138363),9878,56.050842,14.85125,7.951347,4.0739264,5.6418853,3.5011816,0.6880566,0.62354976,0.104444824,0.123793945,0.107607804,31.2981,63.662308,32.33936,13.484471,122.18236,64.0245,5.854644,0.0,5.572784,1.5043521,0.40607643,11.236806,25.438595,13.750904,4.682269,168.60522,0.14174876,6.1428685,0.0,2.7408829,2981.6536459102067,356.0
Ontario,-85.88293,48.69583,0,0,0,0,0,0,0,0,0,0,0,0,0,0,0,0,0,0,0,0,0,0,0,0,0,0,0,0,0,0,0,0,0,0,0,0,0,0,0,0,0,1,0,0,0,0,0,0,0,0,0,0,0,0,0,0,0,0,0,0,0,0,0,0,0,0,0,0,0,0,0,0,0,0,0,0,0,0,0,0,0,0,0,0,0,0,0,0,0,0,0,0,0,0,0,0,0,0,0,0,0,0,0,0,0,0,0,0,POINT (669665.1117641857 14230.177399925826),7263,55.99922,14.856187,7.929112,4.0927844,5.664904,3.5072005,0.6816261,0.6226774,0.104647204,0.12366601,0.1005335,31.488392,64.5436,32.438484,14.686416,124.224686,64.081474,5.9570904,0.0,5.6714664,1.5023526,0.40525475,11.1801195,25.307585,13.661742,4.6531115,170.13965,0.14299428,6.2386546,0.0,2.8854628,4243.197605978595,321.0
Ontario,-85.84594,49.16603,0,0,0,0,0,0,0,0,0,0,0,0,0,0,0,0,0,0,0,0,0,0,0,0,1,0,0,0,0,0,0,0,0,0,0,0,0,0,0,0,0,0,0,0,0,0,0,0,0,0,0,0,0,0,0,0,0,0,0,0,0,0,0,0,0,0,0,0,0,0,0,0,0,0,0,0,0,0,0,0,0,0,0,0,0,0,0,0,0,0,0,0,0,0,0,0,0,0,0,0,0,0,0,0,0,0,0,0,POINT (664861.7784040114 66383.99508480438),9878,56.050842,14.85125,7.951347,4.0739264,5.6418853,3.5011816,0.6880566,0.62354976,0.104444824,0.123793945,0.107607804,31.2981,63.662308,32.33936,13.484471,122.18236,64.0245,5.854644,0.0,5.572784,1.5043521,0.40607643,11.236806,25.438595,13.750904,4.682269,168.60522,0.14174876,6.1428685,0.0,2.7408829,6059.213494541778,408.0
Ontario,-85.8246,49.15656,0,0,0,0,0,0,0,0,0,0,0,0,0,0,0,0,0,0,0,0,0,0,0,0,1,0,0,0,0,0,0,0,0,0,0,0,0,0,0,0,0,0,0,0,0,0,0,0,0,0,0,0,0,0,0,0,0,0,0,0,0,0,0,0,0,0,0,0,0,0,0,0,0,0,0,0,0,0,0,0,0,0,0,0,0,1,0,0,0,0,0,0,0,0,0,0,0,0,0,0,0,0,0,0,0,0,1,0,POINT (666552.260142833 65565.71713658559),9879,56.05318,14.851542,7.95058,4.073116,5.6413455,3.5006764,0.6887441,0.62338555,0.10442322,0.123779625,0.11426267,31.283207,63.63486,32.33336,13.475429,122.094124,64.02316,5.853031,0.0,5.5665283,1.5040638,0.40608776,11.235597,25.433937,13.7475395,4.680521,167.66733,0.14066695,6.2297025,0.0,2.8396664,5617.004516876382,441.0
Ontario,-85.79033,49.15576,0,0,0,0,0,0,0,0,0,0,0,0,0,0,0,0,0,0,0,0,0,0,0,0,0,0,0,0,0,0,0,0,0,0,0,0,0,0,0,0,0,0,0,0,0,0,0,0,0,0,0,0,0,0,0,0,0,0,0,0,0,0,0,0,0,0,0,0,0,0,0,0,0,0,0,0,0,0,0,0,0,0,0,0,0,0,0,0,0,0,0,0,0,0,0,0,0,0,0,0,0,0,0,0,0,0,1,0,POINT (669037.2643381667 65837.5249344684),9879,56.05318,14.851542,7.95058,4.073116,5.6413455,3.5006764,0.6887441,0.62338555,0.10442322,0.123779625,0.11426267,31.283207,63.63486,32.33336,13.475429,122.094124,64.02316,5.853031,0.0,5.5665283,1.5040638,0.40608776,11.235597,25.433937,13.7475395,4.680521,167.66733,0.14066695,6.2297025,0.0,2.8396664,4272.477361803135,330.0
Ontario,-85.45982,48.10967,0,0,0,0,0,0,0,0,0,0,0,0,0,0,0,0,0,0,0,0,0,0,0,0,0,0,0,0,0,0,0,0,0,0,0,0,0,0,0,0,0,1,0,0,0,0,0,0,0,0,0,0,0,0,0,0,0,0,0,0,0,0,0,0,0,0,0,0,0,0,0,0,0,0,0,0,0,0,0,0,0,0,0,0,0,0,0,0,0,0,0,0,0,0,0,0,0,0,0,0,0,0,0,0,0,0,0,0,POINT (710277.7311039026 -45812.82801625951),4651,55.612362,14.950413,7.859389,4.223664,5.664166,3.7096782,0.6741875,0.64488035,0.103781305,0.11969013,0.13788922,30.137716,65.707375,33.283974,15.300874,125.620125,63.70538,5.8955417,0.0,5.5690174,1.4853071,0.39902386,10.7869,24.32384,13.150038,4.518367,182.64796,0.13538653,6.067965,0.0,2.8447676,4196.469172310649,471.0
Ontario,-85.45937,47.98439,0,0,0,0,0,0,0,0,0,0,0,0,0,0,0,0,0,0,0,0,0,0,0,0,0,0,0,0,0,0,0,0,0,0,0,0,0,0,0,0,0,1,0,0,0,0,0,0,0,0,0,0,0,0,0,0,0,0,0,0,0,0,0,0,0,0,0,0,0,0,0,0,0,0,0,0,0,0,0,0,0,0,0,0,0,0,0,0,0,0,0,0,0,0,0,0,0,0,0,0,0,0,0,0,0,0,0,0,POINT (712400.5132015746 -59633.801747212965),4215,55.615276,14.951177,7.8592663,4.2224536,5.662462,3.7099564,0.67513496,0.64487123,0.10374136,0.119667195,0.13838902,30.105717,65.64255,33.2769,15.303845,125.44068,63.703136,5.8879733,0.0,5.5569453,1.4849186,0.39901385,10.78555,24.318193,13.146932,4.5168643,182.57881,0.13490342,6.0532737,0.0,2.841654,2428.4133241217937,447.0
Ontario,-85.00401,48.80496,0,0,0,0,0,0,0,0,0,0,0,0,0,0,0,0,0,0,0,0,0,0,0,0,0,0,0,0,0,0,0,0,0,0,0,0,0,0,0,0,0,1,0,0,0,0,0,0,0,0,0,0,0,0,0,0,0,0,0,0,0,0,0,0,0,0,0,0,0,0,0,0,0,0,0,0,0,0,0,0,0,0,0,0,0,0,0,0,0,0,0,0,0,0,0,0,0,0,0,0,0,0,0,0,0,0,0,0,POINT (731813.4519879482 35924.31819393556),8577,54.7215,13.402037,7.6245584,5.1819015,6.051636,3.0233002,0.5848135,0.58947873,0.116655715,0.13039546,0.1595805,33.409336,102.84311,35.307766,13.4190445,121.58078,64.016975,5.85061,0.0,5.5410204,1.7433838,0.44950464,10.213256,23.081911,12.288619,4.481887,161.10564,0.13387965,6.227805,0.0,2.8816068,4460.691015893871,390.0
Ontario,-84.76179,47.05608,0,0,0,0,0,0,0,0,0,0,0,0,0,0,0,0,0,0,0,0,0,0,0,0,1,0,0,0,0,0,0,0,0,0,0,0,0,0,0,0,0,0,0,0,0,0,0,0,0,0,0,0,0,0,0,0,0,0,0,0,0,0,0,0,0,0,0,0,0,0,0,0,0,0,0,0,0,0,0,0,0,0,0,0,0,0,0,0,0,0,0,0,0,0,0,0,0,0,0,0,0,0,0,0,0,0,0,0,POINT (780694.5573693922 -154025.63646643245),298,51.211765,7.5832458,5.1582336,13.814094,5.2281055,1.5876621,0.2953186,0.36270073,0.20464514,0.13805786,0.20663047,28.870722,145.68652,25.57891,17.052572,448.80496,65.601036,6.177548,0.0,5.4195275,0.7889059,0.29095843,5.683143,13.478594,6.692534,2.315106,118.463196,0.1226941,5.8240185,0.0,2.8655486,4085.265531584531,196.0
Ontario,-84.74087,47.96379,0,0,0,0,0,0,0,0,0,0,0,0,0,0,0,0,0,0,0,0,0,0,0,0,0,0,0,0,0,0,0,0,0,0,0,0,0,0,0,0,0,1,0,0,0,0,0,0,0,0,0,0,0,0,0,0,0,0,0,0,0,0,0,0,0,0,0,0,0,0,0,0,0,0,0,0,0,0,0,0,0,0,0,0,0,0,0,0,0,0,0,0,0,0,0,0,0,0,0,0,0,0,0,0,0,0,0,0,POINT (765970.8403388927 -53555.9539615291),4657,49.116093,6.7976265,5.7801924,19.954824,5.943731,0.5084926,0.191761,0.39251798,0.27198792,0.16312024,0.20790231,28.730251,181.9775,29.108288,15.923554,434.12134,68.27543,6.094106,0.0,5.49705,1.7816489,0.36248305,7.643175,17.483326,8.157737,3.0833852,129.18617,0.12599753,5.554295,0.0,2.8138046,5374.049590934617,347.0
Ontario,-84.73799,48.0256,0,0,0,0,0,0,0,0,0,0,0,0,0,0,0,0,0,0,0,0,0,0,0,0,0,0,0,0,0,0,0,0,0,0,0,0,0,0,0,0,0,0,0,0,0,0,0,1,0,0,0,0,0,0,0,0,0,0,0,0,0,0,0,0,0,0,0,0,0,0,0,0,0,0,0,0,0,0,0,0,0,0,0,0,0,0,0,0,0,0,0,0,0,0,0,0,0,0,0,0,0,0,0,0,0,0,0,0,POINT (765075.5541619755 -46710.601235640446),4657,49.116093,6.7976265,5.7801924,19.954824,5.943731,0.5084926,0.191761,0.39251798,0.27198792,0.16312024,0.20790231,28.730251,181.9775,29.108288,15.923554,434.12134,68.27543,6.094106,0.0,5.49705,1.7816489,0.36248305,7.643175,17.483326,8.157737,3.0833852,129.18617,0.12599753,5.554295,0.0,2.8138046,5922.405574096383,520.0
Ontario,-84.635213,48.236614,0,0,0,0,0,0,0,0,0,0,0,0,0,0,0,0,0,0,0,0,0,0,0,1,0,0,0,0,0,0,0,0,0,0,0,0,0,0,0,0,0,0,0,0,0,0,0,0,0,0,0,0,0,0,0,0,0,0,0,0,0,0,0,1,0,0,0,0,0,0,0,0,0,0,0,0,0,0,0,0,0,0,0,0,0,0,0,0,0,0,0,0,0,0,0,0,0,0,0,0,0,0,0,0,0,0,0,0,POINT (768850.7420405528 -22235.73704520761),5965,49.92056,7.3308926,6.894776,16.168106,5.680707,0.8654991,0.27792448,0.41921434,0.2046023,0.15676913,0.2068814,43.064625,189.85414,35.11633,15.948693,405.28055,68.348236,6.040011,0.56082034,5.5085015,1.8483605,0.41197702,7.8265276,17.870066,8.303741,3.151965,125.54147,0.12669538,5.820257,0.0,2.8398159,2513.832974001311,338.0
Ontario,-84.50815,47.08586,0,0,0,0,0,0,0,0,0,0,0,0,0,0,0,0,0,0,0,0,0,0,0,0,1,0,0,0,0,0,0,0,0,0,0,0,0,0,0,0,0,0,0,0,0,0,0,0,0,0,0,0,0,0,0,0,0,0,0,0,0,0,0,0,0,0,0,0,0,0,0,0,0,0,0,0,0,0,0,0,0,0,0,0,0,0,0,0,0,0,0,0,0,0,0,0,0,0,0,0,0,0,0,0,0,0,0,0,POINT (799313.8590573758 -147582.61951795526),300,51.230915,7.612072,6.25636,13.795597,5.2339063,1.5886524,0.2955978,0.3632152,0.20732881,0.13809745,0.70867914,28.354519,173.834,26.610413,17.89105,423.76764,63.507328,5.5330467,0.0,5.416186,0.7820569,0.24172278,5.644832,13.383456,6.6643205,2.3092864,108.291504,0.12445748,5.5877037,0.0,2.957517,2513.0679217361776,493.0
Ontario,-84.45101,48.28402,0,0,0,0,0,0,0,0,0,0,0,0,0,0,0,0,0,0,0,0,0,0,0,0,0,0,0,0,0,0,0,0,0,0,0,0,0,0,0,0,0,1,0,0,0,0,0,0,0,0,0,0,0,0,0,0,0,0,0,0,0,0,0,0,0,0,0,0,0,0,0,0,0,0,0,0,0,0,0,0,0,0,0,0,0,0,0,0,0,0,0,0,0,0,0,0,0,0,0,0,0,0,0,0,0,0,0,0,POINT (781517.5655499178 -14775.300410827205),6402,50.993725,7.642961,6.898951,13.276215,5.1828194,1.1127585,0.3091225,0.44190824,0.20877063,0.15378301,0.6716565,43.07272,188.68272,33.20973,16.79743,399.59268,68.32658,5.9313726,1.1518433,5.484192,2.3852558,0.4029196,8.888864,19.824156,9.408224,3.4131925,109.36133,0.24365483,5.886816,0.0,2.8554564,5010.662590759331,389.0
Ontario,-84.4429,48.297,0,0,0,0,0,0,0,0,0,0,0,0,0,0,0,0,0,0,0,0,0,0,0,0,0,0,0,0,0,0,0,0,0,0,0,0,0,0,0,0,0,1,0,0,0,0,0,0,0,0,0,0,0,0,0,0,0,0,0,0,0,0,0,0,0,0,0,0,0,0,0,0,0,0,0,0,0,0,0,0,0,0,0,0,0,0,0,0,0,0,0,0,0,0,0,0,0,0,0,0,0,0,0,0,0,0,0,0,POINT (781873.7374216062 -13248.127616312097),6402,50.993725,7.642961,6.898951,13.276215,5.1828194,1.1127585,0.3091225,0.44190824,0.20877063,0.15378301,0.6716565,43.07272,188.68272,33.20973,16.79743,399.59268,68.32658,5.9313726,1.1518433,5.484192,2.3852558,0.4029196,8.888864,19.824156,9.408224,3.4131925,109.36133,0.24365483,5.886816,0.0,2.8554564,3749.8826770920864,405.0
Ontario,-84.3574,48.31628,0,0,0,0,0,0,0,0,0,0,0,0,0,0,0,0,0,0,0,0,0,0,0,0,0,0,0,0,0,0,0,0,0,0,0,0,0,0,0,0,0,1,0,0,0,0,0,0,0,0,0,0,0,0,0,0,0,0,0,0,0,0,0,0,0,0,0,0,0,0,0,0,0,0,0,0,0,0,0,0,0,0,0,0,0,0,0,0,0,0,0,0,0,0,0,0,0,0,0,0,0,0,0,0,0,0,0,0,POINT (787789.0051332231 -10073.18244791989),6403,49.9426,7.3327336,6.894024,16.093376,5.67579,0.8714545,0.2804282,0.4190194,0.20369647,0.1565957,2.65422,43.0307,188.75871,33.210114,18.99766,400.21387,65.26928,7.7274876,1.9423368,5.0827856,1.8606418,0.41382325,7.854875,17.926928,8.323926,3.1632564,90.9504,2.2794654,5.8552713,0.0,2.848682,2211.69177945573,409.0
Ontario,-83.88528,52.82667,0,0,0,0,0,0,0,0,0,0,0,0,0,0,0,0,0,0,0,0,0,0,0,0,0,1,0,0,0,0,0,0,0,0,0,0,0,0,0,0,0,0,0,0,0,0,0,0,0,0,0,0,0,0,0,0,0,0,0,0,0,0,0,0,0,0,0,0,0,0,0,0,0,0,0,0,0,0,0,0,0,0,0,0,0,0,0,0,0,0,0,0,0,0,0,0,0,0,0,0,0,0,0,0,0,0,0,0,POINT (735646.0836446829 487235.11388124677),28198,55.252373,13.274574,8.763825,5.090899,5.4014664,2.698423,1.1428611,0.6638202,0.1864979,0.13646866,3.0,30.868504,227.07547,34.97697,21.867294,313.23767,77.569115,7.1212034,1.7881507,3.0,3.4425955,0.686655,25.772612,51.532925,24.000443,4.602356,75.9066,0.2768569,5.311792,0.0,2.6286414,5157.518700714782,82.0
Ontario,-83.8817,52.8206,0,0,0,0,0,0,0,0,0,0,0,0,0,0,0,0,0,0,0,0,0,0,0,0,0,1,0,0,0,0,0,0,0,0,0,0,0,0,0,0,0,0,0,0,0,0,0,0,0,0,0,0,0,0,0,0,0,0,0,0,0,0,0,0,0,0,0,0,0,0,0,0,0,0,0,0,0,0,0,0,0,0,0,0,0,0,0,0,0,0,0,0,0,0,0,0,0,0,0,0,0,0,0,0,0,0,0,0,POINT (735996.5537831242 486620.02055666054),28198,55.252373,13.274574,8.763825,5.090899,5.4014664,2.698423,1.1428611,0.6638202,0.1864979,0.13646866,3.0,30.868504,227.07547,34.97697,21.867294,313.23767,77.569115,7.1212034,1.7881507,3.0,3.4425955,0.686655,25.772612,51.532925,24.000443,4.602356,75.9066,0.2768569,5.311792,0.0,2.6286414,5239.309733030098,81.0
Ontario,-83.873,48.37559,0,0,0,0,0,0,0,0,0,0,0,0,0,0,0,0,0,0,0,0,0,0,0,0,0,0,0,0,0,0,0,0,0,0,0,0,0,0,0,0,0,1,0,0,0,0,0,0,0,0,0,0,0,0,0,0,0,0,0,0,0,0,0,0,0,0,0,0,0,0,0,0,0,0,0,0,0,0,0,0,0,0,0,0,0,0,0,0,0,0,0,0,0,0,0,0,0,0,0,0,0,0,0,0,0,0,0,0,POINT (822136.1347784715 2572.7511187194204),6842,51.006817,7.6337953,6.8885846,13.23615,5.185759,1.116952,0.31188804,0.44090712,0.20655777,0.15370181,3.3099442,42.92217,186.81514,33.33286,19.75953,391.72125,67.03231,7.1360345,3.6155126,1.4595596,2.3929796,0.4556489,8.898272,19.838081,9.40593,3.4200976,91.16188,4.2899985,5.899235,0.0,2.8129294,3343.924473379307,395.0
Ontario,-83.85631,48.36542,0,0,0,0,0,0,0,0,0,0,0,0,0,0,0,0,0,0,0,0,0,0,0,0,0,0,0,0,0,0,0,0,0,0,0,0,0,0,0,0,0,1,0,0,0,0,0,0,0,0,0,0,0,0,0,0,0,0,0,0,0,0,0,0,0,0,0,0,0,0,0,0,0,0,0,0,0,0,0,0,0,0,0,0,1,0,0,0,0,0,0,0,0,0,0,0,0,0,0,0,0,0,0,0,0,0,0,0,POINT (823554.2749099709 1672.2998052793346),6842,51.006817,7.6337953,6.8885846,13.23615,5.185759,1.116952,0.31188804,0.44090712,0.20655777,0.15370181,3.3099442,42.92217,186.81514,33.33286,19.75953,391.72125,67.03231,7.1360345,3.6155126,1.4595596,2.3929796,0.4556489,8.898272,19.838081,9.40593,3.4200976,91.16188,4.2899985,5.899235,0.0,2.8129294,3928.091569083085,379.0
Ontario,-83.853914,48.376097,0,0,0,0,0,0,0,0,0,0,0,0,0,0,0,0,0,0,0,0,0,0,0,0,0,0,0,0,0,0,0,0,0,0,0,0,0,0,0,0,0,1,0,0,0,0,0,0,0,0,0,0,0,0,0,0,0,0,0,0,0,0,0,0,0,0,0,0,0,0,0,0,0,0,0,0,0,0,0,0,0,0,0,0,1,0,0,0,0,0,0,0,0,0,0,0,0,0,0,0,0,0,0,0,0,0,0,0,POINT (823522.0295359888 2875.3057887132454),6842,51.006817,7.6337953,6.8885846,13.23615,5.185759,1.116952,0.31188804,0.44090712,0.20655777,0.15370181,3.3099442,42.92217,186.81514,33.33286,19.75953,391.72125,67.03231,7.1360345,3.6155126,1.4595596,2.3929796,0.4556489,8.898272,19.838081,9.40593,3.4200976,91.16188,4.2899985,5.899235,0.0,2.8129294,4546.65642555052,381.0
Ontario,-83.260981,47.871883,0,0,0,0,0,0,0,0,0,0,0,0,0,0,0,0,0,0,0,0,0,0,0,0,0,0,0,0,0,0,0,0,0,0,0,0,0,0,0,0,0,1,0,0,0,0,0,0,0,0,0,0,0,0,0,0,0,0,0,0,0,0,0,0,0,0,0,0,0,0,0,0,0,0,0,0,0,0,0,0,0,0,0,0,0,0,0,0,0,0,0,0,0,0,0,0,0,0,0,0,0,0,0,0,0,0,0,0,POINT (877169.2779902953 -44551.0040201743),5104,48.91464,6.7873697,5.93516,20.89132,5.8302894,0.642513,0.13260502,0.36528385,0.29949564,0.15942812,1.7616527,29.112957,185.18993,29.054148,18.400503,475.19333,69.225426,4.790269,0.49623507,0.36101326,0.6741171,0.22486514,4.9449534,11.784091,6.0233607,2.078965,101.86287,0.14734672,5.6928964,0.0,2.8799818,5359.426017592956,439.0
Ontario,-82.80103,49.30751,0,0,0,0,0,0,0,0,0,0,0,0,0,0,0,0,0,0,0,0,0,0,0,0,0,0,0,0,0,0,0,0,0,0,0,0,0,0,0,0,0,0,0,0,0,0,0,0,0,0,0,0,0,0,0,0,0,0,0,0,0,0,0,0,0,0,0,0,1,0,0,0,0,0,0,0,0,0,0,0,0,0,0,0,0,0,0,0,0,0,0,0,0,0,0,0,0,0,0,0,0,0,0,0,0,0,0,0,POINT (880643.3359887004 118887.52617264964),12080,49.692028,10.707535,8.726364,7.128498,6.001566,2.011735,0.6183076,0.4605407,0.08195043,0.19477853,6.53842,46.575016,125.980225,35.973927,8.403508,539.7168,78.16579,8.572719,4.193709,1.545244,3.668727,0.5420656,8.756758,18.892874,9.9055395,3.9125688,131.36674,13.047737,5.880234,0.0,2.8858616,1284.9616221382937,241.0
Ontario,-82.2833,48.14714,0,0,0,0,0,0,0,0,0,0,0,0,0,0,0,0,0,0,0,0,0,0,0,0,0,0,0,0,0,0,0,0,0,0,0,0,0,0,0,0,0,1,0,0,0,0,0,0,0,0,0,0,0,0,0,0,0,0,0,0,0,0,0,0,0,0,0,0,0,0,0,0,0,0,0,0,0,0,0,0,0,0,0,0,0,0,0,0,0,0,0,0,0,0,0,0,0,0,0,0,0,0,0,0,0,0,0,0,POINT (943183.8905930466 -398.62017869847216),6854,44.926098,2.1236947,4.206558,35.734703,2.0785272,0.14597721,0.05031533,0.18124688,0.071251914,0.13119002,3.4504592,27.008224,89.70941,35.456467,17.852612,240.49391,61.893368,2.9703507,0.32122952,0.35384098,2.1512027,0.574331,11.646048,28.31876,10.840084,3.4991653,69.62221,0.20980847,5.7760763,0.0,2.925626,3208.640336833261,358.0
Ontario,-82.22912,48.023,0,0,0,0,0,0,0,0,0,0,0,0,0,0,0,0,0,0,0,0,0,0,0,0,0,0,0,0,0,0,0,0,0,0,0,0,0,0,0,0,0,1,0,0,0,0,0,0,0,0,0,0,0,0,0,0,0,0,0,0,0,0,0,0,0,0,0,0,0,0,0,0,0,0,0,0,0,0,0,0,0,0,0,0,0,0,0,0,0,0,0,0,0,0,0,0,0,0,0,0,0,0,0,0,0,0,0,0,POINT (949911.2391659997 -13168.921725716384),6419,47.76115,5.575478,4.8455734,23.928104,5.785198,0.41897342,0.07469011,0.3461854,0.31820434,0.16350661,2.814291,28.55872,339.5518,34.064854,17.75663,429.21353,70.0317,3.6427538,0.5736258,0.0,1.166952,0.3805298,7.6622744,18.554384,7.894983,2.4393876,90.49571,0.2020665,5.845695,0.0,2.9151835,3170.3984454482547,336.0
Ontario,-82.155906,48.082989,0,0,0,0,0,0,0,0,0,0,0,0,0,0,0,0,0,0,0,0,0,0,0,0,0,0,0,0,0,0,0,0,0,0,0,0,0,0,0,0,0,0,0,0,0,0,0,0,0,0,0,0,0,0,0,0,0,0,0,0,0,0,0,0,0,0,0,0,0,0,0,0,0,0,0,0,0,0,0,0,0,0,0,0,1,0,0,0,0,0,0,0,0,0,0,0,0,0,0,0,0,0,0,0,0,0,0,0,POINT (953940.1116350564 -5513.021602727769),6419,47.76115,5.575478,4.8455734,23.928104,5.785198,0.41897342,0.07469011,0.3461854,0.31820434,0.16350661,2.814291,28.55872,339.5518,34.064854,17.75663,429.21353,70.0317,3.6427538,0.5736258,0.0,1.166952,0.3805298,7.6622744,18.554384,7.894983,2.4393876,90.49571,0.2020665,5.845695,0.0,2.9151835,5971.115906589613,366.0
Ontario,-82.09861,48.19056,0,0,0,0,0,0,0,0,0,0,0,0,0,0,0,0,0,0,0,0,0,0,0,0,0,0,0,0,0,0,0,0,0,0,0,0,0,0,0,0,0,0,0,0,0,0,0,0,0,0,0,0,0,0,0,0,0,0,0,0,0,0,0,0,0,0,0,0,0,0,0,0,0,0,0,0,0,0,0,0,0,0,0,0,0,0,0,0,0,0,0,0,0,0,0,1,0,0,0,0,0,0,0,0,0,0,0,0,POINT (955719.3586976512 7104.349755658582),7292,47.398006,4.8680315,6.355712,23.378222,4.1989903,0.48508975,0.09404885,0.30093524,0.27342874,0.14523318,4.414482,34.547096,522.6278,48.443287,18.355083,151.87416,69.7234,2.4206982,1.4517525,0.34461072,1.6415491,0.41855416,8.380063,20.032612,10.021193,3.3562918,97.15412,2.0276413,5.706455,0.0,2.9044743,5167.968386845715,333.0
Ontario,-82.09741,48.6659,0,0,0,0,0,0,0,0,0,0,0,0,0,0,0,0,0,0,0,0,0,0,0,1,1,0,0,0,0,0,0,0,0,0,0,0,0,0,0,0,0,1,0,0,0,0,0,0,0,0,0,0,0,0,0,0,0,0,0,0,0,0,0,1,0,0,0,0,0,1,0,0,0,0,0,0,0,0,0,0,0,0,0,0,0,1,0,0,0,0,0,0,0,0,0,0,0,0,0,0,0,0,0,0,0,0,0,0,POINT (945134.2307559832 59012.63100811011),9471,48.748444,13.516123,8.129865,7.2018824,7.5943875,2.047443,0.5915515,0.4836717,0.08840613,0.132625,7.6911216,42.230263,143.68692,33.976307,14.39307,468.18024,85.83883,10.872543,5.441946,1.4262995,4.6271515,0.6436853,10.062556,23.647902,13.352418,5.044966,147.77069,8.812127,5.6163244,0.0,2.894168,4964.569146834637,299.0
Ontario,-82.09663,48.19416,0,0,0,0,0,0,0,0,0,0,0,0,0,0,0,0,0,0,0,0,0,0,0,0,0,0,0,0,0,0,0,0,0,0,0,0,0,0,0,0,0,0,0,0,0,0,0,0,0,0,0,0,0,0,0,0,0,0,0,0,0,0,0,0,0,0,0,0,0,0,0,0,0,0,0,0,0,0,0,0,0,0,0,0,0,0,0,0,0,0,0,0,0,0,0,1,0,0,0,0,0,0,0,0,0,0,0,0,POINT (955783.108323489 7527.450491327379),7292,47.398006,4.8680315,6.355712,23.378222,4.1989903,0.48508975,0.09404885,0.30093524,0.27342874,0.14523318,4.414482,34.547096,522.6278,48.443287,18.355083,151.87416,69.7234,2.4206982,1.4517525,0.34461072,1.6415491,0.41855416,8.380063,20.032612,10.021193,3.3562918,97.15412,2.0276413,5.706455,0.0,2.9044743,4888.255969053378,343.0
Ontario,-81.60529,48.59145,0,0,0,0,0,0,0,0,0,0,0,0,0,0,0,0,0,0,0,0,0,0,0,0,1,0,0,0,0,0,0,0,0,0,0,0,0,0,0,0,0,1,1,0,0,0,0,0,0,0,0,0,0,0,0,0,0,0,0,0,0,0,0,0,0,0,0,0,0,0,0,0,0,0,0,0,0,0,0,0,0,0,0,0,0,1,0,0,0,0,0,0,0,0,0,0,0,0,0,0,0,0,0,0,0,0,1,0,POINT (982391.4386134291 58354.672501861474),9474,58.072052,13.21563,7.632185,2.7163353,4.8813825,2.5668364,1.0278097,0.5540047,0.15114442,0.12355526,7.710093,30.183626,578.7492,57.635212,12.415337,59.921738,84.24822,12.52297,7.123075,1.273547,7.137961,0.9680349,20.282272,46.254944,24.754993,11.263352,152.98364,10.827165,5.5406995,0.0,2.863126,2902.9334481179912,320.0
Ontario,-81.58804,48.57813,0,0,0,0,0,0,0,0,0,0,0,0,0,0,0,0,0,0,0,0,0,0,0,0,1,0,0,0,0,0,0,0,0,0,0,0,0,0,0,0,0,0,0,0,0,0,0,0,0,0,0,0,0,0,0,0,0,0,0,0,0,0,0,0,0,0,0,0,0,0,0,0,0,0,0,0,0,0,0,0,0,0,0,0,0,0,0,0,0,0,0,0,0,0,0,0,0,0,0,0,0,0,0,0,0,0,0,0,POINT (983948.3125251256 57170.50610902317),9474,58.072052,13.21563,7.632185,2.7163353,4.8813825,2.5668364,1.0278097,0.5540047,0.15114442,0.12355526,7.710093,30.183626,578.7492,57.635212,12.415337,59.921738,84.24822,12.52297,7.123075,1.273547,7.137961,0.9680349,20.282272,46.254944,24.754993,11.263352,152.98364,10.827165,5.5406995,0.0,2.863126,4857.6520609544,290.0
Ontario,-81.56071,48.53393,0,0,0,0,0,0,0,0,0,0,0,0,0,0,0,0,0,0,0,0,0,0,0,0,1,0,0,0,0,0,0,0,0,0,0,0,0,0,0,0,0,0,0,0,0,0,0,0,0,0,0,0,0,0,0,0,0,0,0,0,0,0,0,0,0,0,0,0,0,0,0,0,0,0,0,0,0,0,0,0,0,0,0,0,0,0,0,0,0,0,0,0,0,0,0,0,0,0,0,0,0,0,0,0,0,0,0,0,POINT (986956.0353912873 52779.54221946854),9039,59.773296,12.338124,5.866557,3.0761943,3.9120665,2.6884575,1.0637292,0.3586128,0.18839802,0.10248694,7.6601744,30.45929,908.305,73.15162,14.813024,403.91217,71.635826,10.776478,7.3738437,1.0861201,4.393086,0.90227175,24.249384,51.928474,28.99867,12.657772,141.71275,9.501561,5.5584188,0.0,2.8593144,4122.373636805679,310.0
Ontario,-81.549826,48.383275,0,0,0,0,0,0,0,0,0,0,0,0,0,0,0,0,0,0,0,0,0,0,0,0,0,0,0,0,0,0,0,0,0,0,0,0,0,0,0,0,0,1,0,0,0,0,0,0,0,0,0,0,0,0,0,0,0,0,0,0,0,0,0,0,0,0,0,0,0,0,0,0,0,0,0,0,0,0,0,0,0,0,0,0,0,0,0,0,0,0,0,0,0,0,0,0,0,0,0,0,0,0,0,0,0,0,0,0,POINT (991267.0863061645 36533.98731367352),8603,56.336266,12.874612,6.301951,4.189377,4.217542,2.2126608,1.0597924,0.38274094,0.11700571,0.10121612,7.5910053,28.205547,1459.1382,87.22411,17.827644,198.1183,59.93371,6.0439434,5.0824594,0.62082046,2.7816625,0.71859723,18.02112,39.067524,22.131897,8.122374,105.93256,6.0579987,5.5815563,0.0,2.867595,3690.4711441355857,313.0
Ontario,-81.39871,46.63799,0,0,0,0,0,0,0,0,0,0,0,0,0,0,0,0,0,0,0,0,0,0,0,0,0,0,0,0,0,0,0,0,0,0,0,0,0,0,0,0,0,0,0,0,0,0,0,0,0,0,0,0,0,0,0,0,0,0,0,0,0,0,0,1,0,0,0,0,0,0,0,0,0,0,0,0,0,0,0,0,0,0,0,0,0,0,0,0,0,0,0,0,0,0,0,0,0,0,0,0,0,0,0,0,0,0,0,0,POINT (1043662.5470490307 -151871.42603826456),324,55.818794,14.590181,10.877801,5.151234,6.103306,3.4565387,0.74502534,0.75414395,0.10565101,0.14430484,0.7247783,42.746647,75.71248,14.892888,21.062199,144.17865,89.58788,10.349114,0.0,0.43997684,1.4783994,0.38932455,11.249155,22.850706,12.458276,3.8289776,166.50452,0.20922245,5.465383,0.0,3.1249588,4113.327928524116,334.0
Ontario,-81.3779,46.6607,0,0,0,0,0,0,0,0,0,0,0,0,0,0,0,0,0,0,0,0,0,0,0,0,1,0,0,0,0,0,0,0,0,0,0,0,0,0,0,0,0,0,0,0,0,0,0,0,0,0,0,0,0,0,0,0,0,0,0,0,0,0,0,1,0,1,0,0,0,0,0,0,0,0,0,0,0,0,0,0,0,0,0,0,0,0,0,0,0,0,0,0,0,0,0,0,0,0,0,0,0,0,0,0,0,0,0,0,POINT (1044693.0999187443 -149038.7390327031),324,55.818794,14.590181,10.877801,5.151234,6.103306,3.4565387,0.74502534,0.75414395,0.10565101,0.14430484,0.7247783,42.746647,75.71248,14.892888,21.062199,144.17865,89.58788,10.349114,0.0,0.43997684,1.4783994,0.38932455,11.249155,22.850706,12.458276,3.8289776,166.50452,0.20922245,5.465383,0.0,3.1249588,4790.913729403755,384.0
Ontario,-81.36811,48.68701,0,0,0,0,0,0,0,0,0,0,0,0,0,0,1,0,0,0,0,0,0,0,0,0,1,0,0,0,0,0,0,0,0,0,0,0,0,0,0,0,0,0,0,0,0,0,0,0,0,0,1,0,0,0,0,0,0,0,0,0,0,0,0,0,0,0,0,0,0,0,0,0,0,0,0,0,0,0,0,0,0,0,0,0,0,1,0,0,0,0,0,0,0,0,0,0,0,0,0,0,1,0,0,0,0,0,1,0,POINT (997258.6074992226 72447.9383069551),9912,59.350185,13.840654,6.5535917,2.6100688,3.8833647,3.702666,0.8785274,0.52006227,0.1314512,0.112273544,6.854645,38.876217,288.39697,49.610897,11.655117,658.39453,93.301735,10.096929,8.62831,1.1505263,6.9345093,0.7051029,18.27558,38.571873,20.34355,10.271951,173.63576,13.559549,5.3500786,0.0,2.8272765,3675.58097744047,193.0
Ontario,-81.3669,46.6441,0,0,0,0,0,0,0,0,0,0,0,0,0,0,0,0,0,0,0,0,0,0,0,1,1,0,0,0,0,0,0,0,0,0,0,0,0,0,0,0,0,1,0,0,0,0,0,0,0,0,0,0,0,0,0,0,0,0,0,0,0,0,0,1,0,0,0,0,0,1,0,0,0,0,0,0,0,0,0,0,1,0,0,0,0,1,0,0,0,0,0,0,0,0,0,0,0,0,1,0,0,0,0,0,0,0,0,0,POINT (1045920.0784380989 -150678.6986961384),325,55.855446,14.5900545,10.880123,5.1529355,6.094619,3.4628534,0.7466989,0.75478184,0.105692185,0.14419776,1.5138981,42.667988,75.392494,14.989727,21.150257,143.28285,89.586876,10.455802,0.0,0.757698,1.4793193,0.38990474,11.246993,22.858665,12.457752,3.8246434,166.23148,0.21147817,5.338738,0.0,3.217254,4135.906936451364,403.0
Ontario,-81.34057,46.66321,0,0,0,0,0,0,0,0,0,0,0,0,0,0,0,0,0,0,0,0,0,0,0,0,0,0,0,0,0,0,0,0,0,0,0,0,0,0,0,0,0,0,0,0,0,0,0,0,0,0,0,0,0,0,0,0,0,0,0,0,0,0,0,1,0,0,0,0,0,0,0,0,0,0,0,0,0,0,0,0,0,0,0,0,0,0,0,0,0,0,0,0,0,0,0,0,0,0,0,0,0,0,0,0,0,0,0,0,POINT (1047451.8541781926 -148149.52607603476),325,55.855446,14.5900545,10.880123,5.1529355,6.094619,3.4628534,0.7466989,0.75478184,0.105692185,0.14419776,1.5138981,42.667988,75.392494,14.989727,21.150257,143.28285,89.586876,10.455802,0.0,0.757698,1.4793193,0.38990474,11.246993,22.858665,12.457752,3.8246434,166.23148,0.21147817,5.338738,0.0,3.217254,3149.2532650160183,405.0
Ontario,-81.32815975,48.4756673,0,0,0,0,0,0,0,0,0,0,0,0,0,0,0,0,0,0,0,0,0,0,0,0,0,0,0,0,0,0,0,0,0,0,0,0,0,0,0,0,0,0,0,0,0,0,0,0,0,0,0,0,0,0,0,0,0,0,0,0,0,0,0,1,0,0,0,0,0,0,0,0,0,0,0,0,0,0,0,0,0,0,0,0,0,0,0,0,0,0,0,0,0,0,0,0,0,0,0,0,0,0,0,0,0,0,0,0,POINT (1005157.139092718 50076.632385590055),9041,49.528294,7.600119,7.4928455,12.121447,3.6422408,1.4403307,0.28386775,0.30080312,0.073355734,0.1240853,7.463825,30.96091,843.32495,75.99763,15.649364,979.1448,61.062805,7.0762515,5.878692,0.48931935,1.5305315,0.25919938,9.764083,14.75685,9.55327,4.4337425,112.22758,9.271117,5.5880103,0.0,2.8722937,4843.459002272084,307.0
Ontario,-81.29701,48.43722,0,0,0,0,0,0,0,0,0,0,0,0,0,0,0,0,0,0,0,0,0,0,0,0,0,0,0,0,0,0,0,0,0,0,0,0,0,0,0,0,0,1,0,0,0,0,0,0,0,0,0,0,0,0,0,0,0,0,0,0,0,0,0,0,0,0,0,0,0,0,0,0,0,0,0,0,0,0,0,0,0,0,0,0,0,0,0,0,0,0,0,0,0,0,0,0,0,0,0,0,0,0,0,0,0,0,0,0,POINT (1008327.6781698916 46384.01486039088),9041,49.528294,7.600119,7.4928455,12.121447,3.6422408,1.4403307,0.28386775,0.30080312,0.073355734,0.1240853,7.463825,30.96091,843.32495,75.99763,15.649364,979.1448,61.062805,7.0762515,5.878692,0.48931935,1.5305315,0.25919938,9.764083,14.75685,9.55327,4.4337425,112.22758,9.271117,5.5880103,0.0,2.8722937,3984.132656584186,319.0
Ontario,-81.29698,48.4414,0,0,0,0,0,0,0,0,0,0,0,0,0,0,0,0,0,0,0,0,0,0,0,0,0,0,0,0,0,0,0,0,0,0,0,0,0,0,0,0,0,1,0,0,0,0,0,0,0,0,0,0,0,0,0,0,0,0,0,0,0,0,0,0,0,0,0,0,0,0,0,0,0,0,0,0,0,0,0,0,0,0,0,0,0,0,0,0,0,0,0,0,0,0,0,0,0,0,0,0,0,0,0,0,0,0,0,0,POINT (1008230.2677678077 46839.560530646675),9041,49.528294,7.600119,7.4928455,12.121447,3.6422408,1.4403307,0.28386775,0.30080312,0.073355734,0.1240853,7.463825,30.96091,843.32495,75.99763,15.649364,979.1448,61.062805,7.0762515,5.878692,0.48931935,1.5305315,0.25919938,9.764083,14.75685,9.55327,4.4337425,112.22758,9.271117,5.5880103,0.0,2.8722937,3622.356477257365,320.0
Ontario,-81.29626,48.4821,0,0,0,0,0,0,0,0,0,0,0,0,0,0,0,0,0,0,0,0,0,0,0,0,0,0,0,0,0,0,0,0,0,0,0,0,0,0,0,0,0,1,0,0,0,0,0,0,0,0,0,0,0,0,0,0,0,0,0,0,0,0,0,0,0,0,0,0,0,0,0,0,0,0,0,0,0,0,0,0,0,0,0,0,0,0,0,0,0,0,0,0,0,0,0,0,0,0,0,0,0,0,0,0,0,0,0,0,POINT (1007312.823663112 51281.52815464033),9041,49.528294,7.600119,7.4928455,12.121447,3.6422408,1.4403307,0.28386775,0.30080312,0.073355734,0.1240853,7.463825,30.96091,843.32495,75.99763,15.649364,979.1448,61.062805,7.0762515,5.878692,0.48931935,1.5305315,0.25919938,9.764083,14.75685,9.55327,4.4337425,112.22758,9.271117,5.5880103,0.0,2.8722937,2977.034469118889,317.0
Ontario,-81.27099,48.4881,0,0,0,0,0,0,0,0,0,0,0,0,0,0,0,0,0,0,0,0,0,0,0,0,0,0,0,0,0,0,0,0,0,0,0,0,0,0,0,0,0,1,0,0,0,0,0,0,0,0,0,0,0,0,0,0,0,0,0,0,0,0,0,0,0,0,0,0,0,0,0,0,0,0,0,0,0,0,0,0,0,0,0,0,0,0,0,0,0,0,0,0,0,0,0,0,0,0,0,0,0,0,0,0,0,0,0,0,POINT (1008998.2368471342 52335.123312342796),9041,49.528294,7.600119,7.4928455,12.121447,3.6422408,1.4403307,0.28386775,0.30080312,0.073355734,0.1240853,7.463825,30.96091,843.32495,75.99763,15.649364,979.1448,61.062805,7.0762515,5.878692,0.48931935,1.5305315,0.25919938,9.764083,14.75685,9.55327,4.4337425,112.22758,9.271117,5.5880103,0.0,2.8722937,2540.7609342850656,320.0
Ontario,-81.2619,48.45789,0,0,0,0,0,0,0,0,0,0,0,0,0,0,0,0,0,0,0,0,0,0,0,0,0,0,0,0,0,0,0,0,0,0,0,0,0,0,0,0,0,1,0,0,0,0,0,0,0,0,0,0,0,0,0,0,0,0,0,0,0,0,0,0,0,0,0,0,0,0,0,0,0,0,0,0,0,0,0,0,0,0,0,0,0,0,0,0,0,0,0,0,0,0,0,0,0,0,0,0,0,0,0,0,0,0,0,0,POINT (1010377.3181893068 49191.27217346962),9041,49.528294,7.600119,7.4928455,12.121447,3.6422408,1.4403307,0.28386775,0.30080312,0.073355734,0.1240853,7.463825,30.96091,843.32495,75.99763,15.649364,979.1448,61.062805,7.0762515,5.878692,0.48931935,1.5305315,0.25919938,9.764083,14.75685,9.55327,4.4337425,112.22758,9.271117,5.5880103,0.0,2.8722937,892.5857775701738,329.0
Ontario,-81.24516,48.51176,0,0,0,0,0,0,0,0,0,0,0,0,0,0,0,0,0,0,0,0,0,0,0,0,0,0,0,0,0,0,0,0,0,0,0,0,0,0,0,0,0,1,0,0,0,0,0,0,0,0,0,0,0,0,0,0,0,0,0,0,0,0,0,0,0,0,0,0,0,0,0,0,0,0,0,0,0,0,0,0,0,0,0,0,0,0,0,0,0,0,0,0,0,0,0,0,0,0,0,0,0,0,0,0,0,0,0,0,POINT (1010301.2885330177 55320.02077335255),9477,54.954407,9.938908,6.3668766,5.818368,3.208906,2.912633,0.51321185,0.32272565,0.09922179,0.10410105,6.630534,30.366953,849.2261,71.610954,12.570572,1139.0226,72.66635,6.4586434,8.136842,0.42775282,4.1651077,0.37739375,12.552991,23.70481,13.818441,7.255052,133.91722,14.087415,5.3505335,0.0,2.8590803,4689.666296237715,310.0
Ontario,-81.24272,48.46351,0,0,0,0,0,0,0,0,0,0,0,0,0,0,0,0,0,0,0,0,0,0,0,0,0,0,0,0,0,0,0,0,0,0,0,0,0,0,0,0,0,1,0,0,0,0,0,0,0,0,0,0,0,0,0,0,0,0,0,0,0,0,0,0,0,0,0,0,0,0,0,0,0,0,0,0,0,0,0,0,0,0,0,0,0,0,0,0,0,0,0,0,0,0,0,0,0,0,0,0,0,0,0,0,0,0,0,0,POINT (1011631.4730211124 50107.83013285982),9041,49.528294,7.600119,7.4928455,12.121447,3.6422408,1.4403307,0.28386775,0.30080312,0.073355734,0.1240853,7.463825,30.96091,843.32495,75.99763,15.649364,979.1448,61.062805,7.0762515,5.878692,0.48931935,1.5305315,0.25919938,9.764083,14.75685,9.55327,4.4337425,112.22758,9.271117,5.5880103,0.0,2.8722937,1635.0258166950464,308.0
Ontario,-81.23947,46.7586,0,0,0,0,0,0,0,0,0,0,0,0,0,0,0,0,0,0,0,0,0,0,0,0,0,0,0,0,0,0,0,0,0,0,0,0,0,0,0,0,0,0,0,0,0,0,0,0,0,0,0,0,0,0,0,0,0,0,0,0,0,0,0,1,0,0,0,0,0,0,0,0,0,0,0,0,0,0,0,0,0,0,0,0,0,0,0,0,0,0,0,0,0,0,0,0,0,0,0,0,0,0,0,0,0,0,0,0,POINT (1052785.8223537789 -136023.2870308343),761,55.863632,14.587895,10.870073,5.1461005,6.0921307,3.4584754,0.74708843,0.7536742,0.10552727,0.14406247,0.6705675,42.58385,75.44174,14.914042,21.198505,143.50429,89.50692,9.223176,0.0,0.44512135,1.481184,0.39009422,11.253343,22.878284,12.4601555,3.8295715,166.03236,0.21239112,5.4724975,0.0,3.1565952,4855.835440238493,413.0
Ontario,-81.2393,48.45524,0,0,0,0,0,0,0,0,0,0,0,0,0,0,0,0,0,0,0,0,0,0,0,0,0,0,0,0,0,0,0,0,0,0,0,0,0,0,0,0,0,1,0,0,0,0,0,0,0,0,0,0,0,0,0,0,0,0,0,0,0,0,0,0,0,0,0,0,0,0,0,0,0,0,0,0,0,0,0,0,0,0,0,0,0,0,0,0,0,0,0,0,0,0,0,0,0,0,0,0,0,0,0,0,0,0,0,0,POINT (1012076.8492819259 49262.13667559551),9041,49.528294,7.600119,7.4928455,12.121447,3.6422408,1.4403307,0.28386775,0.30080312,0.073355734,0.1240853,7.463825,30.96091,843.32495,75.99763,15.649364,979.1448,61.062805,7.0762515,5.878692,0.48931935,1.5305315,0.25919938,9.764083,14.75685,9.55327,4.4337425,112.22758,9.271117,5.5880103,0.0,2.8722937,2204.0954939506078,315.0
Ontario,-81.22356,48.51486,0,0,0,0,0,0,0,0,0,0,0,0,0,0,0,0,0,0,0,0,0,0,0,0,0,0,0,0,0,0,0,0,0,0,0,0,0,0,0,0,0,1,0,0,0,0,0,0,0,0,0,0,0,0,0,0,0,0,0,0,0,0,0,0,0,0,0,0,0,0,0,0,0,0,0,0,0,0,0,0,0,0,0,0,0,0,0,0,0,0,0,0,0,0,0,0,0,0,0,0,0,0,0,0,0,0,0,0,POINT (1011788.7324015163 56000.68539341103),9477,54.954407,9.938908,6.3668766,5.818368,3.208906,2.912633,0.51321185,0.32272565,0.09922179,0.10410105,6.630534,30.366953,849.2261,71.610954,12.570572,1139.0226,72.66635,6.4586434,8.136842,0.42775282,4.1651077,0.37739375,12.552991,23.70481,13.818441,7.255052,133.91722,14.087415,5.3505335,0.0,2.8590803,4381.087554133654,311.0
Ontario,-81.21363,48.51388,0,0,0,0,0,0,0,0,0,0,0,0,0,0,0,0,0,0,0,0,0,0,0,0,0,0,0,0,0,0,0,0,0,0,0,0,0,0,0,0,0,1,0,0,0,0,0,0,0,0,0,0,0,0,0,0,0,0,0,0,0,0,0,0,0,0,0,0,0,0,0,0,0,0,0,0,0,0,0,0,0,0,0,0,0,0,0,0,0,0,0,0,0,0,0,0,0,0,0,0,0,0,0,0,0,0,0,0,POINT (1012530.0537456378 56052.06903039322),9477,54.954407,9.938908,6.3668766,5.818368,3.208906,2.912633,0.51321185,0.32272565,0.09922179,0.10410105,6.630534,30.366953,849.2261,71.610954,12.570572,1139.0226,72.66635,6.4586434,8.136842,0.42775282,4.1651077,0.37739375,12.552991,23.70481,13.818441,7.255052,133.91722,14.087415,5.3505335,0.0,2.8590803,4689.041294470754,302.0
Ontario,-81.20444,48.16389,0,0,0,0,0,0,0,0,0,0,0,0,0,0,0,0,0,0,0,0,0,0,0,0,1,0,0,0,0,0,0,0,0,0,0,0,0,0,0,0,0,0,0,0,0,0,0,0,0,0,0,0,0,0,0,0,0,0,0,0,0,0,0,0,0,0,0,0,0,0,0,0,0,0,0,0,0,0,0,0,0,0,0,0,0,0,0,0,0,0,0,0,0,0,0,0,0,0,0,0,0,0,0,0,0,0,0,0,POINT (1021591.1738387237 18092.986115698557),7734,48.679646,8.970988,9.200536,14.963631,6.0180697,1.2315255,0.21138051,0.42963952,0.05063433,0.15986131,6.9345946,46.788,1452.5889,88.486404,20.899395,1609.6228,56.02514,2.7444594,1.6828525,0.0,0.49817583,0.18110204,5.6113834,8.243717,5.8311887,2.328467,149.17456,0.3363019,5.5027823,0.0,2.8722942,2483.3552168516003,360.0
Ontario,-81.17272,48.51106,0,0,0,0,0,0,0,0,0,0,0,0,0,0,0,0,0,0,0,0,0,0,0,0,0,0,0,0,0,0,0,0,0,0,0,0,0,0,0,0,0,1,0,0,0,0,0,0,0,0,0,0,0,0,0,0,0,0,0,0,0,0,0,0,0,0,0,0,0,0,0,0,0,0,0,0,0,0,0,0,0,0,0,0,0,0,0,0,0,0,0,0,0,0,0,0,0,0,0,0,0,0,0,0,0,0,0,0,POINT (1015555.0147359913 56397.464543792725),9478,49.785892,7.533405,7.650448,11.280139,3.2618847,2.2357588,0.19964004,0.27703398,0.035046436,0.11498298,6.2233486,27.357258,953.4325,64.11323,9.456481,1061.293,56.042755,3.483281,7.405423,0.44649604,2.6097822,0.09219473,4.67849,8.689271,6.528226,4.1707044,88.68786,12.279884,5.5092816,0.0,2.8936908,5721.808120689513,294.0
Ontario,-81.17146,48.56007,0,0,0,0,0,0,0,0,0,0,0,0,0,0,0,0,0,0,0,0,0,0,0,0,0,0,0,0,0,0,0,0,0,0,0,0,0,0,0,0,0,1,0,0,0,0,0,0,0,0,0,0,0,0,0,0,0,0,0,0,0,0,0,0,0,0,0,0,0,0,0,0,0,0,0,0,0,0,0,0,0,0,0,0,0,0,0,0,0,0,0,0,0,0,0,0,0,0,0,0,0,0,0,0,0,0,0,0,POINT (1014468.3926265785 61748.952480786465),9477,54.954407,9.938908,6.3668766,5.818368,3.208906,2.912633,0.51321185,0.32272565,0.09922179,0.10410105,6.630534,30.366953,849.2261,71.610954,12.570572,1139.0226,72.66635,6.4586434,8.136842,0.42775282,4.1651077,0.37739375,12.552991,23.70481,13.818441,7.255052,133.91722,14.087415,5.3505335,0.0,2.8590803,4798.431077742416,291.0
Ontario,-81.16472222,48.31694444,0,0,0,0,0,0,0,0,0,0,0,0,0,0,0,0,0,0,0,0,0,0,0,0,0,0,0,0,0,0,0,0,0,0,0,0,0,0,0,0,0,0,0,0,0,0,0,0,0,0,0,0,0,0,0,0,0,0,0,0,0,0,0,1,0,0,0,0,0,0,0,0,0,0,0,0,0,0,0,0,0,0,0,0,0,0,0,0,0,0,0,0,0,0,0,0,0,0,0,0,0,0,0,0,0,0,0,0,POINT (1020802.0932099313 35399.74379874067),8606,45.38964,5.433091,9.176868,24.42006,3.815377,0.34871748,0.04442502,0.26348692,0.025590265,0.14292803,6.2176547,27.852577,1495.256,94.49425,15.803367,1697.4443,53.34058,7.5363526,4.3422565,0.0,0.65318304,0.16826087,7.7354836,8.441889,5.674298,2.2547374,106.17881,6.1067944,5.6287537,0.0,2.8791928,4669.771744476871,301.0
Ontario,-81.15796,48.51638,0,0,0,0,0,0,0,0,0,0,0,0,0,0,0,0,0,0,0,0,0,0,0,0,0,0,0,0,0,0,0,0,0,0,0,0,0,0,0,0,0,1,0,0,0,0,0,0,0,0,0,0,0,0,0,0,0,0,0,0,0,0,0,0,0,0,0,0,0,0,0,0,0,0,0,0,0,0,0,0,0,0,0,0,0,0,0,0,0,0,0,0,0,0,0,0,0,0,0,0,0,0,0,0,0,0,0,0,POINT (1016493.9437731681 57211.98826465368),9478,49.785892,7.533405,7.650448,11.280139,3.2618847,2.2357588,0.19964004,0.27703398,0.035046436,0.11498298,6.2233486,27.357258,953.4325,64.11323,9.456481,1061.293,56.042755,3.483281,7.405423,0.44649604,2.6097822,0.09219473,4.67849,8.689271,6.528226,4.1707044,88.68786,12.279884,5.5092816,0.0,2.8936908,4479.704739682185,284.0
Ontario,-81.14896,48.55076,0,0,0,0,0,0,0,0,0,0,0,0,0,0,0,0,0,0,0,0,0,0,0,0,0,0,0,0,0,0,0,0,0,0,0,0,0,0,0,0,0,1,0,0,0,0,0,0,0,0,0,0,0,0,0,0,0,0,0,0,0,0,0,0,0,0,0,0,0,0,0,0,0,0,0,0,0,0,0,0,0,0,0,0,0,0,0,0,0,0,0,0,0,0,0,0,0,0,0,0,0,0,0,0,0,0,0,0,POINT (1016316.9103160944 61095.49942585551),9478,49.785892,7.533405,7.650448,11.280139,3.2618847,2.2357588,0.19964004,0.27703398,0.035046436,0.11498298,6.2233486,27.357258,953.4325,64.11323,9.456481,1061.293,56.042755,3.483281,7.405423,0.44649604,2.6097822,0.09219473,4.67849,8.689271,6.528226,4.1707044,88.68786,12.279884,5.5092816,0.0,2.8936908,3842.894184845645,288.0
Ontario,-81.1426,48.51889,0,0,0,0,0,0,0,0,0,0,0,0,0,0,0,0,0,0,0,0,0,0,0,0,0,0,0,0,0,0,0,0,0,0,0,0,0,0,0,0,0,1,0,0,0,0,0,0,0,0,0,0,0,0,0,0,0,0,0,0,0,0,0,0,0,0,0,0,0,0,0,0,0,0,0,0,0,0,0,0,0,0,0,0,0,0,0,0,0,0,0,0,0,0,0,0,0,0,0,0,0,0,0,0,0,0,0,0,POINT (1017543.5741311437 57730.62367647076),9478,49.785892,7.533405,7.650448,11.280139,3.2618847,2.2357588,0.19964004,0.27703398,0.035046436,0.11498298,6.2233486,27.357258,953.4325,64.11323,9.456481,1061.293,56.042755,3.483281,7.405423,0.44649604,2.6097822,0.09219473,4.67849,8.689271,6.528226,4.1707044,88.68786,12.279884,5.5092816,0.0,2.8936908,3344.504177300249,300.0
Ontario,-81.13944,48.55056,0,0,0,0,0,0,0,0,0,0,0,0,0,0,0,0,0,0,0,0,0,0,0,0,0,0,0,0,0,0,0,0,0,0,0,0,0,0,0,0,0,1,0,0,0,0,0,0,0,0,0,0,0,0,0,0,0,0,0,0,0,0,0,0,0,0,0,0,0,0,0,0,0,0,0,0,0,0,0,0,0,0,0,0,0,0,0,0,0,0,0,0,0,0,0,0,0,0,0,0,0,0,0,0,0,0,0,0,POINT (1017009.1668107447 61225.9115479216),9478,49.785892,7.533405,7.650448,11.280139,3.2618847,2.2357588,0.19964004,0.27703398,0.035046436,0.11498298,6.2233486,27.357258,953.4325,64.11323,9.456481,1061.293,56.042755,3.483281,7.405423,0.44649604,2.6097822,0.09219473,4.67849,8.689271,6.528226,4.1707044,88.68786,12.279884,5.5092816,0.0,2.8936908,3232.6518878425327,290.0
Ontario,-81.120492,48.522253,0,0,0,0,0,0,0,0,0,0,0,0,0,0,0,0,0,0,0,0,0,0,0,0,0,0,0,0,0,0,0,0,0,0,0,0,0,0,0,0,0,1,0,0,0,0,0,0,0,0,0,0,0,0,0,0,0,0,0,0,0,0,0,0,0,0,0,0,0,0,0,0,0,0,0,0,0,0,0,0,0,0,0,0,0,0,0,0,0,0,0,0,0,0,0,0,0,0,0,0,0,0,0,0,0,0,0,0,POINT (1019060.0188254281 58450.36293126428),9478,49.785892,7.533405,7.650448,11.280139,3.2618847,2.2357588,0.19964004,0.27703398,0.035046436,0.11498298,6.2233486,27.357258,953.4325,64.11323,9.456481,1061.293,56.042755,3.483281,7.405423,0.44649604,2.6097822,0.09219473,4.67849,8.689271,6.528226,4.1707044,88.68786,12.279884,5.5092816,0.0,2.8936908,1812.6040309324223,291.0
Ontario,-81.11502,48.52273,0,0,0,0,0,0,0,0,0,0,0,0,0,0,0,0,0,0,0,0,0,0,0,0,0,0,0,0,0,0,0,0,0,0,0,0,0,0,0,0,0,1,0,0,0,0,0,0,0,0,0,0,0,0,0,0,0,0,0,0,0,0,0,0,0,0,0,0,0,0,0,0,0,0,0,0,0,0,0,0,0,0,0,0,0,0,0,0,0,0,0,0,0,0,0,0,0,0,0,0,0,0,0,0,0,0,0,0,POINT (1019443.8738238931 58589.93014170818),9478,49.785892,7.533405,7.650448,11.280139,3.2618847,2.2357588,0.19964004,0.27703398,0.035046436,0.11498298,6.2233486,27.357258,953.4325,64.11323,9.456481,1061.293,56.042755,3.483281,7.405423,0.44649604,2.6097822,0.09219473,4.67849,8.689271,6.528226,4.1707044,88.68786,12.279884,5.5092816,0.0,2.8936908,1515.8852365972134,294.0
Ontario,-81.115,48.52278,0,0,0,0,0,0,0,0,0,0,0,0,0,0,0,0,0,0,0,0,0,0,0,0,0,0,0,0,0,0,0,0,0,0,0,0,0,0,0,0,0,1,0,0,0,0,0,0,0,0,0,0,0,0,0,0,0,0,0,0,0,0,0,0,0,0,0,0,0,0,0,0,0,0,0,0,0,0,0,0,0,0,0,0,0,0,0,0,0,0,0,0,0,0,0,0,0,0,0,0,0,0,0,0,0,0,0,0,POINT (1019444.1124599951 58595.68895014739),9478,49.785892,7.533405,7.650448,11.280139,3.2618847,2.2357588,0.19964004,0.27703398,0.035046436,0.11498298,6.2233486,27.357258,953.4325,64.11323,9.456481,1061.293,56.042755,3.483281,7.405423,0.44649604,2.6097822,0.09219473,4.67849,8.689271,6.528226,4.1707044,88.68786,12.279884,5.5092816,0.0,2.8936908,1510.4420654814817,294.0
Ontario,-81.09293,48.52723,0,0,0,0,0,0,0,0,0,0,0,0,0,0,0,0,0,0,0,0,0,0,0,0,0,0,0,0,0,0,0,0,0,0,0,0,0,0,0,0,0,1,0,0,0,0,0,0,0,0,0,0,0,0,0,0,0,0,0,0,0,0,0,0,0,0,0,0,0,0,0,0,0,0,0,0,0,0,0,0,0,0,0,0,0,0,0,0,0,0,0,0,0,0,0,0,0,0,0,0,0,0,0,0,0,0,0,0,POINT (1020931.086497086 59433.655020734084),9478,49.785892,7.533405,7.650448,11.280139,3.2618847,2.2357588,0.19964004,0.27703398,0.035046436,0.11498298,6.2233486,27.357258,953.4325,64.11323,9.456481,1061.293,56.042755,3.483281,7.405423,0.44649604,2.6097822,0.09219473,4.67849,8.689271,6.528226,4.1707044,88.68786,12.279884,5.5092816,0.0,2.8936908,1089.4999534985918,290.0
Ontario,-81.03694,46.84889,0,0,0,0,0,0,0,0,0,0,0,0,0,0,0,0,0,0,0,0,0,0,0,0,0,0,0,0,0,0,0,0,0,0,0,0,0,0,0,0,0,0,0,0,0,0,0,0,1,0,0,0,0,0,0,0,0,0,0,0,0,0,0,0,0,0,0,0,0,0,0,0,0,0,0,0,0,0,0,0,0,0,0,0,0,0,0,0,0,0,0,0,0,0,0,0,0,0,0,0,0,0,0,0,0,0,0,0,POINT (1065827.4199742258 -122761.34594854186),1635,57.20973,14.5646,10.157291,4.821577,5.484572,3.9787638,0.7503832,0.7038943,0.10651363,0.130952,2.3392203,34.58033,68.011635,14.61598,23.154024,121.59635,91.54209,9.264058,0.0,0.58038515,1.5001005,0.43170527,10.795347,22.519278,12.135982,3.4396198,145.60359,0.22857456,5.4370294,0.0,3.2075,5003.519852149801,358.0
Ontario,-81.03661,48.311227,0,0,0,0,0,0,0,0,0,0,0,0,0,0,0,0,0,0,0,0,0,0,0,0,0,0,0,0,0,0,0,0,0,0,0,0,0,0,0,0,0,0,0,0,0,0,0,0,0,0,0,0,0,0,0,0,0,0,0,0,0,0,0,1,0,0,0,0,0,0,0,0,0,0,0,0,0,0,0,0,0,0,0,0,0,0,0,0,0,0,0,0,0,0,0,0,0,0,0,0,0,0,0,0,0,0,0,0,POINT (1030241.741859329 36842.97314329134),8607,45.346222,4.504307,8.979797,25.787888,3.164121,0.30208817,0.087800786,0.23595142,0.026732365,0.137605,7.087646,19.623148,1682.3876,95.54508,15.810257,1963.1987,49.76536,5.3487463,2.9215066,0.0,0.6470563,0.24566042,17.087484,8.230505,5.750093,2.4871666,82.195366,7.662183,5.4341965,0.0,2.871395,3166.406559928665,300.0
Ontario,-81.034405,46.764596,0,0,0,0,0,0,0,0,0,0,0,0,0,0,0,0,0,0,0,0,0,0,0,0,1,0,0,0,0,0,0,0,0,0,0,0,0,0,0,0,0,0,0,0,0,0,0,0,0,0,0,0,0,0,0,0,0,0,0,0,0,0,0,1,0,0,0,0,0,1,0,0,0,0,0,0,0,0,0,0,0,0,0,0,0,0,0,0,0,0,0,0,0,0,0,0,0,0,0,0,0,0,0,0,0,0,0,0,POINT (1068077.3099595415 -131947.65016539046),1199,57.190228,14.566149,10.161742,4.8297386,5.4903097,3.9796925,0.7500893,0.70448077,0.10676715,0.13109449,2.3830595,34.648357,68.146126,14.638821,23.10366,121.80558,91.60911,9.179724,0.0,0.89931166,1.4992552,0.43168062,10.791456,22.504944,12.132883,3.430601,145.80128,0.22736199,5.462355,0.0,3.2031617,2736.6310579010483,412.0
Ontario,-81.023788,47.4162,0,0,0,0,0,0,0,1,0,0,0,0,0,0,0,0,0,0,0,0,0,0,0,0,0,0,0,0,0,0,0,0,0,0,0,0,0,0,0,0,0,0,0,0,0,0,0,0,0,0,0,0,0,0,0,0,0,0,0,0,0,0,0,0,0,0,0,0,0,0,0,0,0,0,0,0,0,0,0,0,0,0,0,0,0,0,0,0,0,0,0,0,0,0,0,0,0,0,0,0,0,0,0,0,0,0,0,0,POINT (1052962.7200780483 -60515.999707803254),4249,57.60796,14.494532,9.814138,4.4529777,5.390889,3.719361,0.8133192,0.68610287,0.10263051,0.1263822,0.67876494,32.101727,66.76999,11.934623,27.556803,123.26373,87.21399,9.07602,0.0,0.0,1.6750408,0.45081636,11.864555,24.962114,13.048651,3.9517658,140.09128,0.29976112,5.202429,0.0,3.154885,3007.484404733324,379.0
Ontario,-81.00254,47.88154,0,0,0,0,0,0,1,0,0,0,0,0,0,0,0,0,0,0,0,0,0,0,0,0,0,0,0,0,0,0,0,0,0,0,0,0,0,0,0,0,0,0,0,0,0,0,0,0,0,0,0,0,0,0,0,0,0,0,0,0,0,0,0,0,0,0,0,0,0,0,0,0,0,0,0,0,0,0,0,0,0,0,0,0,0,0,0,0,0,0,0,0,0,0,0,0,0,0,0,0,0,0,0,0,0,0,0,0,POINT (1043181.9385131478 -9398.053983929814),6428,55.219814,14.851631,7.673014,4.3614326,4.797033,3.1171913,0.8972874,0.60651654,0.12346488,0.12716857,1.3326708,31.243013,141.95493,29.353144,29.273746,142.03168,65.99529,2.4268954,1.8716325,0.0,1.7287719,0.49321443,12.839686,26.657276,15.2564945,4.622988,116.0317,0.38506576,5.5758185,0.0,2.87495,3238.366227135736,369.0
Ontario,-81.001861,48.341494,0,0,0,0,0,0,0,0,0,0,0,0,0,0,0,0,0,0,0,0,0,0,0,0,0,0,0,0,0,0,0,0,0,0,0,0,0,0,0,0,0,0,0,0,0,0,0,0,0,0,0,0,0,0,0,0,0,0,0,0,0,0,0,1,0,0,0,0,0,0,0,0,0,0,0,0,0,0,0,0,0,0,0,0,0,0,0,0,0,0,0,0,0,0,0,0,0,0,0,0,0,0,0,0,0,0,0,0,POINT (1032027.4301726616 40699.666641907235),8607,45.346222,4.504307,8.979797,25.787888,3.164121,0.30208817,0.087800786,0.23595142,0.026732365,0.137605,7.087646,19.623148,1682.3876,95.54508,15.810257,1963.1987,49.76536,5.3487463,2.9215066,0.0,0.6470563,0.24566042,17.087484,8.230505,5.750093,2.4871666,82.195366,7.662183,5.4341965,0.0,2.871395,2144.4039275909827,283.0
Ontario,-80.9933,46.5402,0,0,0,0,0,0,0,0,0,0,0,0,0,0,0,0,0,0,0,0,0,0,0,1,1,0,0,0,0,0,0,0,0,0,0,0,0,0,0,0,0,1,0,0,0,0,0,0,0,0,0,0,0,0,0,0,0,0,0,0,0,0,0,1,0,0,0,0,0,1,0,0,0,0,0,0,0,0,0,0,1,0,0,0,0,1,0,0,0,0,0,0,0,0,0,0,0,0,1,0,0,0,0,0,0,0,0,0,POINT (1076672.0736555944 -155836.44863101776),328,57.194572,14.570486,10.172109,4.839475,5.485194,3.9993756,0.7488962,0.7059263,0.10713504,0.13116805,3.4719608,34.69434,67.917336,14.806086,23.454819,120.95364,91.83362,10.791071,0.44685906,1.0746665,1.4943706,0.43181053,10.762985,22.443098,12.116533,3.4115915,145.88522,0.24041083,5.6788845,0.0,3.1223361,6718.554483021873,300.0
Ontario,-80.9919,46.5611,0,0,0,0,0,0,0,0,0,0,0,0,0,0,0,0,0,0,0,0,0,0,0,1,1,0,0,0,0,0,0,0,0,0,0,0,0,0,0,0,0,1,0,0,0,0,0,0,0,0,0,0,0,0,0,0,0,0,0,0,0,0,0,1,0,0,0,0,0,1,0,0,0,0,0,0,0,0,0,0,1,0,0,0,0,1,0,0,0,0,0,0,0,0,0,0,0,0,1,0,0,0,0,0,0,0,0,0,POINT (1076265.223499067 -153522.41726087802),328,57.194572,14.570486,10.172109,4.839475,5.485194,3.9993756,0.7488962,0.7059263,0.10713504,0.13116805,3.4719608,34.69434,67.917336,14.806086,23.454819,120.95364,91.83362,10.791071,0.44685906,1.0746665,1.4943706,0.43181053,10.762985,22.443098,12.116533,3.4115915,145.88522,0.24041083,5.6788845,0.0,3.1223361,5133.85138125832,299.0
Ontario,-80.9732,48.49567,0,0,0,0,0,0,0,0,0,0,0,0,0,0,0,0,0,0,0,0,0,0,0,0,0,0,0,0,0,0,0,0,0,0,0,0,0,0,0,0,0,1,0,0,0,0,0,0,0,0,0,0,0,0,0,0,0,0,0,0,0,0,0,0,0,0,0,0,0,0,0,0,0,0,0,0,0,0,0,0,0,0,0,0,0,0,0,0,0,0,0,0,0,0,0,0,0,0,0,0,0,0,0,0,0,0,0,0,POINT (1030347.4045127432 57932.48861961368),9479,48.910885,7.2404346,8.739168,12.745073,4.1360044,1.9113834,0.1712589,0.29510966,0.094952956,0.12916444,4.8529463,42.563168,880.4764,57.561565,11.431856,948.1618,59.508522,1.9447534,4.548935,0.0,1.2387841,0.124199845,6.1485596,10.452725,7.838463,4.808405,99.690865,6.4049997,5.763535,0.0,2.8881676,2096.3594021741646,275.0
Ontario,-80.8763,46.7775,0,0,0,0,0,0,0,0,0,0,0,0,0,0,0,0,0,0,0,0,0,0,0,0,1,0,0,0,0,0,0,0,0,0,0,0,0,0,0,0,0,0,0,0,0,0,0,0,0,0,0,0,0,0,0,0,0,0,0,0,0,0,0,1,0,1,0,0,0,0,0,0,0,0,0,0,0,0,0,0,0,0,0,0,0,0,0,0,0,0,0,0,0,0,0,0,0,0,0,0,0,0,0,0,0,0,0,0,POINT (1079651.9705325186 -127865.76446728712),1200,57.228966,14.568772,10.167449,4.828158,5.4741745,4.002735,0.7487391,0.70513916,0.106743775,0.13094117,3.4334116,34.589638,67.64098,14.806143,23.560625,120.424866,91.77544,10.160976,0.0,1.5355048,1.493882,0.43174604,10.757688,22.441845,12.112788,3.4217508,145.56201,0.2418136,5.480873,0.0,3.2011456,2162.2172628511503,352.0
Ontario,-80.86851,48.53189,0,0,0,0,0,0,0,0,0,0,0,0,0,0,0,0,0,0,0,0,0,0,0,0,0,0,0,0,0,0,0,0,0,0,0,0,0,0,0,0,0,1,0,0,0,0,0,0,0,0,0,0,0,0,0,0,0,0,0,0,0,0,0,0,0,0,0,0,0,0,0,0,0,0,0,0,0,0,0,0,0,0,0,0,0,0,0,0,0,0,0,0,0,0,0,0,0,0,0,0,0,0,0,0,0,0,0,0,POINT (1037021.8190801074 63570.76642565167),9480,50.163383,8.987564,9.435544,9.730778,5.309214,2.0507412,0.36402532,0.4552589,0.16053812,0.14586832,3.6672757,60.8101,519.857,45.620014,11.323523,509.13864,74.575645,2.0014038,3.2109334,0.0,1.2221241,0.19798325,6.817351,16.612297,11.341221,5.7362375,141.05676,5.7020073,5.8925805,0.0,2.8548617,4650.172467630393,280.0
Ontario,-80.81611,47.62111,0,0,0,0,0,0,0,0,0,0,0,0,0,0,0,0,0,0,0,0,0,0,0,0,0,0,0,0,0,0,0,0,0,0,0,0,0,0,0,0,0,0,0,0,0,0,0,0,0,0,0,0,0,0,0,0,0,0,0,0,0,0,0,0,0,0,0,0,0,0,0,0,0,0,0,0,0,0,0,0,0,0,0,0,0,1,0,0,0,0,0,0,0,0,0,0,0,0,0,0,0,0,0,0,0,0,0,0,POINT (1063282.279612211 -34701.47797035281),5558,55.85902,14.544618,13.067428,6.060974,5.6543164,4.35293,0.5938615,0.9253893,0.094375186,0.1637106,0.56517327,42.991936,45.510914,34.29254,28.160799,43.422466,96.799614,7.6237884,0.0,0.0,0.8800335,0.29722923,7.092177,15.92766,10.103631,3.2948947,203.24776,0.4926038,5.6198463,0.0,2.85778,5733.856525104336,392.0
Ontario,-80.80414,46.67426,0,0,0,0,0,0,0,0,0,0,0,0,0,0,0,0,0,0,0,0,0,0,0,0,0,0,0,0,0,0,0,0,0,0,0,0,0,0,0,0,0,0,0,0,0,0,0,0,0,0,0,0,0,0,0,0,0,0,0,0,0,0,0,1,0,0,0,0,0,0,0,0,0,0,0,0,0,0,0,0,0,0,0,0,0,0,0,0,0,0,0,0,0,0,0,0,0,0,0,0,0,0,0,0,0,0,0,0,POINT (1087640.5901531137 -137935.52911827888),765,57.23806,14.571744,10.174704,4.8337016,5.4683304,4.018488,0.7476847,0.7060715,0.10694688,0.13095741,4.3839016,34.606094,67.42097,14.9338875,22.354612,119.69201,91.93845,10.878334,0.586508,1.1605328,1.4898281,0.43179446,10.733452,22.391306,12.098255,3.4087586,145.56927,0.33982262,5.502686,0.0,3.2030098,3135.1092371319914,323.0
Ontario,-80.795,46.58,0,0,0,0,0,0,0,0,0,0,0,0,0,0,0,0,0,0,0,0,0,0,0,1,1,0,0,0,0,0,0,0,0,0,0,0,0,0,0,0,0,1,0,0,0,0,0,0,0,0,0,0,0,0,0,0,0,0,0,0,0,0,0,1,0,0,0,0,0,1,0,0,0,0,0,0,0,0,0,0,0,0,0,0,0,1,0,0,0,0,0,0,0,0,0,0,0,0,0,0,0,0,0,0,0,0,0,0,POINT (1090672.7891673134 -148098.1445914332),329,58.019897,14.522867,10.244436,4.637173,5.288571,3.928557,0.7186348,0.6642453,0.07859681,0.13030435,4.6849155,35.843994,63.16123,15.776168,21.555243,120.99482,86.96077,10.819641,0.596524,1.1643307,1.4855745,0.440766,9.467922,19.347557,10.58001,3.508976,150.65962,0.52143764,5.5099235,0.0,3.2108653,2017.4769462692936,314.0
Ontario,-80.76806,47.89694,0,0,0,0,0,0,0,1,0,0,0,0,0,0,0,0,0,0,0,0,0,0,0,0,0,0,0,0,0,0,0,0,0,0,0,0,0,0,0,0,0,0,0,0,0,0,0,0,0,0,0,0,0,0,0,0,0,0,0,0,0,0,0,0,0,0,0,0,0,0,0,0,0,0,0,0,0,0,0,0,0,0,0,0,0,0,0,0,0,0,0,0,0,0,0,0,0,0,0,0,0,0,0,0,0,0,0,0,POINT (1059985.1473670737 -3843.7021039368537),6866,51.606277,15.516418,8.732371,6.4910803,6.4283056,2.6941235,0.81827813,0.599498,0.057765648,0.1385171,0.0,31.834211,80.13344,31.717506,26.68204,134.39064,79.12543,3.166037,0.42094454,0.0,1.246019,0.33103764,7.6245766,16.451515,9.520661,2.8675237,132.1587,1.291658,5.5889716,0.0,2.87412,3843.6390274917294,347.0
Ontario,-80.76397,46.60343,0,0,0,0,0,0,0,0,0,0,0,0,0,0,0,0,0,0,0,0,0,0,0,0,1,0,0,0,0,0,0,0,0,0,0,0,0,0,0,0,0,1,0,0,0,0,0,0,0,0,0,0,0,0,0,0,0,0,0,0,0,0,0,0,0,0,0,0,0,0,0,0,0,0,0,0,0,0,0,0,0,0,0,0,0,0,0,0,0,0,0,0,0,0,0,0,0,0,0,0,0,0,0,0,0,0,0,0,POINT (1092431.5471301563 -145000.43299191125),329,58.019897,14.522867,10.244436,4.637173,5.288571,3.928557,0.7186348,0.6642453,0.07859681,0.13030435,4.6849155,35.843994,63.16123,15.776168,21.555243,120.99482,86.96077,10.819641,0.596524,1.1643307,1.4855745,0.440766,9.467922,19.347557,10.58001,3.508976,150.65962,0.52143764,5.5099235,0.0,3.2108653,5559.626088532818,311.0
Ontario,-80.75039,48.55011,0,0,0,0,0,0,0,0,0,0,0,0,0,0,0,0,0,0,0,0,0,0,0,0,0,0,0,0,0,0,0,0,0,0,0,0,0,0,0,0,0,1,0,0,0,0,0,0,0,0,0,0,0,0,0,0,0,0,0,0,0,0,0,0,0,0,0,0,0,0,0,0,0,0,0,0,0,0,0,0,0,0,0,0,0,0,0,0,0,0,0,0,0,0,0,0,0,0,0,0,0,0,0,0,0,0,0,0,POINT (1045094.0990341426 67483.49774625858),9917,51.877285,12.592133,9.957522,6.1918697,6.1427755,2.8598046,0.58521855,0.5341187,0.20290692,0.15747893,4.468931,71.67471,176.39082,40.85877,14.220713,365.22586,85.73356,2.6213946,1.1475892,10.872089,0.8952797,0.24922766,6.875167,17.303387,12.152751,5.4515676,188.92162,2.6969304,5.8497577,0.0,2.8595738,5513.315445209829,270.0
Ontario,-80.74139,47.67639,0,0,0,0,0,0,0,0,0,0,0,0,0,0,0,0,0,0,0,0,0,0,0,0,0,0,0,0,0,0,0,0,0,0,0,0,0,0,0,0,0,0,0,0,0,0,0,0,0,0,0,0,0,0,0,0,0,0,0,0,0,0,0,0,0,0,0,0,0,0,0,0,0,0,0,0,0,0,0,0,0,0,0,0,0,1,0,0,0,0,0,0,0,0,0,0,0,0,0,0,0,0,0,0,0,0,0,0,POINT (1067415.9611063336 -27424.041324406193),5559,60.380333,14.811948,9.098128,3.9622037,3.706967,6.193798,0.49180862,0.58327425,0.08554372,0.09902839,0.001291143,21.001001,36.19037,20.389526,28.457678,41.239723,105.34329,28.639637,0.0,0.0,0.9014541,0.42906365,6.782816,14.72132,9.288305,2.6729352,102.4011,0.40332255,5.6255565,0.0,2.8575706,3648.655984585116,390.0
Ontario,-80.73897,47.66657,0,0,0,0,0,0,0,0,0,0,0,0,0,0,0,0,0,0,0,0,0,0,0,0,0,0,0,0,0,0,0,0,0,0,0,0,0,0,0,0,0,0,0,0,0,0,0,0,0,0,0,0,0,0,0,0,0,0,0,0,0,0,0,0,0,0,0,0,0,0,0,0,0,0,0,0,0,0,0,0,0,0,0,0,0,1,0,0,0,0,0,0,0,0,0,0,0,0,0,0,0,0,0,0,0,0,0,0,POINT (1067838.1315299352 -28453.6309099678),5559,60.380333,14.811948,9.098128,3.9622037,3.706967,6.193798,0.49180862,0.58327425,0.08554372,0.09902839,0.001291143,21.001001,36.19037,20.389526,28.457678,41.239723,105.34329,28.639637,0.0,0.0,0.9014541,0.42906365,6.782816,14.72132,9.288305,2.6729352,102.4011,0.40332255,5.6255565,0.0,2.8575706,2657.9632434157857,389.0
Ontario,-80.69617,47.97179,0,0,0,0,0,0,0,0,0,0,0,0,0,0,0,0,0,0,0,0,0,0,0,0,1,0,0,0,0,0,0,0,0,0,0,0,0,0,0,0,0,0,0,0,0,0,0,0,0,0,0,0,0,0,0,0,0,0,0,0,0,0,0,0,0,0,0,0,0,0,0,0,0,0,0,0,0,0,0,0,0,0,0,0,0,0,0,0,0,0,0,0,0,0,0,0,0,0,0,0,0,0,0,0,0,0,0,0,POINT (1063385.3769621968 5504.8621217419395),7302,53.990627,14.694279,8.659343,4.779583,5.556646,3.1762936,1.0578665,0.7067744,0.09842528,0.12765698,0.0,57.232754,74.51486,30.443304,22.576414,118.55998,84.591675,4.8990145,0.10157178,0.0,2.4065008,0.6315706,13.49328,28.756336,15.382172,4.8034234,133.80016,2.4469335,5.58883,0.0,2.873475,5627.416675082704,355.0
Ontario,-80.69286,47.948757,0,0,0,0,0,0,0,0,0,0,0,0,0,0,0,0,0,0,0,0,0,0,0,0,1,0,0,0,0,0,0,0,0,0,0,0,0,0,0,0,0,0,0,0,0,0,0,0,0,0,0,0,0,0,0,0,0,0,0,0,0,0,0,0,0,0,0,0,0,0,0,0,0,0,0,0,0,0,0,0,0,0,0,0,0,0,0,0,0,0,0,0,0,0,0,0,0,0,0,0,0,0,0,0,0,0,0,0,POINT (1064200.8787988084 3053.3087363545515),6866,51.606277,15.516418,8.732371,6.4910803,6.4283056,2.6941235,0.81827813,0.599498,0.057765648,0.1385171,0.0,31.834211,80.13344,31.717506,26.68204,134.39064,79.12543,3.166037,0.42094454,0.0,1.246019,0.33103764,7.6245766,16.451515,9.520661,2.8675237,132.1587,1.291658,5.5889716,0.0,2.87412,5193.168495642332,337.0
Ontario,-80.67301,47.69009,0,0,0,0,0,0,0,0,0,0,0,0,0,0,0,0,0,0,0,0,0,0,0,1,0,0,0,0,0,0,0,0,0,0,0,0,0,0,0,0,0,0,0,0,0,0,0,0,0,0,0,0,0,0,0,0,0,0,0,0,0,0,0,0,0,0,0,0,0,0,0,0,0,0,0,0,0,0,0,0,0,0,0,0,0,1,0,0,0,0,0,0,0,0,0,0,0,0,0,0,0,0,0,0,0,0,0,0,POINT (1072106.3008320676 -24781.175750733393),5995,57.12862,14.87353,10.16338,5.194327,4.975188,4.8244395,0.68086356,0.70322025,0.094129145,0.12680268,0.0,31.326471,48.07687,27.224194,28.241146,66.1015,95.16587,15.075531,0.0,0.0,1.0067965,0.3839482,6.9109063,14.749048,9.367613,2.8820708,133.6669,0.624014,5.6193314,0.0,2.8586805,5224.37491032552,349.0
Ontario,-80.61542,46.65107,0,0,0,0,0,0,0,0,0,0,0,0,0,0,0,0,0,0,0,0,0,0,0,0,1,0,0,0,0,0,0,0,0,0,0,0,0,0,0,0,0,1,0,0,0,0,0,0,0,0,0,0,0,0,0,0,0,0,0,0,0,0,0,0,0,0,0,0,0,0,0,0,0,0,0,0,0,0,0,0,0,0,0,0,0,0,0,0,0,0,0,0,0,0,0,0,0,0,0,0,0,0,0,0,0,0,0,0,POINT (1102437.6724050764 -137224.06864618327),766,57.807137,14.066058,10.020016,5.077867,5.396843,3.7700877,1.172506,0.66055775,0.15980576,0.1271171,4.191318,33.04489,72.90642,20.18967,21.397316,167.93877,88.46507,10.78023,3.366925,1.7691319,1.9247355,0.58476925,13.245918,27.747635,15.353856,3.6306593,144.73439,0.5265625,5.4669867,0.0,3.2206683,3694.3936938986335,307.0
Ontario,-80.61333,48.56667,0,0,0,0,0,0,0,0,0,0,0,0,0,0,0,0,0,0,0,0,0,0,0,0,0,0,0,0,0,0,0,0,0,0,0,0,0,0,0,0,0,1,0,0,0,0,0,0,0,0,0,0,0,0,0,0,0,0,0,0,0,0,0,0,0,0,0,0,0,0,0,0,0,0,0,0,0,0,0,0,0,0,0,0,0,0,0,0,0,0,0,0,0,0,0,0,0,0,0,0,0,0,0,0,0,0,0,0,POINT (1054561.4867107118 71543.83837263664),9917,51.877285,12.592133,9.957522,6.1918697,6.1427755,2.8598046,0.58521855,0.5341187,0.20290692,0.15747893,4.468931,71.67471,176.39082,40.85877,14.220713,365.22586,85.73356,2.6213946,1.1475892,10.872089,0.8952797,0.24922766,6.875167,17.303387,12.152751,5.4515676,188.92162,2.6969304,5.8497577,0.0,2.8595738,4816.034380050459,283.0
Ontario,-80.608442,46.579953,1,0,0,0,0,0,0,0,0,0,0,0,0,0,0,0,0,0,0,0,0,0,0,0,0,0,0,0,0,0,0,0,0,0,0,0,0,0,0,0,0,0,0,0,0,0,0,0,0,0,0,0,0,0,0,0,0,0,0,0,0,0,0,0,0,0,0,0,0,0,0,0,0,0,0,0,0,0,0,0,0,0,0,0,0,0,0,0,0,0,0,0,0,0,0,0,0,0,0,0,0,0,0,0,0,0,0,0,POINT (1104754.4196178261 -144883.6722332644),766,57.807137,14.066058,10.020016,5.077867,5.396843,3.7700877,1.172506,0.66055775,0.15980576,0.1271171,4.191318,33.04489,72.90642,20.18967,21.397316,167.93877,88.46507,10.78023,3.366925,1.7691319,1.9247355,0.58476925,13.245918,27.747635,15.353856,3.6306593,144.73439,0.5265625,5.4669867,0.0,3.2206683,6815.835720437333,270.0
Ontario,-80.340814,48.534362,0,0,0,0,0,0,0,0,0,0,0,0,0,0,0,0,0,0,0,0,0,0,0,0,0,0,0,0,0,0,0,0,0,0,0,0,0,0,0,0,0,1,0,0,0,0,0,0,0,0,0,0,0,0,0,0,0,0,0,0,0,0,0,0,0,0,0,0,0,0,0,0,0,0,0,0,0,0,0,0,0,0,0,0,0,0,0,0,0,0,0,0,0,0,0,0,0,0,0,0,0,0,0,0,0,0,0,0,POINT (1075007.845259922 72600.21104059191),9920,50.87188,13.383055,10.784696,5.8304725,6.6402307,2.8626983,0.6844923,0.77951366,0.17615244,0.1804221,8.921155,58.3048,135.79483,44.038967,17.218971,366.02325,92.99559,3.8192134,1.451312,10.96372,1.3690234,0.38013422,9.9941225,22.272236,14.006168,4.2772155,215.06532,0.88971335,5.7188673,0.0,2.8587842,5628.667998240554,295.0
Ontario,-80.30611,48.34389,0,0,0,0,0,0,0,0,0,0,0,0,0,0,0,0,0,0,0,0,0,0,0,0,0,0,0,0,0,0,0,0,0,0,0,0,0,0,0,0,0,1,0,0,0,0,0,0,0,0,0,0,0,0,0,0,0,0,0,0,0,0,0,0,0,0,0,0,0,0,0,0,0,0,0,0,0,0,0,0,0,0,0,0,0,0,0,0,0,0,0,0,0,0,0,0,0,0,0,0,0,0,0,0,0,0,0,0,POINT (1082367.6809198456 52524.21725074507),9048,54.106598,14.466265,9.5143175,4.079323,6.582951,3.3783202,1.1997279,0.82771224,0.23356296,0.15575089,0.0,71.12552,55.088852,33.219776,16.58143,103.421684,81.63834,5.5263515,0.59028864,0.14852126,1.7487181,0.47278595,8.719927,20.041634,11.911922,3.904769,220.37549,1.4048649,5.692936,0.0,2.8591259,3460.669809134416,360.0
Ontario,-80.28421,48.47809,0,0,0,0,0,0,0,0,0,0,0,0,0,0,0,0,0,0,0,0,0,0,0,0,0,0,0,0,0,0,0,0,0,0,0,0,0,0,0,0,0,1,0,0,0,0,0,0,0,0,0,0,0,0,0,0,0,0,0,0,0,0,0,0,0,0,0,0,0,0,0,0,0,0,0,0,0,0,0,0,0,0,0,0,0,0,0,0,0,0,0,0,0,0,0,0,0,0,0,0,0,0,0,0,0,0,0,0,POINT (1080522.2465911156 67456.12590729438),9920,50.87188,13.383055,10.784696,5.8304725,6.6402307,2.8626983,0.6844923,0.77951366,0.17615244,0.1804221,8.921155,58.3048,135.79483,44.038967,17.218971,366.02325,92.99559,3.8192134,1.451312,10.96372,1.3690234,0.38013422,9.9941225,22.272236,14.006168,4.2772155,215.06532,0.88971335,5.7188673,0.0,2.8587842,2597.248613901197,299.0
Ontario,-80.25318,48.55806,0,0,0,0,0,0,1,0,0,0,0,0,0,0,0,0,0,0,0,0,0,0,0,0,0,0,0,0,0,0,0,0,0,0,0,0,0,0,0,0,0,0,0,0,0,0,0,0,0,0,0,0,0,0,0,0,0,0,0,0,0,0,0,0,0,0,0,0,0,0,0,0,0,0,0,0,0,0,0,0,0,0,0,0,0,0,0,0,0,0,0,0,0,0,0,0,0,0,0,0,0,0,0,0,0,0,0,0,POINT (1080712.543869851 76654.96646495714),10356,48.59082,10.372944,11.666638,12.237473,7.057702,1.4789829,0.3030854,0.6021139,0.064722426,0.1935139,9.097192,62.947968,387.98273,58.57472,19.041054,1221.2892,77.064476,2.8480585,0.62840855,16.242714,0.73063856,0.23919271,6.6571465,15.88733,11.066342,3.5047972,199.0946,1.2578987,5.721778,0.0,2.8588483,3420.0838002676624,314.0
Ontario,-80.21119,48.59931,0,0,0,0,0,0,0,0,0,0,0,0,0,0,0,0,0,0,0,0,0,0,0,0,0,0,0,0,0,0,0,0,0,0,0,0,0,0,0,0,0,0,0,0,0,0,0,0,0,0,0,0,0,0,0,0,0,0,0,0,0,0,0,1,0,0,0,0,0,0,0,0,0,0,0,0,0,0,0,0,0,0,0,0,0,0,0,0,0,0,0,0,0,0,0,0,0,0,0,0,0,0,0,0,0,0,0,0,POINT (1082675.5024739623 81840.42186974127),10356,48.59082,10.372944,11.666638,12.237473,7.057702,1.4789829,0.3030854,0.6021139,0.064722426,0.1935139,9.097192,62.947968,387.98273,58.57472,19.041054,1221.2892,77.064476,2.8480585,0.62840855,16.242714,0.73063856,0.23919271,6.6571465,15.88733,11.066342,3.5047972,199.0946,1.2578987,5.721778,0.0,2.8588483,3247.8343846414555,314.0
Ontario,-80.19659,48.63032,0,0,0,0,0,0,1,0,0,0,0,0,0,0,0,0,0,0,0,0,0,0,0,0,0,0,0,0,0,0,0,0,0,0,0,0,0,0,0,0,0,0,0,0,0,0,0,0,0,0,0,0,0,0,0,0,0,0,0,0,0,0,0,0,0,0,0,0,0,0,0,0,0,0,0,0,0,0,0,0,0,1,0,0,0,0,0,0,0,0,0,0,0,0,0,0,0,0,0,0,0,0,0,0,0,0,0,0,POINT (1082928.459824663 85449.53608739875),10792,49.002388,12.742052,12.535699,6.2919164,7.4014044,2.0914621,0.43786538,0.9164743,0.08336224,0.20803174,7.78183,68.56897,194.78188,52.183487,19.775509,568.5453,70.58907,1.9725448,0.3080777,21.905895,0.58066547,0.18924482,5.9015927,14.578166,10.466133,4.371042,229.43932,1.356612,5.719353,0.0,2.8588912,5411.1720168542015,305.0
Ontario,-80.088542,48.130261,0,0,0,0,0,0,0,0,0,0,0,0,0,0,0,0,0,0,0,0,0,0,0,0,0,0,0,0,0,0,0,0,0,0,0,0,0,0,0,0,0,1,0,0,0,0,0,0,0,0,0,0,0,0,0,0,0,0,0,0,0,0,0,0,0,0,0,0,0,0,0,0,0,0,0,0,0,0,0,0,0,0,0,0,0,0,0,0,0,0,0,0,0,0,0,0,0,0,0,0,0,0,0,0,0,0,0,0,POINT (1103636.1887830624 33078.80869448253),8178,53.07029,13.557827,9.516597,4.8406863,6.298877,3.186689,1.0101244,0.6363142,0.15250196,0.15627688,0.13344613,58.152454,84.84674,39.97565,19.05375,182.1619,85.81068,5.4978013,0.0,0.0,1.3673437,0.41742238,9.274552,21.530708,13.0268135,3.7843323,197.40877,0.23257571,5.68042,0.0,2.856737,4764.517903211505,314.0
Ontario,-80.05872,48.14543,0,0,0,0,0,0,0,0,0,0,0,0,0,0,0,0,0,0,0,0,0,0,0,0,0,0,0,0,0,0,0,0,0,0,0,0,0,0,0,0,0,1,0,0,0,0,0,0,0,0,0,0,0,0,0,0,0,0,0,0,0,0,0,0,0,0,0,0,0,0,0,0,0,0,0,0,0,0,0,0,0,0,0,0,0,0,0,0,0,0,0,0,0,0,0,0,0,0,0,0,0,0,0,0,0,0,0,0,POINT (1105408.7666061867 35242.75293470745),8615,51.856426,13.270127,9.456809,5.7153745,6.425558,3.063002,0.7154539,0.63803786,0.23215838,0.16272688,0.12261367,62.426155,95.263374,42.183834,19.873613,208.45093,89.911766,4.5453477,0.0,0.0,0.8820841,0.25380936,7.065008,16.929785,11.396086,4.101355,219.16844,0.34060308,5.699464,0.0,2.8547773,6610.983322813122,335.0
Ontario,-80.05266,48.14722,0,0,0,0,0,0,0,0,0,0,0,0,0,0,0,0,0,0,0,0,0,0,0,0,0,0,0,0,0,0,0,0,0,0,0,0,0,0,0,0,0,1,0,0,0,0,0,0,0,0,0,0,0,0,0,0,0,0,0,0,0,0,0,0,0,0,0,0,0,0,0,0,0,0,0,0,0,0,0,0,0,0,0,0,0,0,0,0,0,0,0,0,0,0,0,0,0,0,0,0,0,0,0,0,0,0,0,0,POINT (1105802.323804414 35542.31292181496),8615,51.856426,13.270127,9.456809,5.7153745,6.425558,3.063002,0.7154539,0.63803786,0.23215838,0.16272688,0.12261367,62.426155,95.263374,42.183834,19.873613,208.45093,89.911766,4.5453477,0.0,0.0,0.8820841,0.25380936,7.065008,16.929785,11.396086,4.101355,219.16844,0.34060308,5.699464,0.0,2.8547773,6122.593389778644,323.0
Ontario,-80.041772,48.157406,0,0,0,0,0,0,0,0,0,0,0,0,0,0,0,0,0,0,0,0,0,0,0,0,0,0,0,0,0,0,0,0,0,0,0,0,0,0,0,0,0,1,0,0,0,0,0,0,0,0,0,0,0,0,0,0,0,0,0,0,0,0,0,0,0,0,0,0,0,0,0,0,0,0,0,0,0,0,0,0,0,0,0,0,0,0,0,0,0,0,0,0,0,0,0,0,0,0,0,0,0,0,0,0,0,0,0,0,POINT (1106328.1201233098 36836.82275808036),8615,51.856426,13.270127,9.456809,5.7153745,6.425558,3.063002,0.7154539,0.63803786,0.23215838,0.16272688,0.12261367,62.426155,95.263374,42.183834,19.873613,208.45093,89.911766,4.5453477,0.0,0.0,0.8820841,0.25380936,7.065008,16.929785,11.396086,4.101355,219.16844,0.34060308,5.699464,0.0,2.8547773,4846.057356133009,322.0
Ontario,-80.03778,46.96242,0,0,0,0,0,0,0,0,0,0,0,0,0,0,0,0,0,0,0,0,0,0,0,1,1,0,0,0,0,0,0,0,0,0,0,0,0,0,0,0,0,1,0,0,0,0,0,0,0,0,0,0,0,0,0,0,0,0,0,0,0,0,0,1,0,0,1,0,0,1,0,0,0,0,0,0,0,0,0,0,0,0,0,0,0,1,0,0,0,0,0,0,0,0,0,0,0,0,0,0,0,0,0,0,0,0,0,0,POINT (1137764.5713989127 -93050.53544828798),2950,58.06391,12.606274,7.6357274,4.400963,5.6131024,2.2782123,1.8829311,0.5039061,0.15499096,0.11794433,6.7417397,254.53647,168.0785,35.14401,19.04486,407.875,62.976883,5.585707,4.978904,1.2419165,3.49416,0.6778929,15.488833,30.789604,19.466835,3.0761902,132.92056,0.6278269,5.415388,0.0,3.188339,3781.917510032221,309.0
Ontario,-80.03634,48.15254,0,0,0,0,0,0,0,0,0,0,0,0,0,0,0,0,0,0,0,0,0,0,0,0,0,0,0,0,0,0,0,0,0,0,0,0,0,0,0,0,0,1,0,0,0,0,0,0,0,0,0,0,0,0,0,0,0,0,0,0,0,0,0,0,0,0,0,0,0,0,0,0,0,0,0,0,0,0,0,0,0,0,0,0,0,0,0,0,0,0,0,0,0,0,0,0,0,0,0,0,0,0,0,0,0,0,0,0,POINT (1106848.9809531104 36403.38945173886),8615,51.856426,13.270127,9.456809,5.7153745,6.425558,3.063002,0.7154539,0.63803786,0.23215838,0.16272688,0.12261367,62.426155,95.263374,42.183834,19.873613,208.45093,89.911766,4.5453477,0.0,0.0,0.8820841,0.25380936,7.065008,16.929785,11.396086,4.101355,219.16844,0.34060308,5.699464,0.0,2.8547773,4781.251337552333,321.0
Ontario,-80.02613,48.15626,0,0,0,0,0,0,0,0,0,0,0,0,0,0,0,0,0,0,0,0,0,0,0,0,0,0,0,0,0,0,0,0,0,0,0,0,0,0,0,0,0,1,0,0,0,0,0,0,0,0,0,0,0,0,0,0,0,0,0,0,0,0,0,0,0,0,0,0,0,0,0,0,0,0,0,0,0,0,0,0,0,0,0,0,0,0,0,0,0,0,0,0,0,0,0,0,0,0,0,0,0,0,0,0,0,0,0,0,POINT (1107493.4027147056 36984.70191533649),8615,51.856426,13.270127,9.456809,5.7153745,6.425558,3.063002,0.7154539,0.63803786,0.23215838,0.16272688,0.12261367,62.426155,95.263374,42.183834,19.873613,208.45093,89.911766,4.5453477,0.0,0.0,0.8820841,0.25380936,7.065008,16.929785,11.396086,4.101355,219.16844,0.34060308,5.699464,0.0,2.8547773,3920.6670542635375,324.0
Ontario,-80.0099,48.11871,0,0,0,0,0,0,0,0,0,0,0,0,0,0,0,0,0,0,0,0,0,0,0,0,0,0,0,0,0,0,0,0,0,0,0,0,0,0,0,0,0,1,0,0,0,0,0,0,0,0,0,0,0,0,0,0,0,0,0,0,0,0,0,0,0,0,0,0,0,0,0,0,0,0,0,0,0,0,0,0,0,0,0,0,0,0,0,0,0,0,0,0,0,0,0,0,0,0,0,0,0,0,0,0,0,0,0,0,POINT (1109649.7649755697 33193.62872860535),8179,50.963207,12.617439,10.08117,6.571609,6.6694016,2.7135699,0.75729537,0.637719,0.17405605,0.17133571,0.24186903,63.85949,107.72234,46.980995,18.914307,268.01514,83.009636,4.191588,0.0,0.0,0.89557034,0.29753238,7.4335146,17.384727,10.854814,3.8153577,203.23769,0.274248,5.69137,0.0,2.8550735,3212.622943239182,329.0
Ontario,-79.93457,48.06926,0,0,0,0,0,0,0,0,0,0,0,0,0,0,0,0,0,0,0,0,0,0,0,0,0,0,0,0,0,0,0,0,0,0,0,0,0,0,0,0,0,0,0,0,0,0,0,1,0,0,0,0,0,0,0,0,0,0,0,0,0,0,0,0,0,0,0,0,0,0,0,0,0,0,0,0,0,0,0,0,0,0,0,0,0,0,0,0,0,0,0,0,0,0,0,0,0,0,0,0,0,0,0,0,0,0,0,0,POINT (1116416.5547845834 29146.81669411062),8180,50.521492,11.351376,10.066415,7.436194,5.628613,2.4567802,0.59772307,0.6662318,0.11399463,0.16986097,0.44721884,73.98073,157.45135,55.44558,19.977186,373.1181,76.729034,4.0219736,0.0,1.4266881,0.9013222,0.3005889,6.03808,14.082436,9.203185,3.6599154,182.75839,0.3455932,5.7038097,0.0,2.853167,3684.024207087114,359.0
Ontario,-79.84555,47.10385,0,0,0,0,0,0,0,0,0,0,0,0,0,0,0,0,0,0,0,0,0,0,0,0,1,0,0,0,0,0,0,0,0,0,0,0,0,0,0,0,0,0,0,0,0,0,0,0,0,0,0,0,0,0,0,0,0,0,0,0,0,0,0,0,0,0,0,0,0,0,0,0,0,0,0,0,0,0,0,0,0,0,0,0,0,0,0,0,0,0,0,0,0,0,0,0,0,0,0,0,0,0,0,0,0,0,0,0,POINT (1148365.6395580336 -74187.90721025177),3823,58.5368,12.053057,7.421276,4.4840207,5.2618566,2.1217322,1.9171058,0.47421864,0.13813427,0.111591965,6.932991,240.6095,162.0181,34.248726,15.711663,456.61322,61.491886,5.166618,5.525435,1.1843355,3.7097328,0.726048,15.421063,30.733734,18.887154,3.2248507,129.4219,0.574281,5.4208255,0.0,3.1696553,4495.421882043828,319.0
Ontario,-79.84031,47.06726,0,0,0,0,0,0,0,0,0,0,0,0,0,0,0,0,0,0,0,0,0,0,0,0,0,0,0,0,0,0,0,0,0,0,0,0,0,0,0,0,0,0,0,0,0,0,0,1,0,0,0,0,0,0,0,0,0,0,0,0,0,0,0,0,0,0,0,0,0,0,0,0,0,0,0,0,0,0,0,0,0,0,0,0,0,0,0,0,0,0,0,0,0,0,0,0,0,0,0,0,0,0,0,0,0,0,0,0,POINT (1149723.070994518 -78077.17037179181),3387,58.667595,12.566601,7.4983797,4.1533976,5.540647,2.2825453,1.9328418,0.50549984,0.1508591,0.115611486,6.4253073,246.63057,164.56273,34.732964,15.671169,395.9891,62.645065,5.0557456,5.734844,1.3154299,3.7892885,0.69459414,16.758745,33.305676,20.493029,3.2410984,134.42456,0.6543408,5.4194465,0.0,3.1780186,1942.5858542780077,307.0
Ontario,-79.8233,48.14179,0,0,0,0,0,0,0,0,0,0,0,0,0,0,0,0,0,0,0,0,0,0,0,0,0,0,0,0,0,0,0,0,0,0,0,0,0,0,0,0,0,1,0,0,0,0,0,0,0,0,0,0,0,0,0,0,0,0,0,0,0,0,0,0,0,0,0,0,0,0,0,0,0,0,0,0,0,0,0,0,0,0,0,0,0,0,0,0,0,0,0,0,0,0,0,0,0,0,0,0,0,0,0,0,0,0,0,0,POINT (1122592.8042317969 38971.1206119977),8616,51.5867,12.8326025,8.762844,7.268394,6.211575,2.9740608,0.6356367,0.5782422,0.20900387,0.15298817,0.1444708,52.675224,139.59464,45.307392,18.71812,438.66327,79.77474,4.2706494,0.0,0.7987135,1.0024793,0.29182732,6.4804506,15.185483,10.255365,4.214783,186.5442,0.3330521,5.712098,0.0,2.8526475,2789.5038303775013,331.0
Ontario,-79.81791,48.12537,0,0,0,0,0,0,0,0,0,0,0,0,0,0,0,0,0,0,0,0,0,0,0,0,0,0,0,0,0,0,0,0,0,0,0,0,0,0,0,0,0,1,0,0,0,0,0,0,0,0,0,0,0,0,0,0,0,0,0,0,0,0,0,0,0,0,0,0,0,0,0,0,0,0,0,0,0,0,0,0,0,0,0,0,0,0,0,0,0,0,0,0,0,0,0,0,0,0,0,0,0,0,0,0,0,0,0,0,POINT (1123417.0513111632 37286.12523146205),8616,51.5867,12.8326025,8.762844,7.268394,6.211575,2.9740608,0.6356367,0.5782422,0.20900387,0.15298817,0.1444708,52.675224,139.59464,45.307392,18.71812,438.66327,79.77474,4.2706494,0.0,0.7987135,1.0024793,0.29182732,6.4804506,15.185483,10.255365,4.214783,186.5442,0.3330521,5.712098,0.0,2.8526475,4363.723558260193,298.0
Ontario,-79.788836,48.284072,0,0,0,0,0,0,0,0,0,0,0,0,0,0,0,0,0,0,0,0,0,0,0,0,0,0,0,0,0,0,0,0,0,0,0,0,0,0,0,0,0,1,0,0,0,0,0,0,0,0,0,0,0,0,0,0,0,0,0,0,0,0,0,0,0,0,0,0,0,0,0,0,0,0,0,0,0,0,0,0,0,0,0,0,0,0,0,0,0,0,0,0,0,0,0,0,0,0,0,0,0,0,0,0,0,0,0,0,POINT (1121334.0428048582 54998.80045637708),9052,53.951355,14.5447855,7.965084,5.4295077,6.2444577,3.4789732,0.6406709,0.43573382,0.41796982,0.13200378,0.44928077,49.868664,106.88343,31.828384,16.588469,211.9292,82.19243,6.2068715,0.26677617,1.1237512,1.3871367,0.37322864,9.154022,20.65155,12.870346,4.931398,184.02127,0.34047845,5.7198396,0.0,2.8521616,5173.924270417193,319.0
Ontario,-79.76462,48.1659,0,0,0,0,0,0,0,0,0,0,0,0,0,0,0,0,0,0,0,0,0,0,0,0,1,0,0,0,0,0,0,0,0,0,0,0,0,0,0,0,0,1,0,0,0,0,0,0,0,0,0,0,0,0,0,0,0,0,0,0,0,0,0,0,0,0,0,0,0,0,0,0,0,0,0,0,0,0,0,0,0,0,0,0,0,0,0,0,0,0,0,0,0,0,0,0,0,0,0,0,0,0,0,0,0,0,0,0,POINT (1126211.9356820793 42621.831692974134),8617,51.078705,12.5712185,8.807226,7.9451795,5.566031,2.7727659,0.84721345,0.6276188,0.1276408,0.14417335,0.1370682,54.017635,247.14737,46.936863,20.96226,517.66907,78.838135,4.062776,0.0,2.887597,1.3577446,0.4215802,6.4005303,14.360033,10.087151,3.982132,172.75722,0.43476838,5.7279477,0.0,2.850127,4606.850628705513,286.0
Ontario,-79.74788,48.523515,0,0,0,0,0,0,0,0,0,0,0,0,0,0,0,0,0,0,0,0,0,0,0,0,0,0,0,0,0,0,0,0,0,0,0,0,0,0,0,0,0,1,0,0,0,0,0,0,0,0,0,0,0,0,0,0,0,0,0,0,0,0,0,0,0,0,0,0,0,0,0,0,0,0,0,0,0,0,0,0,0,0,0,0,0,0,0,0,0,0,0,0,0,0,0,0,0,0,0,0,0,0,0,0,0,0,0,0,POINT (1117956.786029389 81646.46245704559),10360,50.95856,12.894781,9.00816,5.6898646,5.4813676,2.5618434,0.5082593,0.51047057,0.15581882,0.14479329,2.1010432,53.407097,88.20134,33.861504,16.479277,191.78673,83.15301,5.324853,3.7716777,2.3542087,1.3540682,0.40364307,13.158626,29.955332,17.551207,5.338845,150.96432,0.422001,5.7322106,0.0,2.8515806,2623.6829350361622,306.0
Ontario,-79.74016,48.5101,0,0,0,0,0,0,0,0,0,0,0,0,0,0,0,0,0,0,0,0,0,0,0,0,0,0,0,0,0,0,0,0,0,0,0,0,0,0,0,0,0,1,0,0,0,0,0,0,0,0,0,0,0,0,0,0,0,0,0,0,0,0,0,0,0,0,0,0,0,0,0,0,0,0,0,0,0,0,0,0,0,0,0,0,0,0,0,0,0,0,0,0,0,0,0,0,0,0,0,0,0,0,0,0,0,0,0,0,POINT (1118866.893345269 80330.40324961794),10360,50.95856,12.894781,9.00816,5.6898646,5.4813676,2.5618434,0.5082593,0.51047057,0.15581882,0.14479329,2.1010432,53.407097,88.20134,33.861504,16.479277,191.78673,83.15301,5.324853,3.7716777,2.3542087,1.3540682,0.40364307,13.158626,29.955332,17.551207,5.338845,150.96432,0.422001,5.7322106,0.0,2.8515806,1179.8730900494932,292.0
Ontario,-79.74,48.513,0,0,0,0,0,0,0,0,0,0,0,0,0,0,0,0,0,0,0,0,0,0,0,0,0,0,0,0,0,0,0,0,0,0,0,0,0,0,0,0,0,1,0,0,0,0,0,0,0,0,0,0,0,0,0,0,0,0,0,0,0,0,0,0,0,0,0,0,0,0,0,0,0,0,0,0,0,0,0,0,0,0,0,0,0,0,0,0,0,0,0,0,0,0,0,0,0,0,0,0,0,0,0,0,0,0,0,0,POINT (1118801.6239536097 80647.06404107639),10360,50.95856,12.894781,9.00816,5.6898646,5.4813676,2.5618434,0.5082593,0.51047057,0.15581882,0.14479329,2.1010432,53.407097,88.20134,33.861504,16.479277,191.78673,83.15301,5.324853,3.7716777,2.3542087,1.3540682,0.40364307,13.158626,29.955332,17.551207,5.338845,150.96432,0.422001,5.7322106,0.0,2.8515806,1361.5168625731344,292.0
Ontario,-79.71192,50.01609,0,0,0,0,0,0,0,0,0,0,0,0,0,0,0,0,0,0,0,0,0,0,0,0,0,0,0,0,0,0,0,0,0,0,0,0,0,0,0,0,0,1,0,0,0,0,0,0,0,0,0,0,0,0,0,0,0,0,0,0,0,0,0,0,0,0,0,0,0,0,0,0,0,0,0,0,0,0,0,0,0,0,0,0,0,0,0,0,0,0,0,0,0,0,0,0,0,0,0,0,0,0,0,0,0,0,0,0,POINT (1081066.649531205 243340.4892006103),17332,54.09585,14.761373,10.632927,4.190259,8.398134,2.7802172,0.8971034,0.9121981,0.1329469,0.17163625,5.4905286,82.85509,77.18027,37.029434,26.559896,64.23926,89.07714,8.573394,1.8257546,8.389843,1.8668324,1.2663538,8.591915,17.348719,75.89922,7.609212,240.23051,36.52847,5.769969,0.0,2.9923325,3506.7007762760213,267.034
Ontario,-79.71,50.014,0,0,0,0,0,0,0,0,0,0,0,0,0,0,0,0,0,0,0,0,0,0,0,0,0,0,0,0,0,0,0,0,0,0,0,0,0,0,0,0,0,1,0,0,0,0,0,0,0,0,0,0,0,0,0,0,0,0,0,0,0,0,0,0,0,0,0,0,0,0,0,0,0,0,0,0,0,0,0,0,0,0,0,0,0,0,0,0,0,0,0,0,0,0,0,0,0,0,0,0,0,0,0,0,0,0,0,0,POINT (1081254.9282656487 243148.19918048324),17332,54.09585,14.761373,10.632927,4.190259,8.398134,2.7802172,0.8971034,0.9121981,0.1329469,0.17163625,5.4905286,82.85509,77.18027,37.029434,26.559896,64.23926,89.07714,8.573394,1.8257546,8.389843,1.8668324,1.2663538,8.591915,17.348719,75.89922,7.609212,240.23051,36.52847,5.769969,0.0,2.9923325,3389.1442304930474,267.295
Ontario,-79.69833,48.11889,0,0,0,0,0,0,0,0,0,0,0,0,0,0,0,0,0,0,0,0,0,0,0,0,0,0,0,0,0,0,0,0,0,0,0,0,0,0,0,0,0,1,0,0,0,0,0,0,0,0,0,0,0,0,0,0,0,0,0,0,0,0,0,0,0,0,0,0,0,0,0,0,0,0,0,0,0,0,0,0,0,0,0,0,0,1,0,0,0,0,0,0,0,0,0,0,0,0,0,0,0,0,0,0,0,0,0,0,POINT (1132267.1154599779 38704.09050049861),8617,51.078705,12.5712185,8.807226,7.9451795,5.566031,2.7727659,0.84721345,0.6276188,0.1276408,0.14417335,0.1370682,54.017635,247.14737,46.936863,20.96226,517.66907,78.838135,4.062776,0.0,2.887597,1.3577446,0.4215802,6.4005303,14.360033,10.087151,3.982132,172.75722,0.43476838,5.7279477,0.0,2.850127,2611.421611314476,302.0
Ontario,-79.69315,48.52982,0,0,0,0,0,0,0,0,0,0,0,0,0,0,0,0,0,0,0,0,0,0,0,0,0,0,0,0,0,0,0,0,0,0,0,0,0,0,0,0,0,1,0,0,0,0,0,0,0,0,0,0,0,0,0,0,0,0,0,0,0,0,0,0,0,0,0,0,0,0,0,0,0,0,0,0,0,0,0,0,0,0,0,0,0,0,0,0,0,0,0,0,0,0,0,0,0,0,0,0,0,0,0,0,0,0,0,0,POINT (1121723.3991923486 83292.2853795349),10360,50.95856,12.894781,9.00816,5.6898646,5.4813676,2.5618434,0.5082593,0.51047057,0.15581882,0.14479329,2.1010432,53.407097,88.20134,33.861504,16.479277,191.78673,83.15301,5.324853,3.7716777,2.3542087,1.3540682,0.40364307,13.158626,29.955332,17.551207,5.338845,150.96432,0.422001,5.7322106,0.0,2.8515806,3716.257958263333,305.0
Ontario,-79.68578198,47.39509152,0,0,0,0,0,0,0,0,0,0,0,0,0,0,0,0,0,0,0,0,0,0,0,0,0,0,0,0,0,0,0,0,0,0,0,0,0,0,0,0,0,0,0,0,0,0,0,0,0,0,0,0,0,0,0,0,0,0,0,0,0,0,0,0,0,0,0,0,0,0,0,0,0,0,0,0,0,0,0,0,0,0,0,0,0,1,0,0,0,0,0,0,0,0,0,0,0,0,0,0,0,0,0,0,0,0,0,0,POINT (1152462.9656665216 -39618.522170467266),5131,59.32113,12.660544,6.969266,3.925324,4.602589,2.4211652,1.865531,0.47051892,0.0906934,0.10792993,7.336607,128.78967,161.52342,30.932278,17.78074,459.82843,58.29309,4.420793,5.7959356,1.3138832,3.3844655,0.6654275,13.779104,28.184963,16.495255,2.973881,125.843506,0.57670164,5.6717677,0.0,2.9856324,2492.411116480838,308.0
Ontario,-79.68324,47.37574,0,0,0,0,0,0,0,0,0,0,0,0,0,0,0,0,0,0,0,0,0,0,0,0,0,0,0,0,0,0,0,0,0,0,0,0,0,0,0,0,0,0,0,0,0,0,0,0,0,0,0,0,0,0,0,0,0,0,0,0,0,0,0,0,0,0,0,0,0,0,0,0,0,0,0,0,0,0,0,0,0,0,0,0,0,1,0,0,0,0,0,0,0,0,0,0,0,0,0,0,0,0,0,0,0,0,0,0,POINT (1153167.0156653465 -41675.58125801702),5131,59.32113,12.660544,6.969266,3.925324,4.602589,2.4211652,1.865531,0.47051892,0.0906934,0.10792993,7.336607,128.78967,161.52342,30.932278,17.78074,459.82843,58.29309,4.420793,5.7959356,1.3138832,3.3844655,0.6654275,13.779104,28.184963,16.495255,2.973881,125.843506,0.57670164,5.6717677,0.0,2.9856324,3582.9249876409062,312.0
Ontario,-79.68272,47.37373,0,0,0,0,0,0,0,0,0,0,0,0,0,0,0,0,0,0,0,0,0,0,0,1,0,0,0,0,0,0,0,0,0,0,0,0,0,0,0,0,0,0,0,0,0,0,0,0,0,0,0,0,0,0,0,0,0,0,0,0,0,0,0,0,0,0,0,0,0,0,0,0,0,0,0,0,0,0,0,0,0,0,0,0,0,1,0,0,0,0,0,0,0,0,0,0,0,0,0,0,0,0,0,0,0,0,0,0,POINT (1153259.0540128574 -41884.60914133653),5131,59.32113,12.660544,6.969266,3.925324,4.602589,2.4211652,1.865531,0.47051892,0.0906934,0.10792993,7.336607,128.78967,161.52342,30.932278,17.78074,459.82843,58.29309,4.420793,5.7959356,1.3138832,3.3844655,0.6654275,13.779104,28.184963,16.495255,2.973881,125.843506,0.57670164,5.6717677,0.0,2.9856324,3764.6934620357833,316.0
Ontario,-79.67363424,47.45408113,0,0,0,0,0,0,0,0,0,0,0,0,0,0,0,0,0,0,0,0,0,0,0,0,0,0,0,0,0,0,0,0,0,0,0,0,0,0,0,0,0,0,0,0,0,0,0,0,0,0,0,1,1,0,0,0,0,0,0,0,0,0,0,0,0,0,0,0,0,0,0,0,0,0,0,0,0,0,0,0,0,0,0,0,0,0,0,0,0,0,0,0,0,0,0,0,0,0,0,0,0,0,0,0,0,0,0,0,POINT (1151784.3108729136 -32988.60919562041),5567,61.17173,14.470332,6.550985,3.1318955,3.1297796,3.4582355,2.5443964,0.5314613,0.12953943,0.103526026,7.2694764,84.321976,131.21764,27.24857,19.705488,357.50375,58.941658,4.7681484,2.00071,1.347779,2.992684,0.76976854,18.14952,39.18739,20.219887,3.3228645,119.08761,0.5608847,5.9637566,0.0,2.9930427,3480.821198232715,277.0
Ontario,-79.67262,47.38689,0,0,0,0,0,0,0,0,0,0,0,0,0,0,0,0,0,0,0,0,0,0,0,0,0,0,0,0,0,0,0,0,0,0,0,0,0,0,0,0,0,0,0,0,0,0,0,0,0,0,0,0,0,0,0,0,0,0,0,0,0,0,0,0,0,0,0,0,0,0,0,0,0,0,0,0,0,0,0,0,0,0,0,0,0,1,0,0,0,0,0,0,0,0,0,0,0,0,0,0,0,0,0,0,0,0,0,0,POINT (1153653.2564336127 -40271.22644147678),5131,59.32113,12.660544,6.969266,3.925324,4.602589,2.4211652,1.865531,0.47051892,0.0906934,0.10792993,7.336607,128.78967,161.52342,30.932278,17.78074,459.82843,58.29309,4.420793,5.7959356,1.3138832,3.3844655,0.6654275,13.779104,28.184963,16.495255,2.973881,125.843506,0.57670164,5.6717677,0.0,2.9856324,3663.3520352983137,303.0
Ontario,-79.667933,47.399253,0,0,0,0,0,0,0,0,0,0,0,0,0,0,0,0,0,0,0,0,0,0,0,1,0,0,0,0,0,0,0,0,0,0,0,0,0,0,0,0,0,0,0,0,0,0,0,0,0,0,0,0,0,0,0,0,0,0,0,0,0,0,0,0,0,0,0,0,0,0,0,0,0,0,0,0,0,0,0,0,0,0,0,0,0,1,0,0,0,0,0,0,0,0,0,0,0,0,0,0,0,0,0,0,0,0,0,0,POINT (1153668.9118892488 -38842.71567872958),5131,59.32113,12.660544,6.969266,3.925324,4.602589,2.4211652,1.865531,0.47051892,0.0906934,0.10792993,7.336607,128.78967,161.52342,30.932278,17.78074,459.82843,58.29309,4.420793,5.7959356,1.3138832,3.3844655,0.6654275,13.779104,28.184963,16.495255,2.973881,125.843506,0.57670164,5.6717677,0.0,2.9856324,3847.205730292056,312.0
Ontario,-79.66541,47.37083,0,0,0,0,0,0,0,0,0,0,0,0,0,0,0,0,0,0,0,0,0,0,0,0,0,0,0,0,0,0,0,0,0,0,0,0,0,0,0,0,0,0,0,0,0,0,0,0,0,0,0,0,0,0,0,0,0,0,0,0,0,0,0,0,0,0,0,0,0,0,0,0,0,0,0,0,0,0,0,0,0,0,0,0,0,1,0,0,0,0,0,0,0,0,0,0,0,0,0,0,0,0,0,0,0,0,0,0,POINT (1154614.5032866905 -41885.74991884138),5131,59.32113,12.660544,6.969266,3.925324,4.602589,2.4211652,1.865531,0.47051892,0.0906934,0.10792993,7.336607,128.78967,161.52342,30.932278,17.78074,459.82843,58.29309,4.420793,5.7959356,1.3138832,3.3844655,0.6654275,13.779104,28.184963,16.495255,2.973881,125.843506,0.57670164,5.6717677,0.0,2.9856324,4984.934303730809,297.0
Ontario,-79.66481,48.11739,0,0,0,0,0,0,0,0,0,0,0,0,0,0,0,0,0,0,0,0,0,0,0,0,0,0,0,0,0,0,0,0,0,0,0,0,0,0,0,0,0,1,0,0,0,0,0,0,0,0,0,0,0,0,0,0,0,0,0,0,0,0,0,0,0,0,0,0,0,0,0,0,0,0,0,0,0,0,0,0,0,0,0,0,0,0,0,0,0,0,0,0,0,0,0,0,0,0,0,0,0,0,0,0,0,0,0,0,POINT (1134739.243370549 39138.89490570457),8617,51.078705,12.5712185,8.807226,7.9451795,5.566031,2.7727659,0.84721345,0.6276188,0.1276408,0.14417335,0.1370682,54.017635,247.14737,46.936863,20.96226,517.66907,78.838135,4.062776,0.0,2.887597,1.3577446,0.4215802,6.4005303,14.360033,10.087151,3.982132,172.75722,0.43476838,5.7279477,0.0,2.850127,4816.989052379868,326.0
Ontario,-79.65594,47.39182,0,0,0,0,0,0,0,0,0,0,0,0,0,0,0,0,0,0,0,0,0,0,0,1,0,0,0,0,0,0,0,0,0,0,0,0,0,0,0,0,0,0,0,0,0,0,0,0,0,0,0,0,0,0,0,0,0,0,0,0,0,0,0,0,0,0,0,0,0,0,0,0,0,0,0,0,0,0,0,0,0,0,0,0,0,1,0,0,0,0,0,0,0,0,0,0,0,0,0,0,0,0,0,0,0,0,0,0,POINT (1154752.4799526772 -39432.805768809936),5131,59.32113,12.660544,6.969266,3.925324,4.602589,2.4211652,1.865531,0.47051892,0.0906934,0.10792993,7.336607,128.78967,161.52342,30.932278,17.78074,459.82843,58.29309,4.420793,5.7959356,1.3138832,3.3844655,0.6654275,13.779104,28.184963,16.495255,2.973881,125.843506,0.57670164,5.6717677,0.0,2.9856324,4786.27917687058,309.0
Ontario,-79.64549,47.39107,0,0,0,0,0,0,0,0,0,0,0,0,0,0,0,0,0,0,0,0,0,0,0,0,0,0,0,0,0,0,0,0,0,0,0,0,0,0,0,0,0,0,0,0,0,0,0,0,0,0,0,0,0,0,0,0,0,0,0,0,0,0,0,0,0,0,0,0,0,0,0,0,0,0,0,0,0,0,0,0,0,0,0,0,0,1,0,0,0,0,0,0,0,0,0,0,0,0,0,0,0,0,0,0,0,0,0,0,POINT (1155543.6524966066 -39324.52146199514),5132,60.28253,12.151958,6.5897365,3.543689,4.584188,1.9652573,1.846481,0.42916775,0.07243688,0.1031615,7.5220222,127.393234,152.09894,29.311016,14.593663,484.71307,53.87998,4.1959085,8.151606,0.91092503,3.950035,0.6498681,12.971808,25.978003,15.204291,3.1214437,121.381615,0.86842567,5.6755276,0.0,2.9847217,4507.438651183661,259.0
Ontario,-79.64512,47.35638,0,0,0,0,0,0,0,0,0,0,0,0,0,0,0,0,0,0,0,0,0,0,0,0,0,0,0,0,0,0,0,0,0,0,0,0,0,0,0,0,0,0,0,0,0,0,0,0,0,0,0,0,0,0,0,0,0,0,0,0,0,0,0,0,0,0,0,0,0,0,0,0,0,0,0,0,0,0,0,0,0,0,0,0,0,1,0,0,0,0,0,0,0,0,0,0,0,0,0,0,0,0,0,0,0,0,0,0,POINT (1156499.0881939034 -43087.52709121479),5132,60.28253,12.151958,6.5897365,3.543689,4.584188,1.9652573,1.846481,0.42916775,0.07243688,0.1031615,7.5220222,127.393234,152.09894,29.311016,14.593663,484.71307,53.87998,4.1959085,8.151606,0.91092503,3.950035,0.6498681,12.971808,25.978003,15.204291,3.1214437,121.381615,0.86842567,5.6755276,0.0,2.9847217,4668.220651934167,350.0
Ontario,-79.64146,47.36214,0,0,0,0,0,0,0,0,0,0,0,0,0,0,0,0,0,0,0,0,0,0,0,0,0,0,0,0,0,0,0,0,0,0,0,0,0,0,0,0,0,0,0,0,0,0,0,0,0,0,0,0,0,0,0,0,0,0,0,0,0,0,0,0,0,0,0,0,0,0,0,0,0,0,0,0,0,0,0,0,0,0,0,0,0,1,0,0,0,0,0,0,0,0,0,0,0,0,0,0,0,0,0,0,0,0,0,0,POINT (1156615.2200810153 -42395.01112082629),5132,60.28253,12.151958,6.5897365,3.543689,4.584188,1.9652573,1.846481,0.42916775,0.07243688,0.1031615,7.5220222,127.393234,152.09894,29.311016,14.593663,484.71307,53.87998,4.1959085,8.151606,0.91092503,3.950035,0.6498681,12.971808,25.978003,15.204291,3.1214437,121.381615,0.86842567,5.6755276,0.0,2.9847217,4146.746215290375,345.0
Ontario,-79.63109,47.36615,0,0,0,0,0,0,0,0,0,0,0,0,0,0,0,0,0,0,0,0,0,0,0,0,0,0,0,0,0,0,0,0,0,0,0,0,0,0,0,0,0,0,0,0,0,0,0,0,0,0,0,0,0,0,0,0,0,0,0,0,0,0,0,0,0,0,0,0,0,0,0,0,0,0,0,0,0,0,0,0,0,0,0,0,0,1,0,0,0,0,0,0,0,0,0,0,0,0,0,0,0,0,0,0,0,0,0,0,POINT (1157273.519925473 -41770.62445656212),5132,60.28253,12.151958,6.5897365,3.543689,4.584188,1.9652573,1.846481,0.42916775,0.07243688,0.1031615,7.5220222,127.393234,152.09894,29.311016,14.593663,484.71307,53.87998,4.1959085,8.151606,0.91092503,3.950035,0.6498681,12.971808,25.978003,15.204291,3.1214437,121.381615,0.86842567,5.6755276,0.0,2.9847217,3251.2913881489044,277.0
Ontario,-79.62552,47.41481,0,0,0,0,0,0,0,0,0,0,0,0,0,0,0,0,0,0,0,0,0,0,0,0,0,0,0,0,0,0,0,0,0,0,0,0,0,0,0,0,0,0,0,0,0,0,0,0,0,0,0,0,0,0,0,0,0,0,0,0,0,0,0,0,0,0,0,0,0,0,0,0,0,0,0,0,0,0,0,0,0,0,0,0,0,1,0,0,0,0,0,0,0,0,0,0,0,0,0,0,0,0,0,0,0,0,0,0,POINT (1156381.2978387559 -36382.19157894904),5132,60.28253,12.151958,6.5897365,3.543689,4.584188,1.9652573,1.846481,0.42916775,0.07243688,0.1031615,7.5220222,127.393234,152.09894,29.311016,14.593663,484.71307,53.87998,4.1959085,8.151606,0.91092503,3.950035,0.6498681,12.971808,25.978003,15.204291,3.1214437,121.381615,0.86842567,5.6755276,0.0,2.9847217,5116.976118637032,251.0
Ontario,-79.58034,48.13708,0,0,0,0,0,0,0,0,0,0,0,0,0,0,0,0,0,0,0,0,0,0,0,0,0,0,0,0,0,0,0,0,0,0,0,0,0,0,0,0,0,1,0,0,0,0,0,0,0,0,0,0,0,0,0,0,0,0,0,0,0,0,0,0,0,0,0,0,0,0,0,0,0,0,0,0,0,0,0,0,0,0,0,0,0,0,0,0,0,0,0,0,0,0,0,0,0,0,0,0,0,0,0,0,0,0,0,0,POINT (1140339.6831136865 42782.66536617142),8618,51.89806,12.582305,8.000027,7.517537,5.260577,2.7430644,1.1669841,0.64887154,0.16611795,0.13235584,641.0497,50.189224,256.78857,41.3055,21.192234,458.56012,76.3656,3.9231281,0.6625789,4.7075706,2.1737647,0.7228598,8.883113,27.180098,12.5353365,4.987239,155.83061,1.1113927,5.747416,0.0,2.8471677,2803.291623439832,333.0
Ontario,-79.58006,47.58135,0,0,0,0,0,0,0,0,0,0,0,0,0,0,0,0,0,0,0,0,0,0,0,0,0,0,0,0,0,0,0,0,0,0,0,0,0,0,0,0,0,0,0,0,0,0,0,0,0,0,0,0,0,0,0,0,0,0,0,0,0,0,0,0,0,0,0,0,0,0,0,0,0,0,0,0,0,0,0,0,0,0,0,0,0,1,0,0,0,0,0,0,0,0,0,0,0,0,0,0,0,0,0,0,0,0,0,0,POINT (1155261.3479866192 -17470.453398501184),6004,56.927383,12.460436,7.333852,5.1595464,5.015165,2.4897773,1.6371204,0.48469114,0.09185036,0.11225009,6.689949,149.24094,199.67108,35.157265,19.136946,549.88403,64.462456,6.394452,5.258549,1.6012578,3.573851,0.73294616,13.352383,27.185904,16.949564,3.0907683,131.99121,0.9346495,5.8593245,0.0,2.8724349,5371.124948361045,200.0
Ontario,-79.5071,47.19908,0,0,0,0,0,0,0,0,0,0,0,0,0,0,0,0,0,0,0,0,0,0,0,0,0,0,0,0,0,0,0,0,0,0,0,0,0,0,0,0,0,0,0,0,0,0,0,0,0,0,0,0,0,0,0,0,0,0,0,0,0,0,0,0,0,0,0,0,0,0,0,0,0,0,0,0,0,0,0,0,0,0,0,0,0,1,0,0,0,0,0,0,0,0,0,0,0,0,0,0,0,0,0,0,0,0,0,0,POINT (1170936.3412067795 -57658.11322505578),4261,59.56055,12.629984,7.974245,3.8485515,5.374076,2.3254058,1.8251114,0.4974797,0.12159756,0.11133792,6.8321166,211.87198,142.9857,32.60762,12.789282,344.6567,60.97591,4.9794965,6.091028,1.0088192,3.8946128,0.71955717,15.623794,30.768963,18.464363,3.344587,135.85931,0.76330364,5.4100914,0.0,3.1218867,2522.4540522431616,329.0
Quebec,-79.503,48.245,0,0,0,0,0,0,0,0,0,0,0,0,0,0,0,0,0,0,0,0,0,0,0,0,0,0,0,0,0,0,0,0,0,0,0,0,0,0,0,0,0,1,0,0,0,0,0,0,0,0,0,0,0,0,0,0,0,0,0,0,0,0,0,0,0,0,0,0,0,0,0,0,0,0,0,0,0,0,0,0,0,0,0,0,0,0,0,0,0,0,0,0,0,0,0,0,0,0,0,0,0,0,0,0,0,0,0,0,POINT (1143041.766844748 55855.71488226069),9490,55.747627,14.520281,9.1683,4.8650064,6.3870797,3.0637393,0.7547292,0.7936571,0.2142811,0.15430087,906.6019,1385.0931,62.829693,27.493639,15.973734,99.35674,102.0797,3.2434032,1.5486344,1.3779894,2.0656607,0.6551717,11.470977,27.114962,15.839,6.4202466,190.25325,1.7471279,5.7698174,0.0,2.844695,5140.767391256906,294.0
Quebec,-79.43802566,47.46408419,0,0,0,0,0,0,0,0,0,0,0,0,0,0,0,0,0,0,0,0,0,0,0,0,0,0,0,0,0,0,0,0,0,0,0,0,0,0,0,0,0,0,0,0,0,0,0,0,0,0,0,0,0,0,0,0,0,0,0,0,0,0,0,0,0,0,0,0,0,0,0,0,0,0,0,0,0,0,0,0,0,0,0,0,1,0,0,0,0,0,0,0,0,0,0,0,0,0,0,0,0,0,0,0,0,0,0,0,POINT (1168867.3909245995 -27604.277044394345),5569,57.328087,12.071257,7.3836846,4.68818,5.476197,2.0584486,1.4974648,0.4608296,0.07265605,0.117041,7.8123407,182.07454,200.3177,34.11242,14.800781,533.6952,59.348976,4.339355,7.0454044,0.6160735,3.4198449,0.5807487,11.737981,22.720493,15.770885,2.8172085,129.68727,0.9271654,5.9689302,0.0,2.991621,2649.889613286833,225.0
Quebec,-79.36639,49.00083,0,0,0,0,0,0,0,0,0,0,0,0,0,0,0,0,0,0,0,0,0,0,0,0,1,0,0,0,0,0,0,0,0,0,0,0,0,0,0,0,0,1,0,0,0,0,0,0,0,0,0,0,0,0,0,0,0,0,0,0,0,0,0,0,0,0,0,0,0,0,0,0,0,1,0,0,0,0,0,0,0,0,0,0,0,1,0,0,0,0,0,0,0,0,0,0,0,0,0,0,0,0,0,0,0,0,1,0,POINT (1132433.6907381553 139966.3482218922),12977,67.2123,13.211709,5.5045724,1.144864,2.6628587,4.029339,1.4872665,0.32714272,0.09894115,0.055951286,5.124592,25.44241,26.244736,11.822384,30.061771,106.4742,58.329422,10.004825,2.6740515,16.291399,3.4418428,1.7216178,21.541094,44.665573,30.665636,9.921473,51.932446,1.099108,5.6424274,0.0,2.9271274,2433.964970668821,347.0
Quebec,-79.3526,48.4407,0,0,0,0,0,0,0,0,0,0,0,0,0,0,0,0,0,0,0,0,0,0,0,0,1,0,0,0,0,0,0,0,0,0,0,0,0,0,0,0,0,1,0,0,0,0,0,0,0,0,0,0,0,0,0,0,0,0,0,0,0,0,0,0,0,0,0,0,0,0,0,0,0,0,0,0,0,0,0,0,0,0,0,0,0,1,0,0,0,0,0,0,0,0,0,0,0,0,0,0,0,0,0,0,0,0,1,0,POINT (1148598.2190282443 79732.28714480987),10363,49.34007,15.437659,10.854011,6.183632,7.8643174,2.1634352,0.4931616,1.0196681,0.13201721,0.1727723,9.065419,1228.6077,119.28165,38.900482,16.334534,236.7131,113.11214,2.513548,1.2573297,3.2623873,0.82762134,0.21060507,8.4096155,20.909515,12.129447,5.074075,212.71225,0.6340456,5.80643,0.0,2.8396094,1426.806992508171,272.0
Quebec,-79.292369,48.207841,0,0,0,0,0,0,0,0,0,0,0,0,0,0,0,0,0,0,0,0,0,0,0,0,0,0,0,0,0,0,0,0,0,0,0,0,0,0,0,0,0,1,0,0,0,0,0,0,0,0,0,0,0,0,0,0,0,0,0,0,0,0,0,0,0,0,0,0,0,0,0,0,0,0,0,0,0,0,0,0,0,0,0,0,0,0,0,0,0,0,0,0,0,0,0,0,0,0,0,0,0,0,0,0,0,0,0,0,POINT (1159275.8900714149 55647.25928064696),9492,61.407112,12.727537,8.285739,2.3536937,4.3629823,3.5876603,0.60612446,0.771904,0.18628782,0.16776945,1024.2319,2806.3633,26.189272,23.781792,15.182242,48.678062,109.62972,5.4785304,1.871474,0.86777747,1.90685,0.6186023,11.101639,32.567432,14.8536415,6.9900208,125.15169,9.17051,5.856713,0.0,2.8322368,4412.327422464656,301.0
Quebec,-79.235575,48.510851,0,0,0,0,0,0,0,0,0,0,0,0,0,0,0,0,0,0,0,0,0,0,0,0,0,0,0,0,0,0,0,0,0,0,0,0,0,0,0,0,0,1,0,0,0,0,0,0,0,0,0,0,0,0,0,0,0,0,0,0,0,0,0,0,0,0,0,0,0,0,0,0,0,0,0,0,0,0,0,0,0,0,0,0,0,0,0,0,0,0,0,0,0,0,0,0,0,0,0,0,0,0,0,0,0,0,0,0,POINT (1155094.9121592403 89431.27222982992),10800,54.36226,14.893381,9.108467,3.604181,5.7614064,2.8338544,0.67563164,0.84110063,0.12874758,0.15539591,9.408489,1244.173,74.5791,31.710493,17.616436,198.20541,104.78919,3.0502357,1.1715624,4.5129714,1.6821436,0.35573152,12.547102,28.450241,15.591939,6.610809,194.81296,0.4703457,5.906277,0.0,2.883534,4937.909328725376,282.0
Quebec,-79.23194444,49.57166667,0,0,0,0,0,0,0,0,0,0,0,0,0,0,0,0,0,0,0,0,0,0,0,0,0,0,0,0,0,0,0,0,0,0,0,0,0,0,0,0,0,1,0,0,0,0,0,0,0,0,0,0,0,0,0,0,0,0,0,0,0,0,0,0,0,0,0,0,0,0,0,0,0,0,0,0,0,0,0,0,0,0,0,0,0,0,0,0,0,0,0,0,0,0,0,0,0,0,0,0,0,0,0,0,0,0,0,0,POINT (1126412.4927757108 203847.58452724695),15593,56.17592,14.632366,8.538046,3.388847,4.7193623,3.0193818,1.3128707,0.6928206,0.11023247,0.12685645,6.016873,63.139576,93.51516,35.096077,23.636808,127.29384,101.23549,11.657166,3.720819,9.665236,2.6827834,0.96190614,16.06906,31.259417,20.546324,5.66139,139.8794,1.4592505,5.7830153,0.0,3.0315175,5260.569426682993,283.0
Quebec,-79.202543,48.319009,0,0,0,0,0,0,0,0,0,0,0,0,0,0,0,0,0,0,0,0,0,0,0,0,0,0,0,0,0,0,0,0,0,0,0,0,0,0,0,0,0,1,0,0,0,0,0,0,0,0,0,0,0,0,0,0,0,0,0,0,0,0,0,0,0,0,0,0,0,0,0,0,0,0,0,0,0,0,0,0,0,0,0,0,0,0,0,0,0,0,0,0,0,0,0,0,0,0,0,0,0,0,0,0,0,0,0,0,POINT (1162721.3522287977 69306.06079774548),9928,53.567234,13.921287,12.39669,4.0407743,4.778543,2.6911645,0.5145197,0.98785585,0.15105182,0.26700535,553.82385,5841.5835,40.76611,31.08953,14.642189,47.437347,182.16492,6.617698,1.5060779,0.84779805,1.5452677,0.45423007,9.592866,24.00639,13.455808,6.5607085,171.66945,8.940361,5.8694487,0.0,2.830624,2808.378459115482,311.0
Quebec,-79.198681,48.212151,0,0,0,0,0,0,0,0,0,0,0,0,0,0,0,0,0,0,0,0,0,0,0,0,1,0,0,0,0,0,0,0,0,0,0,0,0,0,0,0,0,1,0,0,0,0,0,0,0,0,0,0,0,0,0,0,0,0,0,0,0,0,0,0,0,0,0,0,0,0,0,0,0,0,0,0,0,0,0,0,0,0,0,0,0,1,0,0,0,0,0,0,0,0,0,0,0,0,0,0,0,0,0,0,0,0,0,0,POINT (1165929.7783507751 57825.782802787224),9493,58.539185,12.891632,9.112092,3.0362513,4.447295,3.4059854,0.71512884,0.7487609,0.17499958,0.17404993,802.8366,2390.9585,90.37659,33.33659,12.345812,138.04796,108.98015,7.4562254,1.7445078,1.6472523,2.2820978,0.66503626,13.521893,30.315039,16.145248,5.8903594,141.86342,18.08327,5.924723,0.0,2.8229606,4614.97105845459,296.0
Quebec,-79.13210639,48.12817862,0,0,0,0,0,0,0,0,0,0,0,0,0,0,0,0,0,0,0,0,0,0,0,0,0,0,0,0,0,0,0,0,0,0,0,0,0,0,0,0,0,0,0,0,0,0,0,0,0,0,0,0,0,0,0,0,0,0,0,0,0,0,0,0,0,0,0,0,0,0,0,0,0,0,0,0,0,0,0,0,0,0,0,0,1,0,0,0,0,0,0,0,0,0,0,0,0,0,0,0,0,0,0,0,0,0,0,0,POINT (1173052.8755284245 49970.65402285467),9057,57.624134,12.786234,8.817601,3.7951367,5.181788,3.2318509,1.0161526,0.70217127,0.24944322,0.16237873,961.758,1461.4868,136.42169,34.483223,20.700783,260.29504,97.7698,7.2352915,2.127412,1.5215878,3.2388675,0.9135012,19.022987,47.52185,21.973751,5.794944,136.7938,13.238945,5.862578,0.0,2.8311586,3053.0052162164,298.0
Quebec,-79.130486,48.286378,0,0,0,0,0,0,0,0,0,0,0,0,0,0,0,0,0,0,0,0,0,0,0,0,1,0,0,0,0,0,0,0,0,0,0,0,0,0,0,0,0,1,0,0,0,0,0,0,0,0,1,0,0,0,0,0,0,0,0,0,0,0,0,0,0,0,0,0,0,0,0,0,0,0,0,0,0,0,0,0,0,0,0,0,1,1,0,0,0,0,0,0,0,0,0,0,0,0,0,0,0,0,0,0,0,0,0,0,POINT (1168813.0252652245 67100.4039648003),9929,55.268482,13.937057,10.195592,3.3717241,4.557306,3.3553176,0.54420114,0.89181745,0.12663886,0.1996474,21.622042,3163.888,46.924183,33.557343,14.828218,57.352127,131.5659,7.7056575,1.0093466,3.4114733,1.5088155,0.41094825,9.198763,21.888311,12.721819,5.9806066,175.53938,17.763298,5.9614954,0.0,2.8181396,3132.976963432532,326.0
Quebec,-79.116781,48.356189,0,0,0,0,0,0,0,0,0,0,0,0,0,0,0,0,0,0,0,0,0,0,0,0,1,0,0,0,0,0,0,0,0,0,0,0,0,0,0,0,0,1,0,0,0,0,0,0,0,0,0,0,0,0,0,0,0,0,0,0,0,0,0,0,0,0,0,0,0,0,0,0,0,0,0,0,0,0,0,0,0,0,0,0,0,1,0,0,0,0,0,0,0,0,0,0,0,0,0,0,0,0,0,0,0,0,1,0,POINT (1167877.840284938 74894.52235401089),9929,55.268482,13.937057,10.195592,3.3717241,4.557306,3.3553176,0.54420114,0.89181745,0.12663886,0.1996474,21.622042,3163.888,46.924183,33.557343,14.828218,57.352127,131.5659,7.7056575,1.0093466,3.4114733,1.5088155,0.41094825,9.198763,21.888311,12.721819,5.9806066,175.53938,17.763298,5.9614954,0.0,2.8181396,5334.767577598165,331.0
Quebec,-79.082217,48.360297,0,0,0,0,0,0,0,0,0,0,0,0,0,0,0,0,0,0,0,0,0,0,0,0,1,0,0,0,0,0,0,0,0,0,0,0,0,0,0,0,0,0,0,0,0,0,0,0,0,0,0,0,0,0,0,0,0,0,0,0,0,0,0,0,0,0,0,0,0,0,0,0,0,0,0,0,0,0,0,0,0,0,0,0,0,0,0,0,0,0,0,0,0,0,0,0,0,0,0,0,0,0,0,0,0,0,1,0,POINT (1170252.6656791456 75973.52236140917),10365,51.888893,14.683869,9.331794,4.2165723,5.8100295,2.9727476,0.6930955,0.868849,0.12379551,0.15880044,13.596598,1631.4792,67.28865,31.023056,20.485092,78.048706,108.971016,5.055094,1.1785289,2.2117455,1.5546379,0.47487226,12.155967,27.960657,15.435773,5.1562004,182.36588,10.325787,5.965779,0.0,2.8563952,4034.5299416725898,334.0
Quebec,-79.07873,48.253,0,0,0,0,0,0,0,0,1,0,0,0,0,0,0,0,0,0,0,0,0,0,0,0,1,0,0,0,0,0,0,0,0,0,0,0,0,0,0,0,0,1,0,0,0,0,0,0,0,0,0,0,0,0,0,0,0,0,0,0,0,0,0,0,0,0,0,0,0,0,0,0,0,0,0,0,0,0,0,0,0,0,0,0,0,1,0,0,0,0,0,0,0,0,0,0,0,0,0,0,0,0,0,0,0,0,0,0,POINT (1173467.13068554 64446.75353087792),9493,58.539185,12.891632,9.112092,3.0362513,4.447295,3.4059854,0.71512884,0.7487609,0.17499958,0.17404993,802.8366,2390.9585,90.37659,33.33659,12.345812,138.04796,108.98015,7.4562254,1.7445078,1.6472523,2.2820978,0.66503626,13.521893,30.315039,16.145248,5.8903594,141.86342,18.08327,5.924723,0.0,2.8229606,5638.314883096394,331.0
Quebec,-79.075479,48.310132,0,0,0,0,0,0,0,0,0,0,0,0,0,0,0,0,0,0,0,0,0,0,0,0,1,0,0,0,0,0,0,0,0,0,0,0,0,0,0,0,0,1,0,0,0,0,0,1,0,0,0,0,0,0,0,0,0,0,0,0,0,0,0,0,0,0,0,0,0,0,0,0,0,0,0,0,0,0,0,0,0,0,0,0,0,1,0,0,0,0,0,0,1,0,0,0,0,0,1,0,0,0,0,0,0,0,1,0,POINT (1172123.2954622896 70679.02952627333),9929,55.268482,13.937057,10.195592,3.3717241,4.557306,3.3553176,0.54420114,0.89181745,0.12663886,0.1996474,21.622042,3163.888,46.924183,33.557343,14.828218,57.352127,131.5659,7.7056575,1.0093466,3.4114733,1.5088155,0.41094825,9.198763,21.888311,12.721819,5.9806066,175.53938,17.763298,5.9614954,0.0,2.8181396,2229.4729201844807,358.0
Quebec,-79.067261,48.250594,0,0,0,0,0,0,0,0,0,0,0,0,0,0,0,0,0,0,0,0,0,0,0,0,1,0,0,0,0,0,0,0,0,0,0,0,0,0,0,0,0,1,0,0,0,0,0,0,0,0,0,0,0,0,0,0,0,0,0,0,1,0,0,0,0,0,0,0,0,0,0,0,0,0,0,0,0,0,0,0,0,0,0,0,1,1,0,0,0,0,0,0,0,0,0,0,0,0,0,0,0,0,0,0,0,0,0,0,POINT (1174361.21161821 64398.464197046065),9493,58.539185,12.891632,9.112092,3.0362513,4.447295,3.4059854,0.71512884,0.7487609,0.17499958,0.17404993,802.8366,2390.9585,90.37659,33.33659,12.345812,138.04796,108.98015,7.4562254,1.7445078,1.6472523,2.2820978,0.66503626,13.521893,30.315039,16.145248,5.8903594,141.86342,18.08327,5.924723,0.0,2.8229606,6193.695887312485,308.0
Quebec,-79.057245,48.23226,0,0,0,0,0,0,0,0,0,0,0,0,0,0,0,0,0,0,0,0,0,0,0,0,0,0,0,0,0,0,0,0,0,0,0,0,0,0,0,0,0,1,0,0,0,0,0,0,0,0,0,0,0,0,0,0,0,0,0,0,0,0,0,0,0,0,0,0,0,0,0,0,0,0,0,0,0,0,0,0,0,0,0,0,0,1,0,0,0,0,0,0,0,0,0,0,0,0,0,0,0,0,0,0,0,0,0,0,POINT (1175591.1162485522 62602.559135731404),9494,54.085865,13.5005,10.365897,4.488981,5.454549,3.3297343,0.60975903,0.81782275,0.15842415,0.17252834,13.05481,1076.1599,107.63044,47.437073,11.370519,195.10481,106.0028,11.808393,1.0396056,4.6587014,1.616152,0.40178213,10.759322,23.860937,13.672548,4.6937795,203.34956,43.77426,5.964489,0.0,2.8176062,5119.543695589472,293.0
Quebec,-79.05126458,48.35275651,0,0,0,0,0,0,0,0,0,0,0,0,0,0,0,0,0,0,0,0,0,0,0,0,1,0,0,0,0,0,0,0,0,0,0,0,0,0,0,0,0,0,0,0,0,0,0,0,0,0,0,0,0,0,0,0,0,0,0,0,0,0,0,0,0,0,0,0,0,0,0,0,0,0,0,0,0,0,0,0,0,0,0,0,0,0,0,0,0,0,0,0,0,0,0,0,0,0,0,0,0,0,0,0,0,0,1,0,POINT (1172688.9760446192 75729.21308347238),10365,51.888893,14.683869,9.331794,4.2165723,5.8100295,2.9727476,0.6930955,0.868849,0.12379551,0.15880044,13.596598,1631.4792,67.28865,31.023056,20.485092,78.048706,108.971016,5.055094,1.1785289,2.2117455,1.5546379,0.47487226,12.155967,27.960657,15.435773,5.1562004,182.36588,10.325787,5.965779,0.0,2.8563952,5046.88483689132,358.0
Quebec,-79.05047,48.263114,0,0,0,0,0,0,0,0,0,0,0,0,0,0,0,0,0,0,0,0,0,0,0,0,0,0,0,0,0,0,0,0,0,0,0,0,0,0,0,0,0,1,0,0,0,0,0,0,0,0,0,0,0,0,0,0,0,0,0,0,0,0,0,0,0,0,0,0,0,0,0,0,0,0,0,0,0,0,0,0,0,0,0,0,1,1,0,0,0,0,0,0,0,0,0,0,0,0,0,0,0,0,0,0,0,0,0,0,POINT (1175226.335421941 66061.23591811472),9930,56.137318,14.162865,9.018539,3.2290423,4.6576247,3.7692971,0.6543059,0.83362746,0.12821239,0.1575266,16.722895,1439.7095,50.17849,35.866486,14.144788,73.93039,102.48148,10.424131,1.1493385,4.970077,2.0525982,0.5958216,12.482301,28.003223,15.757868,5.5748796,188.2624,30.505087,6.0712767,0.0,2.811734,6188.861816052113,361.0
Quebec,-79.035571,48.474628,0,0,0,0,0,0,0,0,0,0,0,0,0,0,0,0,0,0,0,0,0,0,0,0,1,0,0,0,0,0,0,0,0,0,0,0,0,0,0,0,0,1,0,0,0,0,0,1,0,0,0,0,0,0,0,0,0,0,0,0,1,0,0,0,0,0,0,0,0,0,0,0,0,0,0,0,0,0,0,0,0,0,0,0,0,1,0,0,0,0,0,0,0,0,0,0,0,0,0,0,0,0,0,0,0,0,0,0,POINT (1170445.0182142614 89176.35243971678),10801,57.693287,14.677151,6.4456687,2.446979,4.896329,3.3476532,0.8120377,0.67264956,0.11765989,0.09643848,9.705039,48.29387,53.110672,20.520918,16.071281,72.71409,68.071045,3.5137928,1.5976778,3.0637968,2.2758136,0.5881129,16.782864,36.33671,18.194351,4.6943016,132.62392,0.7151616,5.9265633,0.0,2.8753934,936.2031112859794,317.0
Quebec,-79.032883,48.245971,0,0,0,0,0,0,0,0,0,0,0,0,0,0,0,0,0,0,0,0,0,0,0,0,1,0,0,0,0,0,0,0,0,0,0,0,0,0,0,0,0,1,0,0,0,0,0,0,0,0,0,0,0,0,0,0,0,0,0,0,0,0,0,0,0,0,0,0,0,0,0,0,0,0,0,0,0,0,0,0,0,0,0,0,0,1,0,0,0,0,0,0,0,0,0,0,0,0,1,0,0,0,0,0,0,0,0,0,POINT (1176969.8070504034 64534.42876967769),9494,54.085865,13.5005,10.365897,4.488981,5.454549,3.3297343,0.60975903,0.81782275,0.15842415,0.17252834,13.05481,1076.1599,107.63044,47.437073,11.370519,195.10481,106.0028,11.808393,1.0396056,4.6587014,1.616152,0.40178213,10.759322,23.860937,13.672548,4.6937795,203.34956,43.77426,5.964489,0.0,2.8176062,5453.628873349489,308.0
Quebec,-79.03055556,48.20611111,0,0,0,0,0,0,0,0,0,0,0,0,0,0,0,0,0,0,0,0,0,0,0,0,0,0,0,0,0,0,0,0,0,0,0,0,0,0,0,0,0,1,0,0,0,0,0,0,0,0,0,0,0,0,0,0,0,0,0,0,0,0,0,0,0,0,0,0,0,0,0,0,0,0,0,0,0,0,0,0,0,0,0,0,0,0,0,0,0,0,0,0,0,0,0,0,0,0,0,0,0,0,0,0,0,0,0,0,POINT (1178242.2600556253 60271.064095674294),9494,54.085865,13.5005,10.365897,4.488981,5.454549,3.3297343,0.60975903,0.81782275,0.15842415,0.17252834,13.05481,1076.1599,107.63044,47.437073,11.370519,195.10481,106.0028,11.808393,1.0396056,4.6587014,1.616152,0.40178213,10.759322,23.860937,13.672548,4.6937795,203.34956,43.77426,5.964489,0.0,2.8176062,1778.2939637319414,279.0
Quebec,-79.01894194,48.23478529,0,0,0,0,0,0,0,0,0,0,0,0,0,0,0,0,0,0,0,0,0,0,0,0,0,0,0,0,0,0,0,0,0,0,0,0,0,0,0,0,0,1,0,0,0,0,0,0,0,0,1,0,0,0,0,0,0,0,0,0,0,0,0,0,0,0,0,0,0,0,0,0,0,0,0,0,0,0,0,0,0,0,0,0,0,1,0,0,0,0,0,0,0,0,0,0,0,0,0,0,0,0,0,0,0,0,1,0,POINT (1178285.8845715714 63584.13218238807),9494,54.085865,13.5005,10.365897,4.488981,5.454549,3.3297343,0.60975903,0.81782275,0.15842415,0.17252834,13.05481,1076.1599,107.63044,47.437073,11.370519,195.10481,106.0028,11.808393,1.0396056,4.6587014,1.616152,0.40178213,10.759322,23.860937,13.672548,4.6937795,203.34956,43.77426,5.964489,0.0,2.8176062,3972.868680116313,292.0
Quebec,-79.0177,48.25778,0,0,0,0,0,0,0,0,0,0,0,0,0,0,0,0,0,0,0,0,0,0,0,0,1,0,0,0,0,0,0,0,0,0,0,0,0,0,0,0,0,1,0,0,0,0,0,0,0,0,0,0,0,0,0,0,0,0,0,0,0,0,0,0,0,0,0,0,0,0,0,0,0,1,0,0,0,0,0,0,0,0,0,0,0,1,0,0,0,0,0,0,0,0,0,0,0,0,0,0,0,0,0,0,0,0,1,0,POINT (1177737.885344655 66091.1485593188),9930,56.137318,14.162865,9.018539,3.2290423,4.6576247,3.7692971,0.6543059,0.83362746,0.12821239,0.1575266,16.722895,1439.7095,50.17849,35.866486,14.144788,73.93039,102.48148,10.424131,1.1493385,4.970077,2.0525982,0.5958216,12.482301,28.003223,15.757868,5.5748796,188.2624,30.505087,6.0712767,0.0,2.811734,4516.323335297908,300.0
Quebec,-79.0164,48.24999,0,0,0,0,0,0,0,0,0,0,0,0,0,0,0,0,0,0,0,0,0,0,0,0,1,0,0,0,0,0,0,0,0,0,0,0,0,0,0,0,0,1,0,0,0,0,0,0,0,0,0,0,0,0,0,0,0,0,0,0,0,0,0,0,0,0,0,0,0,0,0,0,0,1,0,0,0,0,0,0,1,0,0,0,0,1,0,0,0,0,0,0,0,0,0,0,0,0,1,0,0,0,0,0,0,0,0,0,POINT (1178047.6815129917 65273.73305469971),9930,56.137318,14.162865,9.018539,3.2290423,4.6576247,3.7692971,0.6543059,0.83362746,0.12821239,0.1575266,16.722895,1439.7095,50.17849,35.866486,14.144788,73.93039,102.48148,10.424131,1.1493385,4.970077,2.0525982,0.5958216,12.482301,28.003223,15.757868,5.5748796,188.2624,30.505087,6.0712767,0.0,2.811734,5113.748573491853,299.0
Quebec,-79.011323,48.253437,0,0,0,0,0,0,0,0,0,0,0,0,0,0,0,0,0,0,0,0,0,0,0,0,1,0,0,0,0,0,0,0,0,0,0,0,0,0,0,0,0,1,0,0,0,0,0,0,0,0,0,0,0,0,0,0,0,0,0,0,0,0,0,0,0,0,0,0,0,0,0,0,0,0,0,0,0,0,0,0,0,0,0,0,0,0,0,0,0,0,0,0,0,0,0,0,0,0,0,0,0,0,0,0,0,0,0,0,POINT (1178318.3418412334 65740.12422896185),9930,56.137318,14.162865,9.018539,3.2290423,4.6576247,3.7692971,0.6543059,0.83362746,0.12821239,0.1575266,16.722895,1439.7095,50.17849,35.866486,14.144788,73.93039,102.48148,10.424131,1.1493385,4.970077,2.0525982,0.5958216,12.482301,28.003223,15.757868,5.5748796,188.2624,30.505087,6.0712767,0.0,2.811734,4579.922162351851,325.0
Quebec,-79.01128,48.25427,0,0,0,0,0,0,0,0,0,0,0,0,0,0,0,0,0,0,0,0,0,0,0,0,1,0,0,0,0,0,0,0,0,0,0,0,0,0,0,0,0,1,0,0,0,0,0,0,0,0,0,0,0,0,0,0,0,0,0,0,0,0,0,0,0,0,0,0,0,0,0,0,0,1,0,0,0,0,0,0,1,0,0,0,0,1,0,0,0,0,0,0,0,0,0,0,0,0,1,0,0,0,0,0,0,0,0,0,POINT (1178298.3366826293 65830.90086628123),9930,56.137318,14.162865,9.018539,3.2290423,4.6576247,3.7692971,0.6543059,0.83362746,0.12821239,0.1575266,16.722895,1439.7095,50.17849,35.866486,14.144788,73.93039,102.48148,10.424131,1.1493385,4.970077,2.0525982,0.5958216,12.482301,28.003223,15.757868,5.5748796,188.2624,30.505087,6.0712767,0.0,2.811734,4503.129791084217,323.0
Quebec,-78.98609,48.262661,0,0,0,0,0,0,0,0,0,0,0,0,0,0,0,0,0,0,0,0,0,0,0,0,1,0,0,0,0,0,0,0,0,0,0,0,0,0,0,0,0,1,0,0,0,0,0,0,0,0,1,0,0,0,0,0,0,0,0,0,0,0,0,0,0,0,0,0,0,0,0,0,0,0,0,0,0,0,0,0,0,0,0,0,0,1,0,0,0,0,0,0,0,0,0,0,0,0,0,0,0,0,0,0,0,0,1,0,POINT (1179882.2527057007 67204.18456114827),9930,56.137318,14.162865,9.018539,3.2290423,4.6576247,3.7692971,0.6543059,0.83362746,0.12821239,0.1575266,16.722895,1439.7095,50.17849,35.866486,14.144788,73.93039,102.48148,10.424131,1.1493385,4.970077,2.0525982,0.5958216,12.482301,28.003223,15.757868,5.5748796,188.2624,30.505087,6.0712767,0.0,2.811734,2798.475433245798,303.0
Quebec,-78.965241,48.261709,0,0,0,0,0,0,0,0,0,0,0,0,0,0,0,0,0,0,0,0,0,0,0,0,1,0,0,0,0,0,0,0,0,0,0,0,0,0,0,0,0,1,0,0,0,0,0,0,0,0,1,0,0,0,0,0,0,0,0,0,0,0,0,0,0,0,0,0,0,0,0,0,0,0,0,0,0,0,0,0,0,0,0,0,0,1,0,0,0,0,0,0,0,0,0,0,0,0,0,0,0,0,0,0,0,0,1,0,POINT (1181412.201326938 67488.36421825411),9930,56.137318,14.162865,9.018539,3.2290423,4.6576247,3.7692971,0.6543059,0.83362746,0.12821239,0.1575266,16.722895,1439.7095,50.17849,35.866486,14.144788,73.93039,102.48148,10.424131,1.1493385,4.970077,2.0525982,0.5958216,12.482301,28.003223,15.757868,5.5748796,188.2624,30.505087,6.0712767,0.0,2.811734,2881.6525094141,312.0
Quebec,-78.959584,48.572282,0,0,0,0,0,0,0,0,0,0,0,0,0,0,0,0,0,0,0,0,0,0,0,0,1,0,0,0,0,0,0,0,0,0,0,0,0,0,0,0,0,1,0,0,0,0,0,0,0,0,1,0,0,0,0,0,0,0,0,0,0,0,0,0,0,0,0,0,0,0,0,0,0,0,0,0,0,0,0,0,0,0,0,0,0,1,0,0,0,0,0,0,0,0,0,0,0,0,0,0,0,0,0,0,0,0,1,0,POINT (1173183.1051051067 101113.28366913142),11237,63.472878,14.391305,5.172125,1.5242467,3.803772,3.6458807,0.8979447,0.5400076,0.10992499,0.07882603,4.0675845,34.887703,37.551937,16.866371,17.375284,78.59408,57.70251,3.4994256,1.8746,2.4104068,2.8675961,0.63507015,18.612823,39.520767,19.04909,5.9240155,111.994576,0.54544157,5.8852963,0.0,2.898254,3371.900319362816,360.0
Quebec,-78.951474,48.325283,0,0,0,0,0,0,0,0,0,0,0,0,0,0,0,0,0,0,0,0,0,0,0,0,1,0,0,0,0,0,0,0,0,0,0,0,0,0,0,0,0,1,0,0,0,0,0,0,0,0,1,0,0,0,0,0,0,0,0,0,0,0,0,0,0,0,0,0,0,0,0,0,0,0,0,0,0,0,0,0,0,0,0,0,0,1,0,0,0,0,0,0,0,0,0,0,0,0,0,0,0,0,0,0,0,0,1,0,POINT (1180635.2187403042 74608.68280148177),9930,56.137318,14.162865,9.018539,3.2290423,4.6576247,3.7692971,0.6543059,0.83362746,0.12821239,0.1575266,16.722895,1439.7095,50.17849,35.866486,14.144788,73.93039,102.48148,10.424131,1.1493385,4.970077,2.0525982,0.5958216,12.482301,28.003223,15.757868,5.5748796,188.2624,30.505087,6.0712767,0.0,2.811734,4652.085075555734,299.0
Quebec,-78.948672,49.80869,0,0,0,0,0,0,0,0,0,0,0,0,0,0,0,0,0,0,0,0,0,0,0,0,1,0,0,0,0,0,0,0,0,0,0,0,0,0,0,0,0,1,0,0,0,0,0,0,0,0,0,0,0,0,0,0,0,0,0,0,0,0,0,0,0,0,0,0,0,0,0,0,0,0,0,0,0,0,0,0,0,0,0,0,0,1,0,0,0,0,0,0,0,0,0,0,0,0,0,0,0,0,0,0,0,0,1,0,POINT (1139655.8749671117 234368.91884591043),16902,56.049667,14.527328,8.050448,4.827475,4.899321,2.647816,1.5252826,0.6732397,0.09944996,0.13834456,4.55113,66.27793,74.32166,30.083952,29.95744,104.39648,99.566025,6.1678767,1.817091,16.227251,1.993163,1.3244531,11.464317,25.500473,21.080595,6.2630925,136.01678,31.460278,5.7265053,0.0,3.228961,4382.550620128978,211.0
Quebec,-78.93895,47.358367,0,0,0,0,0,0,0,0,0,0,0,0,0,0,0,0,0,0,0,0,0,0,0,0,1,0,0,0,0,0,0,0,0,0,0,0,0,0,0,0,0,0,0,0,0,0,0,0,0,0,0,0,0,0,0,0,0,0,0,0,0,0,0,1,0,0,0,0,0,0,0,0,0,0,0,0,0,0,0,0,0,0,0,0,0,0,0,0,0,0,0,0,0,0,0,0,0,0,0,0,0,0,0,0,0,0,0,0,POINT (1208521.275853462 -29743.24742838972),5573,51.001724,12.787983,10.4544935,7.7859178,6.717548,2.3527963,0.6889786,0.7261664,0.13935497,0.14346226,14.049543,277.50055,378.4866,58.069588,9.775379,312.47263,79.122116,16.157557,3.5974195,1.0517046,2.2845798,0.3651155,7.1072454,11.284799,35.526257,2.8645496,119.80253,0.92279196,5.698973,0.0,2.9741802,1500.7076135555462,303.0
Quebec,-78.901713,48.389454,0,0,0,0,0,0,0,0,0,0,0,0,0,0,0,0,0,0,0,0,0,0,0,0,1,0,0,0,0,0,0,0,0,0,0,0,0,0,0,0,0,1,0,0,0,0,0,0,0,0,0,0,0,0,0,0,0,0,0,0,0,0,0,0,0,0,0,0,0,0,0,0,0,0,0,0,0,0,0,0,0,0,0,0,0,1,0,0,0,0,0,0,0,0,0,0,0,0,0,0,0,0,0,0,0,0,1,0,POINT (1182426.2882975135 82459.5935645706),10366,55.584522,13.849663,7.1973844,3.1904778,5.3619566,3.8406675,0.82170075,0.8227735,0.11680536,0.107844666,7.790007,60.571426,122.985756,29.035301,19.775936,177.13222,68.82921,5.5329313,1.2763712,4.6295266,2.2361698,0.6957496,15.167389,34.711304,20.0266,6.688496,194.57384,9.863224,5.9859033,0.0,2.8483324,3454.904753976382,296.0
Quebec,-78.863607,49.586987,0,0,0,0,0,0,0,0,0,0,0,0,0,0,0,0,0,0,0,0,0,0,0,0,1,0,0,0,0,0,0,0,0,0,0,0,0,0,0,0,0,1,0,0,0,0,0,0,0,0,1,0,0,0,0,0,0,0,0,0,0,0,0,0,0,0,0,0,0,0,0,0,0,0,0,0,0,0,0,0,0,0,0,0,0,1,0,0,0,0,0,0,0,0,0,0,0,0,0,0,0,0,0,0,0,0,1,0,POINT (1151738.1976129832 212090.88772538287),16031,62.08902,14.575354,6.597488,3.0491142,3.9523966,2.9544415,1.4904556,0.50873953,0.07966331,0.10365715,6.1194615,40.577126,49.698803,18.157597,29.655718,72.147026,92.31362,10.059173,2.619929,9.767507,3.1042588,1.0951138,13.349071,28.781227,21.522572,8.582029,89.35189,0.73276246,5.792347,0.0,3.0596926,2719.033102483451,283.0
Quebec,-78.676119,47.414016,0,0,0,0,0,0,0,0,0,0,0,0,0,0,0,0,0,0,0,0,0,0,0,0,0,0,0,0,0,0,0,0,0,0,0,0,0,0,0,0,0,1,0,0,0,0,0,0,0,0,0,0,0,0,0,0,0,0,0,0,0,0,0,0,0,0,0,0,0,0,0,0,0,0,0,0,0,0,0,0,0,0,0,0,0,0,0,0,0,0,0,0,0,0,0,0,0,0,0,0,0,0,0,0,0,0,0,0,POINT (1226284.858938087 -18685.83222959594),6011,58.515034,13.707593,7.1435466,3.063562,5.1463466,3.3182054,1.2530351,0.51925045,0.12829682,0.11131463,204.20433,137.71864,193.52887,29.865858,25.981112,450.6293,54.45351,9.2039175,1.4528083,2.1618083,2.8376653,1.3615106,11.50534,23.859428,21.74482,6.327312,78.97113,0.7777804,5.979515,0.0,2.9844148,3940.622265193069,340.0
Quebec,-78.67278816,48.43261892,0,0,0,0,0,0,0,0,0,0,0,0,0,0,0,0,0,0,0,0,0,0,0,0,0,0,0,0,0,0,0,0,0,0,0,0,0,0,0,0,0,1,0,0,0,0,0,0,0,0,0,0,0,0,0,0,0,0,0,0,0,0,0,0,0,0,0,0,0,0,0,0,0,0,0,0,0,0,0,0,0,0,0,0,0,0,0,0,0,0,0,0,0,0,0,0,0,0,0,0,0,0,0,0,0,0,0,0,POINT (1197651.2202131227 91398.25242254672),10804,58.067947,9.658601,4.480381,2.389874,3.979617,3.0215478,2.0068073,0.32346287,0.058361407,0.072620295,8.264377,39.7876,256.46866,23.238556,18.662437,423.51807,57.37052,7.42601,307.7289,5.144012,4.4601583,1.3423302,21.490635,48.016502,24.847595,13.181985,63.414196,1.1551572,5.905378,0.0,2.8901699,2733.659208686004,297.0
Quebec,-78.569989,48.27622,0,0,0,0,0,0,0,0,0,0,0,0,0,0,0,0,0,0,0,0,0,0,0,0,0,0,0,0,0,0,0,0,0,0,0,0,0,0,0,0,0,1,0,0,0,0,0,0,0,0,0,0,0,0,0,0,0,0,0,0,0,0,0,0,0,0,0,0,0,0,0,0,0,0,0,0,0,0,0,0,0,0,0,0,0,0,0,0,0,0,0,0,0,0,0,0,0,0,0,0,0,0,0,0,0,0,0,0,POINT (1209477.758902033 76482.77827539109),10369,65.542206,12.838624,2.8772564,1.4168668,3.1408458,4.285404,1.6109633,0.28656206,0.079310924,0.056803297,3.997625,34.752377,84.728004,13.023809,15.521647,145.60597,45.518726,7.4722424,440.79062,2.093907,4.1563687,1.401665,19.524412,39.784397,19.494398,12.22988,57.890667,0.58994716,5.8998733,0.0,2.8911529,3555.982019981633,330.0
Quebec,-78.519197,48.2557,0,0,0,0,0,0,0,0,0,0,0,0,0,0,0,0,0,0,0,0,0,0,0,0,0,0,0,0,0,0,0,0,0,0,0,0,0,0,0,0,0,1,0,0,0,0,0,0,0,0,0,0,0,0,0,0,0,0,0,0,0,0,0,0,0,0,0,0,0,0,0,0,0,0,0,0,0,0,0,0,0,0,0,0,0,0,0,0,0,0,0,0,0,0,0,0,0,0,0,0,0,0,0,0,0,0,0,0,POINT (1213719.160630547 75238.07129212783),10369,65.542206,12.838624,2.8772564,1.4168668,3.1408458,4.285404,1.6109633,0.28656206,0.079310924,0.056803297,3.997625,34.752377,84.728004,13.023809,15.521647,145.60597,45.518726,7.4722424,440.79062,2.093907,4.1563687,1.401665,19.524412,39.784397,19.494398,12.22988,57.890667,0.58994716,5.8998733,0.0,2.8911529,6042.4945330906585,300.0
Quebec,-78.502,48.256,0,0,0,0,0,0,0,0,0,0,0,0,0,0,0,0,0,0,0,0,0,0,0,0,1,0,0,0,0,0,0,0,0,0,0,0,0,0,0,0,0,1,0,0,0,0,0,0,0,0,0,0,0,0,0,0,0,0,0,0,0,0,0,0,0,0,0,0,0,0,0,0,0,0,0,0,0,0,0,0,0,0,0,0,0,1,0,0,0,0,0,0,0,0,0,0,0,0,0,0,0,0,0,0,0,0,1,0,POINT (1214948.5286791574 75598.72609518106),10369,65.542206,12.838624,2.8772564,1.4168668,3.1408458,4.285404,1.6109633,0.28656206,0.079310924,0.056803297,3.997625,34.752377,84.728004,13.023809,15.521647,145.60597,45.518726,7.4722424,440.79062,2.093907,4.1563687,1.401665,19.524412,39.784397,19.494398,12.22988,57.890667,0.58994716,5.8998733,0.0,2.8911529,6622.920119244528,304.0
Quebec,-78.47988967,48.21218624,0,0,0,0,0,0,0,0,0,0,0,0,0,0,0,0,0,0,0,0,0,0,0,0,0,0,0,0,0,0,0,0,0,0,0,0,0,0,0,0,0,0,0,0,0,0,0,0,0,0,0,0,0,0,0,0,0,0,0,0,1,0,0,0,0,0,0,0,0,0,0,0,0,0,0,0,0,0,0,0,0,0,0,0,0,0,0,0,0,0,0,0,0,0,0,0,0,0,0,0,0,0,0,0,0,0,0,0,POINT (1217794.9978322978 71298.561967504),9934,55.708046,14.750982,5.0302486,3.6292825,5.8126082,3.4880393,2.1227322,0.5914662,0.20292947,0.13297677,1.2816383,96.51063,115.61855,31.430471,115.66547,135.55383,587.7201,16.054737,662.4427,1.9233541,4.3421497,3.584422,19.674746,40.636105,22.559937,16.290966,150.3396,0.5382917,5.8846035,0.0,2.8968365,2558.936325273393,326.0
Quebec,-78.452902,48.253881,0,0,0,0,0,0,0,0,0,0,0,0,0,0,0,0,0,0,0,0,0,0,0,0,1,0,0,0,0,0,0,0,0,0,0,0,0,0,0,0,0,1,0,0,0,0,0,0,0,0,0,0,0,0,0,0,0,0,0,0,0,0,0,0,0,0,0,0,0,0,0,0,0,0,0,0,0,0,0,0,0,0,0,0,0,1,0,0,0,0,0,0,0,0,0,0,0,0,0,0,0,0,0,0,0,0,1,0,POINT (1218543.18700744 76309.54982127632),10370,61.39938,15.498406,4.7057524,1.7456405,3.4934237,3.6285224,3.393364,0.42829856,0.15725799,0.087925404,1.4558452,68.60885,36.814423,18.523726,97.424126,80.14177,357.91254,23.501596,1689.7362,1.2598081,6.0264053,3.4306943,20.197697,39.19986,19.11992,24.01208,92.70723,0.5134395,5.8839383,0.0,2.900023,3967.4608633741705,340.0
Quebec,-78.451722,48.2516,0,0,0,0,0,0,0,0,0,0,0,0,0,0,0,0,0,0,0,0,0,0,0,0,0,0,0,0,0,0,0,0,0,0,0,0,0,0,0,0,0,1,0,0,0,0,0,0,0,0,0,0,0,0,0,0,0,0,0,0,0,0,0,0,0,0,0,0,0,0,0,0,0,0,0,0,0,0,0,0,0,0,0,0,0,0,0,0,0,0,0,0,0,0,0,0,0,0,0,0,0,0,0,0,0,0,0,0,POINT (1218693.5532885299 76086.32977017264),10370,61.39938,15.498406,4.7057524,1.7456405,3.4934237,3.6285224,3.393364,0.42829856,0.15725799,0.087925404,1.4558452,68.60885,36.814423,18.523726,97.424126,80.14177,357.91254,23.501596,1689.7362,1.2598081,6.0264053,3.4306943,20.197697,39.19986,19.11992,24.01208,92.70723,0.5134395,5.8839383,0.0,2.900023,4125.845965450111,330.0
Quebec,-78.441603,48.250795,0,0,0,0,0,0,0,0,0,0,0,0,0,0,0,0,0,0,0,0,0,0,0,0,1,0,0,0,0,0,0,0,0,0,0,0,0,0,0,0,0,1,0,0,0,0,0,0,0,0,1,0,0,0,0,0,0,0,0,0,0,0,0,0,0,0,0,0,0,0,0,0,0,0,0,0,0,0,0,0,0,0,0,0,0,1,0,0,0,0,0,0,0,0,0,0,0,0,0,0,0,0,0,0,0,0,1,0,POINT (1219444.9673129015 76193.51481163374),10370,61.39938,15.498406,4.7057524,1.7456405,3.4934237,3.6285224,3.393364,0.42829856,0.15725799,0.087925404,1.4558452,68.60885,36.814423,18.523726,97.424126,80.14177,357.91254,23.501596,1689.7362,1.2598081,6.0264053,3.4306943,20.197697,39.19986,19.11992,24.01208,92.70723,0.5134395,5.8839383,0.0,2.900023,3846.6203716381056,330.0
Quebec,-78.403513,48.234096,0,0,0,0,0,0,0,0,0,0,0,0,0,0,0,0,0,0,0,0,0,0,0,0,0,0,0,0,0,0,0,0,0,0,0,0,0,0,0,0,0,1,0,0,0,0,0,0,0,0,0,0,0,0,0,0,0,0,0,0,0,0,0,0,0,0,0,0,0,0,0,0,0,0,0,0,0,0,0,0,0,0,0,0,0,0,0,0,0,0,0,0,0,0,0,0,0,0,0,0,0,0,0,0,0,0,0,0,POINT (1222666.6936955946 75125.20521039487),10370,61.39938,15.498406,4.7057524,1.7456405,3.4934237,3.6285224,3.393364,0.42829856,0.15725799,0.087925404,1.4558452,68.60885,36.814423,18.523726,97.424126,80.14177,357.91254,23.501596,1689.7362,1.2598081,6.0264053,3.4306943,20.197697,39.19986,19.11992,24.01208,92.70723,0.5134395,5.8839383,0.0,2.900023,5556.447893114781,310.0
Quebec,-78.399005,48.34652,0,0,0,0,0,0,0,0,0,0,0,0,1,0,0,0,0,0,0,0,0,0,0,0,1,0,0,0,0,0,0,0,0,0,0,0,0,0,0,0,0,0,0,0,0,0,0,0,0,0,0,0,0,0,0,0,0,0,0,0,1,0,0,0,0,0,0,0,0,0,0,0,0,0,0,0,0,0,0,0,0,0,0,0,0,0,0,0,0,0,0,0,0,0,0,0,0,0,0,0,0,0,0,0,0,0,0,0,POINT (1219756.3291055223 87323.54341298957),10806,62.287266,14.583985,5.8666077,1.6841735,2.6725805,3.4572244,3.4929514,0.44227535,0.13104485,0.07633293,1.9500127,63.59092,43.3867,15.251005,29.114445,118.73091,75.58539,22.103844,1680.5594,1.3225636,5.9507384,2.1541307,19.11451,38.022507,18.060162,22.511595,76.925705,0.55079234,5.8800807,0.0,2.9051447,2687.704999535167,339.0
Quebec,-78.38696,49.443382,0,0,0,0,0,0,0,0,0,0,0,0,0,0,0,0,0,0,0,0,0,0,0,0,1,0,0,0,0,0,0,0,0,0,0,0,0,0,0,0,0,0,0,0,0,0,0,0,0,0,0,0,0,0,0,0,0,0,0,0,0,0,0,0,0,0,0,0,0,0,0,0,0,0,0,0,0,0,0,0,0,0,0,0,0,1,0,0,0,0,0,0,0,0,0,0,0,0,0,0,0,0,0,0,0,0,1,0,POINT (1189109.530962342 205446.63432226237),16035,55.241135,14.702126,8.515907,3.9869487,4.1258945,3.1405869,1.1343323,0.63945013,0.09512003,0.11746869,9.656698,86.1797,49.436386,25.128057,26.015436,74.955414,83.87024,9.043307,2.0363863,5.4221153,3.7530916,1.0146974,14.858299,30.089672,21.106853,5.5920453,166.60234,2.4108531,5.7641892,0.0,2.9821284,4639.762799597422,301.0
Quebec,-78.379925,48.319561,0,0,0,0,0,0,0,0,0,0,0,0,1,0,0,0,0,0,0,0,0,0,0,0,1,0,0,0,0,0,0,0,0,0,0,0,0,0,0,0,0,0,0,0,0,0,0,0,0,0,0,0,0,0,0,0,0,0,0,0,1,0,0,0,0,0,0,0,0,0,0,0,0,0,0,0,0,0,0,0,0,0,0,0,0,1,0,0,0,0,0,0,0,0,0,0,0,0,0,0,0,0,0,0,0,0,0,0,POINT (1221902.6607001075 84786.00273472887),10370,61.39938,15.498406,4.7057524,1.7456405,3.4934237,3.6285224,3.393364,0.42829856,0.15725799,0.087925404,1.4558452,68.60885,36.814423,18.523726,97.424126,80.14177,357.91254,23.501596,1689.7362,1.2598081,6.0264053,3.4306943,20.197697,39.19986,19.11992,24.01208,92.70723,0.5134395,5.8839383,0.0,2.900023,5150.4576111985225,307.0
Quebec,-78.353331,49.452972,0,0,0,0,0,0,0,0,0,0,0,0,0,0,0,0,0,0,0,0,0,0,0,0,1,0,0,0,0,0,0,0,0,0,0,0,0,0,0,0,0,0,0,0,0,0,0,1,0,0,0,0,0,0,0,0,0,0,0,0,0,0,0,0,0,0,0,0,0,0,0,0,0,0,0,0,0,0,0,0,0,0,0,0,0,1,0,0,0,0,0,0,0,0,0,0,0,0,0,0,0,0,0,0,0,0,1,0,POINT (1191185.9451859202 207104.44696347654),16035,55.241135,14.702126,8.515907,3.9869487,4.1258945,3.1405869,1.1343323,0.63945013,0.09512003,0.11746869,9.656698,86.1797,49.436386,25.128057,26.015436,74.955414,83.87024,9.043307,2.0363863,5.4221153,3.7530916,1.0146974,14.858299,30.089672,21.106853,5.5920453,166.60234,2.4108531,5.7641892,0.0,2.9821284,3129.1243540466444,303.0
Quebec,-78.305858,49.45812408,0,0,0,0,0,0,0,0,0,0,0,0,0,0,0,0,0,0,0,0,0,0,0,0,0,0,0,0,0,0,0,0,0,0,0,0,0,0,0,0,0,1,0,0,0,0,0,0,0,0,0,0,0,0,0,0,0,0,0,0,0,0,0,0,0,0,0,0,0,0,0,0,0,0,0,0,0,0,0,0,0,0,0,0,0,0,0,0,0,0,0,0,0,0,0,0,0,0,0,0,0,0,0,0,0,0,0,0,POINT (1194356.310807356 208547.15842187562),16035,55.241135,14.702126,8.515907,3.9869487,4.1258945,3.1405869,1.1343323,0.63945013,0.09512003,0.11746869,9.656698,86.1797,49.436386,25.128057,26.015436,74.955414,83.87024,9.043307,2.0363863,5.4221153,3.7530916,1.0146974,14.858299,30.089672,21.106853,5.5920453,166.60234,2.4108531,5.7641892,0.0,2.9821284,4592.200613129888,291.0
Quebec,-78.288149,48.22957,0,0,0,0,0,0,0,0,0,0,0,0,0,0,0,0,0,0,0,0,0,0,0,0,0,0,0,0,0,0,0,0,0,0,0,0,0,0,0,0,0,1,0,0,0,0,0,0,0,0,0,0,0,0,0,0,0,0,0,0,0,0,0,0,0,0,0,0,0,0,0,0,0,0,0,0,0,0,0,0,0,0,0,0,0,0,0,0,0,0,0,0,0,0,0,0,0,0,0,0,0,0,0,0,0,0,0,0,POINT (1231100.9231126718 76862.83806035886),10371,55.52595,13.632632,7.106112,3.7534518,4.9259634,3.0111246,2.5323474,0.4339392,0.15375544,0.12648967,1.2031937,71.626045,187.60379,32.09013,110.78256,459.15778,444.12717,19.172022,1052.2919,0.89996266,4.2303557,3.013728,14.447751,29.372175,15.576236,13.291857,114.77337,0.47448313,5.872605,0.0,2.9067678,3324.562934813412,337.0
Quebec,-78.191335,48.346582,0,0,0,0,0,0,0,0,0,0,0,0,0,0,0,0,0,0,0,0,0,0,0,0,1,0,0,0,0,0,0,0,0,0,0,0,0,0,0,0,0,0,0,0,0,0,0,0,0,0,0,0,0,0,0,0,0,0,0,0,0,0,0,1,0,0,0,0,0,0,0,0,0,0,0,0,0,0,0,0,0,0,0,0,0,0,0,0,0,0,0,0,0,0,0,0,0,0,0,0,0,0,0,0,0,0,0,0,POINT (1234658.4765451555 91336.97614583731),10807,59.622784,13.247086,6.811935,2.907391,3.7247376,3.1544232,2.4783645,0.45907497,0.12539601,0.115067415,1.0249196,49.611088,166.75706,25.756117,91.177,373.1561,91.67203,18.694921,889.57574,0.5892511,4.1570463,1.7992147,12.17367,24.643064,12.485319,17.942394,94.02258,0.40848556,5.8713036,0.0,2.9107563,4846.390000504846,319.0
Quebec,-78.13167,48.11333,0,0,0,0,0,0,0,0,0,0,0,0,0,0,0,0,0,0,0,0,0,0,0,0,0,0,0,0,0,0,0,0,0,0,0,0,0,0,0,0,0,1,0,0,0,0,0,0,0,0,0,0,0,0,0,0,0,0,0,0,0,0,0,0,0,0,0,0,0,0,0,0,0,0,0,0,0,0,0,0,0,0,0,0,0,1,0,0,0,0,0,0,0,0,0,0,0,0,0,0,0,0,0,0,0,0,0,0,POINT (1245756.80818498 67390.97861759514),9937,55.291756,13.759514,8.14942,5.496288,4.8099227,3.3726926,1.3320656,0.46573433,0.09266869,0.13033767,2.4413643,62.14013,221.77557,40.507603,112.87918,432.37845,63.422897,6.709353,1.4003711,28.718124,2.566243,0.87697184,12.242327,25.963467,12.6645155,2.1364048,161.99121,1.7232072,5.8561387,0.0,2.9140868,4981.110636297392,350.0
Quebec,-78.13148984,48.1120389,0,0,0,0,0,0,0,0,0,0,0,0,0,0,0,0,0,0,0,0,0,0,0,0,0,0,0,0,0,0,0,0,0,0,0,0,0,0,0,0,0,1,0,0,0,0,0,0,0,0,0,0,0,0,0,0,0,0,0,0,0,0,0,0,0,0,0,0,0,0,0,0,0,0,0,0,0,0,0,0,0,0,0,0,0,0,0,0,0,0,0,0,0,0,0,0,0,0,0,0,0,0,0,0,0,0,0,0,POINT (1245807.5608017265 67255.47598051108),9937,55.291756,13.759514,8.14942,5.496288,4.8099227,3.3726926,1.3320656,0.46573433,0.09266869,0.13033767,2.4413643,62.14013,221.77557,40.507603,112.87918,432.37845,63.422897,6.709353,1.4003711,28.718124,2.566243,0.87697184,12.242327,25.963467,12.6645155,2.1364048,161.99121,1.7232072,5.8561387,0.0,2.9140868,5010.856938146776,348.0
Quebec,-78.12722222,48.16805556,0,0,0,0,0,0,0,0,0,0,0,0,0,0,0,0,0,0,0,0,0,0,0,0,0,0,0,0,0,0,0,0,0,0,0,0,0,0,0,0,0,1,0,0,0,0,0,0,0,0,0,0,0,0,0,0,0,0,0,0,0,0,0,0,0,0,0,0,0,0,0,0,0,0,0,0,0,0,0,0,0,0,0,0,0,1,0,0,0,0,0,0,0,0,0,0,0,0,0,0,0,0,0,0,0,0,0,0,POINT (1244476.7625794853 73370.434048811),9936,49.71727,14.088606,8.313271,6.153582,6.3369017,2.6338332,1.9780129,0.37639365,0.11893104,0.16666056,1.4183857,42.002594,137.31998,38.68888,130.55331,365.38358,301.868,12.567701,271.4187,0.5600367,3.0127547,1.9895433,11.077849,23.591558,11.979058,4.639074,126.13617,0.6809064,5.862826,0.0,2.909689,5603.67315726118,308.0
Quebec,-78.106684,48.133513,0,0,0,0,0,0,0,0,0,0,0,0,0,0,0,0,0,0,0,0,0,0,0,0,1,0,0,0,0,0,0,0,0,0,0,0,0,0,0,0,0,1,0,0,0,0,0,1,0,0,1,0,0,0,0,0,0,0,0,0,0,0,0,0,0,0,0,0,0,0,0,0,0,0,0,0,0,0,0,0,0,0,0,0,0,1,0,0,0,0,0,0,0,0,0,0,0,0,1,0,0,0,0,0,0,0,0,0,POINT (1246967.3935608296 70053.76584706664),9937,55.291756,13.759514,8.14942,5.496288,4.8099227,3.3726926,1.3320656,0.46573433,0.09266869,0.13033767,2.4413643,62.14013,221.77557,40.507603,112.87918,432.37845,63.422897,6.709353,1.4003711,28.718124,2.566243,0.87697184,12.242327,25.963467,12.6645155,2.1364048,161.99121,1.7232072,5.8561387,0.0,2.9140868,3033.186878353981,314.0
Quebec,-78.100285,48.129852,0,0,0,0,0,0,0,0,0,0,0,0,0,0,0,0,0,0,0,0,0,0,0,0,0,0,0,0,0,0,0,0,0,0,0,0,0,0,0,0,0,1,0,0,0,0,0,0,0,0,0,0,0,0,0,0,0,0,0,0,0,0,0,0,0,0,0,0,0,0,0,0,0,0,0,0,0,0,0,0,0,0,0,0,0,1,0,0,0,0,0,0,0,0,0,0,0,0,0,0,0,0,0,0,0,0,0,0,POINT (1247535.8248206102 69785.0879327544),9937,55.291756,13.759514,8.14942,5.496288,4.8099227,3.3726926,1.3320656,0.46573433,0.09266869,0.13033767,2.4413643,62.14013,221.77557,40.507603,112.87918,432.37845,63.422897,6.709353,1.4003711,28.718124,2.566243,0.87697184,12.242327,25.963467,12.6645155,2.1364048,161.99121,1.7232072,5.8561387,0.0,2.9140868,2473.611466858664,314.0
Quebec,-78.099777,48.12965,0,0,0,0,0,1,0,0,0,1,0,0,0,0,0,0,0,0,0,0,0,0,0,0,1,0,0,0,0,0,0,0,0,0,0,0,0,0,0,0,0,1,0,0,0,0,0,0,0,0,1,0,0,0,0,0,0,0,0,0,0,0,0,0,0,0,0,0,0,0,0,0,0,0,0,0,0,0,0,0,0,0,0,0,0,1,0,0,0,0,0,0,0,0,0,0,0,0,0,0,0,0,0,0,0,0,0,0,POINT (1247578.3570585288 69773.30388164642),9937,55.291756,13.759514,8.14942,5.496288,4.8099227,3.3726926,1.3320656,0.46573433,0.09266869,0.13033767,2.4413643,62.14013,221.77557,40.507603,112.87918,432.37845,63.422897,6.709353,1.4003711,28.718124,2.566243,0.87697184,12.242327,25.963467,12.6645155,2.1364048,161.99121,1.7232072,5.8561387,0.0,2.9140868,2432.311562727207,314.0
Quebec,-78.03611,48.15278,0,0,0,0,0,0,0,0,0,0,0,0,0,0,0,0,0,0,0,0,0,0,0,0,0,0,0,0,0,0,0,0,0,0,0,0,0,0,0,0,0,1,0,0,0,0,0,0,0,0,0,0,0,0,0,0,0,0,0,0,0,0,0,0,0,0,0,0,0,0,0,0,0,0,0,0,0,0,0,0,0,0,0,0,0,0,0,0,0,0,0,0,0,0,0,0,0,0,0,0,0,0,0,0,0,0,0,0,POINT (1251486.376858917 73513.81583000605),9937,55.291756,13.759514,8.14942,5.496288,4.8099227,3.3726926,1.3320656,0.46573433,0.09266869,0.13033767,2.4413643,62.14013,221.77557,40.507603,112.87918,432.37845,63.422897,6.709353,1.4003711,28.718124,2.566243,0.87697184,12.242327,25.963467,12.6645155,2.1364048,161.99121,1.7232072,5.8561387,0.0,2.9140868,3815.408718888672,304.0
Quebec,-78.02917,48.16361,0,0,0,0,0,0,0,0,0,0,0,0,0,0,0,0,0,0,0,0,0,0,0,0,0,0,0,0,0,0,0,0,0,0,0,0,0,0,0,0,0,1,0,0,0,0,0,0,0,0,0,0,0,0,0,0,0,0,0,0,0,0,0,0,0,0,0,0,0,0,0,0,0,0,0,0,0,0,0,0,0,0,0,0,0,0,0,0,0,0,0,0,0,0,0,0,0,0,0,0,0,0,0,0,0,0,0,0,POINT (1251667.5958791496 74815.89461929555),9937,55.291756,13.759514,8.14942,5.496288,4.8099227,3.3726926,1.3320656,0.46573433,0.09266869,0.13033767,2.4413643,62.14013,221.77557,40.507603,112.87918,432.37845,63.422897,6.709353,1.4003711,28.718124,2.566243,0.87697184,12.242327,25.963467,12.6645155,2.1364048,161.99121,1.7232072,5.8561387,0.0,2.9140868,5096.600252266949,308.0
Quebec,-77.993779,48.288263,0,0,0,0,0,0,0,0,0,0,0,1,1,0,0,0,0,0,0,0,0,0,0,0,1,0,0,0,0,0,0,0,0,0,0,0,0,0,0,0,0,0,0,0,0,0,0,0,0,0,0,0,0,0,0,0,0,0,0,0,1,0,0,0,0,0,0,0,0,0,0,0,0,0,0,0,0,0,0,0,0,0,0,0,0,0,0,0,0,0,0,0,0,0,0,0,0,0,0,0,0,0,0,0,0,0,0,0,POINT (1250542.2270206546 88922.38415648563),10809,57.143375,11.208621,8.218822,4.753595,4.6245666,2.832016,1.3149502,0.35574585,0.062399916,0.15066585,1.5119336,39.194744,349.586,39.36851,90.35197,779.114,90.42138,7.3079224,0.7577137,0.9111045,1.9183997,1.8976835,3.6257172,8.330825,5.605208,18.100052,118.69345,0.5521322,5.859395,0.0,2.9189355,1206.4998337421969,334.0
Quebec,-77.989708,48.148042,0,0,0,0,0,0,0,0,0,0,0,0,0,0,0,0,0,0,0,0,0,0,0,0,0,0,0,0,0,0,0,0,0,0,0,0,0,0,0,0,0,1,0,0,0,0,0,0,0,0,0,0,0,0,0,0,0,0,0,0,0,0,0,0,0,0,0,0,0,0,0,0,0,0,0,0,0,0,0,0,0,0,0,0,0,1,0,0,0,0,0,0,0,0,0,0,0,0,0,0,0,0,0,0,0,0,0,0,POINT (1254967.4201931912 73918.19693322851),9937,55.291756,13.759514,8.14942,5.496288,4.8099227,3.3726926,1.3320656,0.46573433,0.09266869,0.13033767,2.4413643,62.14013,221.77557,40.507603,112.87918,432.37845,63.422897,6.709353,1.4003711,28.718124,2.566243,0.87697184,12.242327,25.963467,12.6645155,2.1364048,161.99121,1.7232072,5.8561387,0.0,2.9140868,6326.778179302599,300.0
Quebec,-77.97919,48.137067,0,0,0,0,0,0,0,0,0,0,0,0,0,0,0,0,0,0,0,0,0,0,0,0,0,0,0,0,0,0,0,0,0,0,0,0,0,0,0,0,0,1,0,0,0,0,0,0,0,0,0,0,0,0,0,0,0,0,0,0,0,0,0,0,0,0,0,0,0,0,0,0,0,0,0,0,0,0,0,0,0,0,0,0,0,1,0,0,0,0,0,0,0,0,0,0,0,0,0,0,0,0,0,0,0,0,0,0,POINT (1256048.5783628484 72944.85713575289),9938,50.654423,12.017432,8.993313,7.8832183,6.4755893,2.8153796,1.0960569,0.47710693,0.09299417,0.14745046,3.2885008,36.768852,428.00433,52.73112,109.16711,886.5165,61.83413,5.4832215,1.2763584,102.41565,1.5063776,0.5146003,8.740775,18.69266,10.10519,1.9257977,157.22531,1.5140501,5.851068,0.0,2.9176276,4928.4221074991065,309.0
Quebec,-77.9791,49.1375,0,0,0,0,0,0,0,0,0,0,0,0,0,0,0,0,0,0,0,0,0,0,0,0,0,0,0,0,0,0,0,0,0,0,0,0,0,0,0,0,0,1,0,0,0,0,0,0,0,0,0,0,0,0,0,0,0,0,0,0,0,0,0,0,0,0,0,0,0,0,0,0,0,0,0,0,0,0,0,0,0,0,0,0,0,1,0,0,0,0,0,0,0,0,0,0,0,0,0,0,0,0,0,0,0,0,0,0,POINT (1226596.4436769993 180391.49371813054),14731,52.45123,13.630248,8.858041,4.9382787,7.5757933,3.1243103,0.8803551,0.57243085,0.13295275,0.1484624,1.3137949,53.12169,166.88365,35.092594,18.126125,358.32477,96.863686,3.644659,0.6623032,2.128305,1.9908463,0.41871765,14.010537,31.049793,16.901762,2.2729425,147.54227,0.32651067,5.889607,0.0,2.9565933,3426.079240409844,301.0
Quebec,-77.917978,48.120858,0,0,0,0,0,0,0,0,0,0,0,0,0,0,0,0,0,0,0,0,0,0,0,0,0,0,0,0,0,0,0,0,0,0,0,0,0,0,0,0,0,1,0,0,0,0,0,0,0,0,0,0,0,0,0,0,0,0,0,0,0,0,0,0,0,0,0,0,0,0,0,0,0,0,0,0,0,0,0,0,0,0,0,0,0,0,0,0,0,0,0,0,0,0,0,0,0,0,0,0,0,0,0,0,0,0,0,0,POINT (1260936.68013361 72412.00648342253),9938,50.654423,12.017432,8.993313,7.8832183,6.4755893,2.8153796,1.0960569,0.47710693,0.09299417,0.14745046,3.2885008,36.768852,428.00433,52.73112,109.16711,886.5165,61.83413,5.4832215,1.2763584,102.41565,1.5063776,0.5146003,8.740775,18.69266,10.10519,1.9257977,157.22531,1.5140501,5.851068,0.0,2.9176276,2587.552986321181,303.0
Quebec,-77.8733,48.0926,0,0,0,0,0,0,0,0,0,0,0,0,0,0,0,0,0,0,0,0,0,0,0,0,0,0,0,0,0,0,0,0,0,0,0,0,0,0,0,0,0,1,0,0,0,0,0,0,0,0,0,0,0,0,0,0,0,0,0,0,0,0,0,0,0,0,0,0,0,0,0,0,0,0,0,0,0,0,0,0,0,0,0,0,0,1,0,0,0,0,0,0,0,0,0,0,0,0,0,0,0,0,0,0,0,0,0,0,POINT (1264993.502608642 70259.20619321243),9938,50.654423,12.017432,8.993313,7.8832183,6.4755893,2.8153796,1.0960569,0.47710693,0.09299417,0.14745046,3.2885008,36.768852,428.00433,52.73112,109.16711,886.5165,61.83413,5.4832215,1.2763584,102.41565,1.5063776,0.5146003,8.740775,18.69266,10.10519,1.9257977,157.22531,1.5140501,5.851068,0.0,2.9176276,4999.932973028195,300.0
Quebec,-77.844044,48.084246,0,0,0,0,0,0,0,0,0,0,0,0,0,0,0,0,0,0,0,0,0,0,0,0,1,0,0,0,0,0,0,0,0,0,0,0,0,0,0,0,0,1,0,0,0,0,0,0,0,0,0,0,0,0,0,0,0,0,0,0,0,0,0,0,0,0,0,0,0,0,0,0,0,0,0,0,0,0,0,0,0,0,0,0,0,1,0,0,0,0,0,0,0,0,0,0,0,0,0,0,0,0,0,0,0,0,0,0,POINT (1267350.182899065 69942.96569910443),9939,43.31208,11.144575,9.84914,11.992681,8.7229595,1.8683208,0.18495792,0.4396002,0.048067454,0.15206529,7.2147365,38.313416,571.6366,64.06521,100.00418,1312.1809,60.10377,5.2499785,1.0835539,446.81906,0.336256,0.12567087,2.9844484,6.5063877,4.267455,0.84323215,160.55939,1.88485,5.8471193,0.0,2.9205248,2650.3732689734243,310.0
Quebec,-77.837575,48.128947,0,0,0,0,0,0,0,0,0,0,0,0,0,0,0,0,0,0,0,0,0,0,0,0,0,0,0,0,0,0,0,0,0,0,0,0,0,0,0,0,0,1,0,0,0,0,0,0,0,0,0,0,0,0,0,0,0,0,0,0,0,0,0,0,0,0,0,0,0,0,0,0,0,0,0,0,0,0,0,0,0,0,0,0,0,1,0,0,0,0,0,0,0,0,0,0,0,0,0,0,0,0,0,0,0,0,0,0,POINT (1266486.7781300268 74879.50077294362),9939,43.31208,11.144575,9.84914,11.992681,8.7229595,1.8683208,0.18495792,0.4396002,0.048067454,0.15206529,7.2147365,38.313416,571.6366,64.06521,100.00418,1312.1809,60.10377,5.2499785,1.0835539,446.81906,0.336256,0.12567087,2.9844484,6.5063877,4.267455,0.84323215,160.55939,1.88485,5.8471193,0.0,2.9205248,6012.506399284682,310.0
Quebec,-77.835343,49.789443,0,0,0,0,0,0,0,0,0,0,0,0,0,0,0,0,0,0,0,0,0,0,0,0,1,0,0,0,0,0,0,0,0,0,0,0,0,0,0,0,0,1,0,0,0,0,0,1,0,0,0,0,0,0,0,0,0,0,0,0,0,0,0,0,0,0,0,0,0,0,0,0,0,0,0,0,0,0,0,0,0,0,0,0,0,1,0,0,0,0,0,0,0,0,0,0,0,0,0,0,0,0,0,0,0,0,1,0,POINT (1217408.3473195767 252935.83884952197),17782,58.418083,14.749578,7.2105317,3.7000995,5.9614506,2.9806545,1.218497,0.6648381,0.13571589,0.11510831,3.2617345,53.967155,57.73906,23.598076,14.251802,89.01768,57.99569,4.987529,0.78757125,6.914042,2.0904636,0.49579772,13.06805,29.24324,14.558669,8.330072,140.14188,0.6681291,6.1508236,0.0,2.924659,3916.227576315183,249.0
Quebec,-77.80934,48.41154,0,0,0,0,0,0,0,0,0,0,0,0,0,0,0,0,0,0,0,0,0,0,0,0,0,0,0,0,0,0,0,0,0,0,0,0,0,0,0,0,0,0,0,0,0,0,0,0,0,0,0,0,0,1,0,0,0,0,0,0,0,0,0,0,0,0,0,0,0,0,0,0,0,0,0,0,0,0,0,0,0,0,0,0,0,0,0,0,0,0,0,0,0,0,0,0,0,0,0,0,0,0,0,0,0,0,0,0,POINT (1260105.5296590424 105812.1671406864),11682,51.27651,10.061836,10.772919,9.447609,5.488972,1.6257888,0.5437697,0.6223896,0.09143439,0.16974379,3.626661,49.999165,367.56552,59.36367,31.277538,611.3683,86.80993,2.5103958,0.92485124,3.1202788,0.70694244,0.6170515,4.8656707,12.1658535,8.407261,7.3320456,150.79344,0.30850235,5.8584704,0.0,2.9279764,4189.372946217764,430.0
Quebec,-77.80917,48.41083,0,0,0,0,0,0,0,0,0,0,0,0,0,0,0,0,0,0,0,0,0,0,0,0,0,0,0,0,0,0,0,0,0,0,0,0,0,0,0,0,0,0,0,0,0,0,0,0,0,0,0,0,0,1,0,0,0,0,0,0,0,0,0,0,0,0,0,0,0,0,0,0,0,0,0,0,0,0,0,0,0,0,0,0,0,0,0,0,0,0,0,0,0,0,0,0,0,0,0,0,0,0,0,0,0,0,0,0,POINT (1260138.8142336577 105739.27346701504),11682,51.27651,10.061836,10.772919,9.447609,5.488972,1.6257888,0.5437697,0.6223896,0.09143439,0.16974379,3.626661,49.999165,367.56552,59.36367,31.277538,611.3683,86.80993,2.5103958,0.92485124,3.1202788,0.70694244,0.6170515,4.8656707,12.1658535,8.407261,7.3320456,150.79344,0.30850235,5.8584704,0.0,2.9279764,4263.198084691274,437.0
Quebec,-77.76671,49.5329,0,0,0,0,0,0,0,0,0,0,0,0,0,0,0,0,0,0,0,0,0,0,0,0,0,0,0,0,0,0,0,0,0,0,0,0,0,0,0,0,0,1,0,0,0,0,0,0,0,0,0,0,0,0,0,0,0,0,0,0,0,0,0,0,0,0,0,0,0,0,0,0,0,0,0,0,0,0,0,0,0,0,0,0,0,1,0,0,0,0,0,0,0,0,0,0,0,0,0,0,0,0,0,0,0,0,0,0,POINT (1229774.0755378911 226828.52106251995),16911,53.894436,12.742552,9.73128,3.820392,6.578548,2.5385442,1.1506816,0.65105003,0.14781265,0.15321143,4.359008,136.5628,133.49513,38.494026,11.230076,96.13963,69.97914,5.0948157,0.7687775,3.5178897,2.0451038,0.31128892,9.632309,24.023531,17.633678,5.1062717,149.26529,1.3875892,5.931571,0.0,2.9401076,3179.5124114455148,270.0
Quebec,-77.7594,48.1005,0,0,0,0,0,0,0,0,0,0,0,0,0,0,0,0,0,0,0,0,0,0,0,0,0,0,0,0,0,0,0,0,0,0,0,0,0,0,0,0,0,1,0,0,0,0,0,0,0,0,0,0,0,0,0,0,0,0,0,0,0,0,0,0,0,0,0,0,0,0,0,0,0,0,0,0,0,0,0,0,0,0,0,0,0,0,0,0,0,0,0,0,0,0,0,0,0,0,0,0,0,0,0,0,0,0,0,0,POINT (1272963.8844496224 73381.18110443554),9939,43.31208,11.144575,9.84914,11.992681,8.7229595,1.8683208,0.18495792,0.4396002,0.048067454,0.15206529,7.2147365,38.313416,571.6366,64.06521,100.00418,1312.1809,60.10377,5.2499785,1.0835539,446.81906,0.336256,0.12567087,2.9844484,6.5063877,4.267455,0.84323215,160.55939,1.88485,5.8471193,0.0,2.9205248,4496.248973707328,314.0
Quebec,-77.757144,48.100313,0,0,0,0,0,0,0,0,0,0,0,0,0,0,0,0,0,0,0,0,0,0,0,0,0,0,0,0,0,0,0,0,0,0,0,0,0,0,0,0,0,1,0,0,0,0,0,0,0,0,0,0,0,0,0,0,0,0,0,0,0,0,0,0,0,0,0,0,0,0,0,0,0,0,0,0,0,0,0,0,0,0,0,0,0,0,0,0,0,0,0,0,0,0,0,0,0,0,0,0,0,0,0,0,0,0,0,0,POINT (1273131.9443957086 73406.22843151979),9939,43.31208,11.144575,9.84914,11.992681,8.7229595,1.8683208,0.18495792,0.4396002,0.048067454,0.15206529,7.2147365,38.313416,571.6366,64.06521,100.00418,1312.1809,60.10377,5.2499785,1.0835539,446.81906,0.336256,0.12567087,2.9844484,6.5063877,4.267455,0.84323215,160.55939,1.88485,5.8471193,0.0,2.9205248,4627.17390242514,315.0
Quebec,-77.725148,49.700976,0,0,0,0,0,0,0,0,0,0,0,0,0,0,0,0,0,0,0,0,0,0,0,0,1,0,0,0,0,0,0,0,0,0,0,0,0,0,0,0,0,1,0,0,0,0,0,0,0,0,1,0,0,0,0,0,0,0,0,0,0,0,0,0,0,0,0,0,0,0,0,0,0,0,0,0,0,0,0,0,0,0,0,0,0,1,0,0,0,0,0,0,0,0,0,0,0,0,0,0,0,0,0,0,0,0,1,0,POINT (1227663.667863161 245599.2942103105),17783,55.89411,13.046176,9.2555485,5.412004,5.7449713,3.146847,0.72603005,0.6794088,0.13257799,0.14611468,2.3761632,145.5649,155.49309,42.21004,14.421664,88.75318,53.121666,1.8430833,0.5145174,1.904018,1.7722943,0.36820266,9.211739,20.719645,12.108335,8.94422,160.80978,0.5475344,6.1436534,0.0,2.9175391,4982.265229285574,280.0
Quebec,-77.7189,49.716,0,0,0,0,0,0,0,0,0,0,0,0,0,0,0,0,0,0,0,0,0,0,0,0,1,0,0,0,0,0,0,0,0,0,0,0,0,0,0,0,0,1,0,0,0,0,0,0,0,0,0,0,0,0,0,0,0,0,0,0,0,0,0,0,0,0,0,0,0,0,0,0,0,0,0,0,0,0,0,0,0,0,0,0,0,1,0,0,0,0,0,0,0,0,0,0,0,0,0,0,0,0,0,0,0,0,1,0,POINT (1227649.4846872524 247325.31227282985),17783,55.89411,13.046176,9.2555485,5.412004,5.7449713,3.146847,0.72603005,0.6794088,0.13257799,0.14611468,2.3761632,145.5649,155.49309,42.21004,14.421664,88.75318,53.121666,1.8430833,0.5145174,1.904018,1.7722943,0.36820266,9.211739,20.719645,12.108335,8.94422,160.80978,0.5475344,6.1436534,0.0,2.9175391,3560.6020182561524,278.0
Quebec,-77.718765,49.717571,0,0,0,0,0,0,0,0,0,0,0,0,0,0,0,0,0,0,0,0,0,0,0,0,1,0,0,0,0,0,0,0,0,0,0,0,0,0,0,0,0,1,0,0,0,0,0,0,0,0,1,0,0,0,0,0,0,0,0,0,0,0,0,1,0,0,0,0,0,0,0,0,0,0,0,0,0,0,0,0,0,0,0,0,0,1,0,0,0,0,0,0,0,0,0,0,0,0,0,0,0,0,0,0,0,0,1,0,POINT (1227612.0739476075 247495.7835783563),17783,55.89411,13.046176,9.2555485,5.412004,5.7449713,3.146847,0.72603005,0.6794088,0.13257799,0.14611468,2.3761632,145.5649,155.49309,42.21004,14.421664,88.75318,53.121666,1.8430833,0.5145174,1.904018,1.7722943,0.36820266,9.211739,20.719645,12.108335,8.94422,160.80978,0.5475344,6.1436534,0.0,2.9175391,3460.111510144628,276.0
Quebec,-77.711431,48.071491,0,0,0,0,0,1,0,0,0,0,0,0,0,0,1,0,0,0,0,0,0,0,0,0,1,0,0,0,0,0,0,0,0,0,0,0,0,0,0,0,0,1,0,0,0,0,0,1,0,0,0,0,0,0,0,0,0,0,0,0,0,0,0,0,0,0,0,0,0,0,0,0,0,0,0,0,0,0,0,0,0,0,0,0,0,1,0,0,0,0,0,0,0,0,0,0,0,0,0,0,0,0,0,0,0,0,1,0,POINT (1277287.2884874046 71224.03103071329),9940,48.480145,10.938191,10.435591,8.33006,7.4213247,2.400626,0.5310606,0.6021356,0.10147628,0.150558,3.5468485,44.833057,404.3386,52.939003,22.72003,892.00995,62.36575,5.0210257,1.6427845,103.62437,1.441307,0.41457742,9.958345,21.544767,12.958417,3.068496,173.48631,1.6435267,5.8439627,0.0,2.9229274,2975.988517407983,324.0
Quebec,-77.706362,49.706617,0,0,0,0,0,0,0,0,0,0,0,0,0,0,0,0,0,0,0,0,0,0,0,0,1,0,0,0,0,0,0,0,0,0,0,0,0,0,0,0,0,1,0,0,0,0,0,0,0,0,1,0,0,0,0,0,0,0,0,0,0,0,0,0,0,0,0,0,0,0,0,0,0,0,0,0,0,0,0,0,0,0,0,0,0,1,0,0,0,0,0,0,0,0,0,0,0,0,0,0,0,0,0,0,0,0,1,0,POINT (1228797.6410898776 246564.8269293887),17783,55.89411,13.046176,9.2555485,5.412004,5.7449713,3.146847,0.72603005,0.6794088,0.13257799,0.14611468,2.3761632,145.5649,155.49309,42.21004,14.421664,88.75318,53.121666,1.8430833,0.5145174,1.904018,1.7722943,0.36820266,9.211739,20.719645,12.108335,8.94422,160.80978,0.5475344,6.1436534,0.0,2.9175391,3639.3315299045576,280.0
Quebec,-77.689716,48.125937,0,0,0,0,0,0,0,0,0,0,0,0,0,0,0,0,0,0,0,0,0,0,0,0,0,0,0,0,0,0,0,0,0,0,0,0,0,0,0,0,0,1,0,0,0,0,0,0,0,0,0,0,0,0,0,0,0,0,0,0,0,0,0,0,0,0,0,0,0,0,0,0,0,0,0,0,0,0,0,0,0,0,0,0,0,0,0,0,0,0,0,0,0,0,0,0,0,0,0,0,0,0,0,0,0,0,0,0,POINT (1277218.667272933 77512.45756376094),10376,49.606224,9.993714,10.946213,7.9514875,7.425603,2.2318132,0.3485722,0.6229307,0.079490185,0.16108093,2.881367,40.18179,427.88232,54.71621,21.954416,1030.599,63.146366,3.732764,1.3018031,63.821735,1.4695086,0.3977611,10.965887,23.899696,13.648957,3.918205,170.36575,1.0128971,5.8467164,0.0,2.9244957,3731.302113091782,310.0
Quebec,-77.68306,48.52417,0,0,0,0,0,1,0,0,0,0,0,0,0,0,0,0,0,0,0,0,0,0,0,0,1,0,0,0,0,0,0,0,0,0,0,0,0,0,0,0,0,1,0,0,0,0,0,0,0,0,1,0,0,0,0,0,0,0,0,0,0,0,0,0,0,0,0,0,0,0,0,0,0,0,0,0,0,0,0,0,0,0,0,0,0,1,0,0,0,0,0,0,0,0,0,0,0,0,0,0,0,0,0,0,0,0,1,0,POINT (1265758.2100907853 120411.24507767966),12119,50.065903,12.191279,10.519511,8.508684,7.7603426,1.6644804,0.33821118,0.651577,0.098548055,0.1646737,6.3539934,45.26857,291.9345,56.499996,18.823685,519.07117,78.57388,2.9985466,1.2330815,12.468161,1.6152079,0.53084296,6.907257,16.167706,12.439722,3.490339,151.33867,1.2513161,5.85879,0.0,2.9325223,4261.815850721261,316.0
Quebec,-77.666,49.679,0,0,0,0,0,0,0,0,0,0,0,0,0,0,0,0,0,0,0,0,0,0,0,0,1,0,0,0,0,0,0,0,0,0,0,0,0,0,0,0,0,1,0,0,0,0,0,0,0,0,0,0,0,0,0,0,0,0,0,0,0,0,0,0,0,0,0,0,0,0,0,0,0,0,0,0,0,0,0,0,0,0,0,0,0,1,0,0,0,0,0,0,0,0,0,0,0,0,0,0,0,0,0,0,0,0,1,0,POINT (1232418.8865812437 244394.94150642894),17347,53.46918,12.462441,10.545767,4.7158437,6.95189,2.4209166,0.8212797,0.67455107,0.1559745,0.15977086,3.1428487,183.67642,196.75735,45.993835,15.625488,90.43932,66.03461,2.3685238,0.61688995,3.2116184,1.6044424,0.30487034,9.105027,20.652533,13.939148,5.1936946,151.42003,0.53043336,6.017427,0.0,2.9314978,5016.610795623936,280.0
Quebec,-77.6539,48.1361,0,0,0,0,0,0,0,0,0,0,0,0,0,0,0,0,0,0,0,0,0,0,0,0,0,0,0,0,0,0,0,0,0,0,0,0,0,0,0,0,0,1,0,0,0,0,0,0,0,0,0,0,0,0,0,0,0,0,0,0,0,0,0,0,0,0,0,0,0,0,0,0,0,0,0,0,0,0,0,0,0,0,0,0,0,1,0,0,0,0,0,0,0,0,0,0,0,0,0,0,0,0,0,0,0,0,0,0,POINT (1279490.1142369679 79324.42719505179),10376,49.606224,9.993714,10.946213,7.9514875,7.425603,2.2318132,0.3485722,0.6229307,0.079490185,0.16108093,2.881367,40.18179,427.88232,54.71621,21.954416,1030.599,63.146366,3.732764,1.3018031,63.821735,1.4695086,0.3977611,10.965887,23.899696,13.648957,3.918205,170.36575,1.0128971,5.8467164,0.0,2.9244957,846.2709182577328,310.0
Quebec,-77.649952,48.135688,0,0,0,0,0,0,0,0,0,0,0,0,0,0,0,0,0,0,0,0,0,0,0,0,0,0,0,0,0,0,0,0,0,0,0,0,0,0,0,0,0,1,0,0,0,0,0,0,0,0,0,0,0,0,0,0,0,0,0,0,0,0,0,0,0,0,0,0,0,0,0,0,0,0,0,0,0,0,0,0,0,0,0,0,0,1,0,0,0,0,0,0,0,0,0,0,0,0,0,0,0,0,0,0,0,0,0,0,POINT (1279786.4545814693 79359.58386916082),10376,49.606224,9.993714,10.946213,7.9514875,7.425603,2.2318132,0.3485722,0.6229307,0.079490185,0.16108093,2.881367,40.18179,427.88232,54.71621,21.954416,1030.599,63.146366,3.732764,1.3018031,63.821735,1.4695086,0.3977611,10.965887,23.899696,13.648957,3.918205,170.36575,1.0128971,5.8467164,0.0,2.9244957,675.0014022508179,306.0
Quebec,-77.609176,48.087043,0,0,0,0,0,1,0,0,0,0,0,0,0,0,0,0,0,0,0,0,0,0,0,0,1,0,0,0,0,0,0,0,0,0,0,0,0,0,0,0,0,1,0,0,0,0,0,0,0,0,1,0,0,0,0,0,0,0,0,0,0,0,0,0,0,0,0,0,0,0,0,0,0,0,0,0,0,0,0,0,0,0,0,0,0,1,0,0,0,0,0,0,0,0,0,0,0,0,0,0,0,0,0,0,0,0,1,0,POINT (1284184.6667670985 74954.48739193201),9940,48.480145,10.938191,10.435591,8.33006,7.4213247,2.400626,0.5310606,0.6021356,0.10147628,0.150558,3.5468485,44.833057,404.3386,52.939003,22.72003,892.00995,62.36575,5.0210257,1.6427845,103.62437,1.441307,0.41457742,9.958345,21.544767,12.958417,3.068496,173.48631,1.6435267,5.8439627,0.0,2.9229274,6485.053972301587,327.0
Quebec,-77.581074,48.042094,0,0,0,0,0,0,0,0,0,0,0,0,0,0,0,0,0,0,0,0,0,0,0,0,0,0,0,0,0,0,0,0,0,0,0,0,0,0,0,0,0,1,0,0,0,0,0,0,0,0,0,0,0,0,0,0,0,0,0,0,0,0,0,0,0,0,0,0,0,0,0,0,0,0,0,0,0,0,0,0,0,0,0,0,0,0,0,0,0,0,0,0,0,0,0,0,0,0,0,0,0,0,0,0,0,0,0,0,POINT (1287564.4158180158 70692.65240168589),9941,51.095253,12.059516,8.426071,6.7188106,6.682373,3.086368,0.6419514,0.53121626,0.12175865,0.11311769,2.9293575,47.763416,338.66714,39.58986,16.76561,599.6795,55.915024,5.9226065,2.0376203,46.450867,2.8525143,0.8195759,15.305336,32.664062,18.04644,4.390777,141.21121,2.1724262,5.8413706,0.0,2.9249423,2532.128636002447,329.0
Quebec,-77.580791,48.103521,0,0,0,0,0,0,0,0,0,0,0,0,0,0,0,0,0,0,0,0,0,0,0,0,1,0,0,0,0,0,0,0,0,0,0,0,0,0,0,0,0,1,0,0,0,0,0,0,0,0,0,0,0,0,0,0,0,0,0,0,0,0,0,0,0,0,0,0,0,0,0,0,0,0,0,0,0,0,0,0,0,0,0,0,0,0,0,0,0,0,0,0,0,0,0,0,0,0,0,0,0,0,0,0,0,0,0,0,POINT (1285730.759519555 77298.32888643013),10377,53.146732,10.541527,9.514903,5.8689337,6.3661,2.6641254,0.4406772,0.5571633,0.07841738,0.13468407,2.479032,41.599262,330.69196,45.698914,20.109392,885.8936,60.306793,5.2738857,1.4881768,41.27793,2.5538821,0.6983183,14.727868,31.910175,17.595375,5.0188885,147.30502,0.9945939,5.844205,0.0,2.9263835,5051.92915649404,323.0
Quebec,-77.568734,48.074547,0,0,0,0,0,0,0,0,0,0,0,0,0,0,0,0,0,0,0,0,0,0,0,0,1,0,0,0,0,0,0,0,0,0,0,0,0,0,0,0,0,1,0,0,0,0,0,0,0,0,0,0,0,0,0,0,0,0,0,0,0,0,0,0,0,0,0,0,0,0,0,0,0,0,0,0,0,0,0,0,0,0,0,0,0,1,0,0,0,0,0,0,0,0,0,0,0,0,0,0,0,0,0,0,0,0,0,0,POINT (1287473.3722759683 74429.41839185037),9941,51.095253,12.059516,8.426071,6.7188106,6.682373,3.086368,0.6419514,0.53121626,0.12175865,0.11311769,2.9293575,47.763416,338.66714,39.58986,16.76561,599.6795,55.915024,5.9226065,2.0376203,46.450867,2.8525143,0.8195759,15.305336,32.664062,18.04644,4.390777,141.21121,2.1724262,5.8413706,0.0,2.9249423,5099.552663828027,355.0
Quebec,-77.565004,48.064328,0,0,0,0,0,0,0,0,0,0,0,0,0,0,0,0,0,0,0,0,0,0,0,0,1,0,0,0,0,0,0,0,0,0,0,0,0,0,0,0,0,1,0,0,0,0,0,0,0,0,0,0,0,0,0,0,0,0,0,0,0,0,0,0,0,0,0,0,0,0,0,0,0,0,0,0,0,0,0,0,0,0,0,0,0,0,0,0,0,0,0,0,0,0,0,0,0,0,0,0,0,0,0,1,0,0,1,0,POINT (1288050.6524946222 73407.02085907868),9941,51.095253,12.059516,8.426071,6.7188106,6.682373,3.086368,0.6419514,0.53121626,0.12175865,0.11311769,2.9293575,47.763416,338.66714,39.58986,16.76561,599.6795,55.915024,5.9226065,2.0376203,46.450867,2.8525143,0.8195759,15.305336,32.664062,18.04644,4.390777,141.21121,2.1724262,5.8413706,0.0,2.9249423,3925.4506367919994,335.0
Quebec,-77.554619,48.161693,0,0,0,0,0,0,0,0,0,0,0,0,0,0,0,0,0,0,0,0,0,0,0,0,0,0,0,0,0,0,0,0,0,0,0,0,0,0,0,0,0,1,0,0,0,0,0,0,0,0,0,0,0,0,0,0,0,0,0,0,0,0,0,0,0,0,0,0,0,0,0,0,0,0,0,0,0,0,0,0,0,0,0,0,0,1,0,0,0,0,0,0,0,0,0,0,0,0,0,0,0,0,0,0,0,0,0,0,POINT (1285855.9316728474 84075.7929188332),10377,53.146732,10.541527,9.514903,5.8689337,6.3661,2.6641254,0.4406772,0.5571633,0.07841738,0.13468407,2.479032,41.599262,330.69196,45.698914,20.109392,885.8936,60.306793,5.2738857,1.4881768,41.27793,2.5538821,0.6983183,14.727868,31.910175,17.595375,5.0188885,147.30502,0.9945939,5.844205,0.0,2.9263835,5812.095298126483,315.0
Quebec,-77.516743,48.141294,0,0,0,0,0,0,0,0,0,0,0,0,0,0,0,0,0,0,0,0,0,0,0,0,0,0,0,0,0,0,0,0,0,0,0,0,0,0,0,0,0,1,0,0,0,0,0,0,0,0,0,0,0,0,0,0,0,0,0,0,0,0,0,0,0,0,0,0,0,0,0,0,0,0,0,0,0,0,0,0,0,0,0,0,0,0,0,0,0,0,0,0,0,0,0,0,0,0,0,0,0,0,0,0,0,0,0,0,POINT (1289194.8126643852 82651.84908212119),10377,53.146732,10.541527,9.514903,5.8689337,6.3661,2.6641254,0.4406772,0.5571633,0.07841738,0.13468407,2.479032,41.599262,330.69196,45.698914,20.109392,885.8936,60.306793,5.2738857,1.4881768,41.27793,2.5538821,0.6983183,14.727868,31.910175,17.595375,5.0188885,147.30502,0.9945939,5.844205,0.0,2.9263835,2771.1424070478483,324.0
Quebec,-77.514291,48.100722,0,0,0,0,0,0,0,0,0,0,0,0,0,0,0,0,0,0,0,0,0,0,0,0,1,0,0,0,0,0,0,0,0,0,0,0,0,0,0,0,0,1,0,0,0,0,0,0,0,0,1,0,0,0,0,0,0,0,0,0,0,0,0,0,0,0,0,0,0,0,0,0,0,0,0,0,0,0,0,0,0,0,0,0,0,1,0,0,0,0,0,0,0,0,0,0,0,0,0,0,0,0,0,0,0,0,1,0,POINT (1290599.951874076 78344.4449796887),10377,53.146732,10.541527,9.514903,5.8689337,6.3661,2.6641254,0.4406772,0.5571633,0.07841738,0.13468407,2.479032,41.599262,330.69196,45.698914,20.109392,885.8936,60.306793,5.2738857,1.4881768,41.27793,2.5538821,0.6983183,14.727868,31.910175,17.595375,5.0188885,147.30502,0.9945939,5.844205,0.0,2.9263835,1761.1849221691243,326.0
Quebec,-77.502718,48.1003,0,0,0,0,0,0,0,0,0,0,0,0,0,0,0,0,0,0,0,0,0,0,0,0,1,0,0,0,0,0,0,0,0,0,0,0,0,0,0,0,0,1,0,0,0,0,0,0,0,0,1,0,0,0,0,0,0,0,0,0,0,0,0,0,0,0,0,0,0,0,0,0,0,0,0,0,0,0,0,0,0,0,0,0,0,1,0,0,0,0,0,0,0,0,0,0,0,0,0,0,0,0,0,0,0,0,1,0,POINT (1291445.2845419366 78534.02190885395),10377,53.146732,10.541527,9.514903,5.8689337,6.3661,2.6641254,0.4406772,0.5571633,0.07841738,0.13468407,2.479032,41.599262,330.69196,45.698914,20.109392,885.8936,60.306793,5.2738857,1.4881768,41.27793,2.5538821,0.6983183,14.727868,31.910175,17.595375,5.0188885,147.30502,0.9945939,5.844205,0.0,2.9263835,2059.046473619692,329.0
Quebec,-77.445,48.188,0,0,0,0,0,0,0,0,0,0,0,0,0,0,0,0,0,0,0,0,0,0,0,0,0,0,0,0,0,0,0,0,0,0,0,0,0,0,0,0,0,1,0,0,0,0,0,0,0,0,0,0,0,0,0,0,0,0,0,0,0,0,0,0,0,0,0,0,0,0,0,0,0,0,0,0,0,0,0,0,0,0,0,0,0,0,0,0,0,0,0,0,0,0,0,0,0,0,0,0,0,0,0,0,0,0,0,0,POINT (1292930.4027822537 89122.32466559157),10813,63.00616,11.132127,6.7506413,2.0645375,4.2952456,3.7239172,0.54749554,0.422792,0.05494399,0.0946903,1.9236805,22.938173,165.33472,24.487793,18.988382,429.5333,52.078846,6.426902,1.4710858,1.4806862,3.6667395,0.88258123,26.299086,54.052322,29.440079,7.91773,81.55948,0.48020697,5.8469267,0.0,2.92808,3059.486534689724,331.0
Quebec,-77.42222,48.09583,0,0,0,0,0,0,0,0,0,0,0,0,0,0,0,0,0,0,0,0,0,0,0,0,0,0,0,0,0,0,0,0,0,0,0,0,0,0,0,0,0,1,0,0,0,0,0,0,0,0,0,0,0,0,0,0,0,0,0,0,0,0,0,0,0,0,0,0,0,0,0,0,0,0,0,0,0,0,0,0,0,0,0,0,0,0,0,0,0,0,0,0,0,0,0,0,0,0,0,0,0,0,0,0,0,0,0,0,POINT (1297371.1428678345 79692.2113753432),10378,60.69228,13.302649,7.153956,2.634466,5.5568542,3.3079767,0.5322187,0.4492685,0.084138945,0.09702744,1.4837825,33.862953,120.82579,23.397688,15.335391,332.80432,50.904,7.3677435,1.5043385,2.524252,4.136918,1.1526659,22.426657,48.131416,24.481318,7.4115286,105.1773,0.87212175,5.842051,0.0,2.9279761,2646.6468087774406,330.0
Quebec,-77.422127,48.098176,0,0,0,0,0,0,0,0,0,0,0,0,1,0,0,0,0,0,0,0,0,0,0,0,1,0,0,0,0,0,0,0,0,0,0,0,0,0,0,0,0,1,0,0,0,0,0,0,0,0,0,0,0,0,0,0,0,0,0,0,0,0,0,0,0,0,0,0,0,0,0,0,0,0,0,0,0,0,0,0,0,0,0,0,0,1,0,0,0,0,0,0,0,0,0,0,0,0,0,0,0,0,0,1,0,0,1,0,POINT (1297306.4002817918 79945.97012571068),10378,60.69228,13.302649,7.153956,2.634466,5.5568542,3.3079767,0.5322187,0.4492685,0.084138945,0.09702744,1.4837825,33.862953,120.82579,23.397688,15.335391,332.80432,50.904,7.3677435,1.5043385,2.524252,4.136918,1.1526659,22.426657,48.131416,24.481318,7.4115286,105.1773,0.87212175,5.842051,0.0,2.9279761,2693.97140234886,328.0
Quebec,-77.252816,48.011536,0,0,0,0,0,1,0,0,0,0,0,0,0,0,0,0,0,0,0,0,0,0,0,0,0,0,0,0,0,0,0,0,0,0,0,0,0,0,0,0,0,1,0,0,0,0,0,0,0,0,0,0,0,0,0,0,0,0,0,0,0,0,0,0,0,0,0,0,0,0,0,0,0,0,0,0,0,0,0,0,0,0,0,0,0,0,0,0,0,0,0,0,0,0,0,0,0,0,0,0,0,0,0,0,0,0,0,0,POINT (1312140.978626489 74119.45457889457),9943,61.146824,14.544568,6.698477,3.1172092,5.5585823,3.0123558,0.75741,0.5345779,0.11647056,0.103015386,1.5944905,48.315403,139.71008,22.375055,16.135645,257.2375,61.44963,12.22512,1.7932249,2.479576,4.5291543,1.5695778,19.835043,41.36008,23.959225,5.352161,142.89268,1.5992883,5.8372917,0.0,2.9281049,4642.543516362994,365.0
Quebec,-77.018181,48.110195,0,0,0,0,0,0,0,0,0,0,0,0,0,0,0,0,0,0,0,0,0,0,0,0,0,0,0,0,0,0,0,0,0,0,0,0,0,0,0,0,0,1,0,0,0,0,0,0,0,0,0,0,0,0,0,0,0,0,0,0,0,0,0,0,0,0,0,0,0,0,0,0,0,0,0,0,0,0,0,0,0,0,0,0,0,0,0,0,0,0,0,0,0,0,0,0,0,0,0,0,0,0,0,0,0,0,0,0,POINT (1325955.6495735033 89564.96210049267),10817,53.63647,13.717513,8.633499,6.043527,8.813932,2.579249,0.40644866,0.9094381,0.11898519,0.17493594,2.7988913,43.645664,125.086174,33.39361,11.238315,439.2628,64.772354,24.543123,3.3691547,1.8309959,3.0531595,2.1317785,14.937012,30.899084,25.050972,5.019837,175.66476,2.297013,6.1044283,0.0,2.9228907,4067.9842714431943,350.0
Quebec,-76.703328,46.811944,0,0,0,0,0,0,0,0,0,0,0,0,0,0,0,0,0,0,1,0,0,0,0,1,1,0,0,0,0,0,0,0,0,0,0,0,0,0,0,0,0,1,0,0,0,0,0,0,0,0,0,0,0,0,0,0,0,0,0,0,0,0,0,1,0,0,1,0,0,1,0,0,0,0,0,0,0,0,0,0,0,0,0,0,0,0,0,0,0,0,0,0,0,0,0,0,0,0,0,0,0,0,0,0,0,0,0,0,POINT (1389740.6953910044 -43091.46803125162),5155,43.667046,10.348013,13.798869,7.18019,4.1549172,2.2041817,1.747034,0.76203537,0.19210936,0.19265637,7.156044,626.51215,1546.4435,143.97372,10.583126,419.96826,112.03881,14.013173,2.5186932,3.0535176,9.100886,3.3891206,34.20557,81.422035,46.81001,12.641606,105.85655,0.51270896,5.995338,0.0,2.9549868,3102.181796914327,396.0
Quebec,-76.674092,49.245851,0,0,0,0,0,0,0,0,0,0,0,0,0,0,0,0,0,0,0,0,0,0,0,0,1,0,0,0,0,0,0,0,0,0,0,0,0,0,0,0,0,1,0,0,0,0,0,0,0,0,1,0,0,0,0,0,0,0,0,0,0,0,0,0,0,0,0,0,0,0,0,0,0,0,0,0,0,0,0,0,0,0,0,0,0,1,0,0,0,0,0,0,0,0,0,0,0,0,0,0,0,0,0,0,0,0,1,0,POINT (1314699.0730783693 218042.2735578021),16483,60.27221,13.798083,8.9809885,2.1578302,3.8815665,3.5996132,1.4602326,0.7349185,0.18486543,0.11379601,18.859194,46.761173,41.444695,19.37985,20.258062,71.896385,115.47016,8.405222,4.5139756,8.471837,3.9757025,1.812312,36.569164,74.99899,35.391354,11.7312975,78.1597,1.0669483,5.9021153,0.0,2.9492848,5090.781933915212,331.0
Quebec,-76.502154,49.452351,0,0,0,0,0,0,0,0,0,0,0,0,0,0,0,0,0,0,0,0,0,0,0,0,0,0,0,0,0,0,0,0,0,0,0,0,0,0,0,0,0,0,0,0,0,0,0,1,0,0,0,0,0,0,0,0,0,0,0,0,0,0,0,0,0,0,0,0,0,0,0,0,0,0,0,0,0,0,0,0,0,0,0,0,0,0,0,0,0,0,0,0,0,0,0,0,0,0,0,0,0,0,0,0,0,0,0,0,POINT (1320109.421376132 243584.73975481774),17356,57.053436,15.124505,7.855582,3.239036,5.875617,3.6736171,1.3980786,0.719652,0.17675823,0.1269108,4.7726493,35.65864,34.61507,30.432962,19.142458,149.90463,102.95881,7.366907,3.3473532,2.2109008,4.567192,1.7098264,19.278198,44.005783,28.189583,8.872015,99.85147,1.0954602,5.7605066,0.0,2.9336371,3586.320591841854,325.0
Quebec,-76.168211,49.494436,0,0,0,0,0,0,0,0,0,0,0,0,0,0,0,0,0,0,0,0,0,0,0,0,0,0,0,0,0,0,0,0,0,0,0,0,0,0,0,0,0,0,0,0,0,0,0,0,0,0,1,0,0,0,0,0,0,0,0,0,0,0,0,0,0,0,0,0,0,0,0,0,0,0,0,0,0,0,0,0,0,0,0,0,0,1,0,0,0,0,0,0,0,0,0,0,0,0,0,0,0,0,0,0,0,0,1,0,POINT (1341884.3002538001 255045.1977474058),18230,47.184273,11.047969,9.852694,5.2625403,7.375132,2.600824,1.7368938,1.1364793,0.24024631,0.14551131,6.142451,60.29972,146.9359,47.471546,16.816645,230.5399,84.89908,9.596809,2.3605223,1.7874179,4.99706,1.2004665,35.993,75.850716,41.390247,31.101961,152.93831,2.576921,5.7420564,0.0,2.9334462,5300.958005980587,342.0
Quebec,-76.143,49.4958,0,0,0,0,0,0,0,0,0,0,0,0,0,0,0,0,0,0,0,0,0,0,0,0,0,0,0,0,0,0,0,0,0,0,0,0,0,0,0,0,0,1,0,0,0,0,0,0,0,0,0,0,0,0,0,0,0,0,0,0,0,0,0,0,0,0,0,0,0,0,0,0,0,0,0,0,0,0,0,0,0,0,0,0,0,1,0,0,0,0,0,0,0,0,0,0,0,0,0,0,0,0,0,0,0,0,0,0,POINT (1343583.6038462766 255722.2250866527),18230,47.184273,11.047969,9.852694,5.2625403,7.375132,2.600824,1.7368938,1.1364793,0.24024631,0.14551131,6.142451,60.29972,146.9359,47.471546,16.816645,230.5399,84.89908,9.596809,2.3605223,1.7874179,4.99706,1.2004665,35.993,75.850716,41.390247,31.101961,152.93831,2.576921,5.7420564,0.0,2.9334462,5580.429369867866,330.0
Quebec,-76.14276,49.496237,0,0,0,0,0,0,0,0,0,0,0,0,0,0,0,0,0,0,0,0,0,0,0,0,0,0,0,0,0,0,0,0,0,0,0,0,0,0,0,0,0,1,0,0,0,0,0,0,0,0,0,0,0,0,0,0,0,0,0,0,0,0,0,0,0,0,0,0,0,0,0,0,0,0,0,0,0,0,0,0,0,0,0,0,0,0,0,0,0,0,0,0,0,0,0,0,0,0,0,0,0,0,0,0,0,0,0,0,POINT (1343586.0279650353 255773.68929252704),18230,47.184273,11.047969,9.852694,5.2625403,7.375132,2.600824,1.7368938,1.1364793,0.24024631,0.14551131,6.142451,60.29972,146.9359,47.471546,16.816645,230.5399,84.89908,9.596809,2.3605223,1.7874179,4.99706,1.2004665,35.993,75.850716,41.390247,31.101961,152.93831,2.576921,5.7420564,0.0,2.9334462,5542.6457275554085,330.0
Quebec,-76.08667,52.69889,0,0,0,0,0,0,0,0,0,0,0,0,0,0,0,0,0,0,0,0,0,0,0,0,0,0,0,0,0,0,0,0,0,0,0,0,0,0,0,0,0,1,0,0,0,0,0,0,0,0,0,0,0,0,0,0,0,0,0,0,0,0,0,0,0,0,0,0,0,0,0,0,0,0,0,0,0,0,0,0,0,0,0,0,0,0,0,0,0,0,0,0,0,0,0,0,0,0,0,0,0,0,0,0,0,0,0,0,POINT (1243856.5202903934 595065.7429820666),33044,69.84158,9.616763,4.85751,1.4638258,2.5110288,2.9590466,3.0665593,0.29004663,0.10730136,0.14275663,6.9236,14.239801,29.684147,9.346734,22.233932,169.46071,34.794567,10.537049,6.5768156,3.5078776,8.068306,1.256319,16.87078,36.340466,15.979693,10.030237,47.679214,0.61925447,5.627473,0.0,2.8874962,6262.569338503459,230.478
Quebec,-76.07204232,46.73928825,0,0,0,0,0,0,0,0,0,0,0,0,0,0,0,0,0,0,0,0,0,0,0,0,0,0,0,0,0,0,0,0,0,0,0,0,0,0,0,0,0,0,0,0,0,0,0,0,0,0,0,0,0,0,0,0,0,0,0,0,0,0,0,0,0,0,0,0,0,0,0,0,0,0,0,0,0,0,0,0,0,0,0,0,1,0,0,0,0,0,0,0,0,0,0,0,0,0,0,0,0,0,0,0,0,0,0,0,POINT (1438681.5012129953 -36860.34577795873),5160,45.73874,9.7122755,8.640833,5.2700105,13.71045,2.6404884,1.5357938,0.73077375,0.23169513,0.2446094,1.722058,33.0169,34.073387,22.578247,28.350048,43.47567,635.2216,223.078,1.7478194,2.9016442,9.08981,4.215517,48.00332,110.186005,62.048874,10.192139,135.3731,0.5204169,6.0041485,0.0,2.9807365,3405.1707410355607,250.0
Quebec,-75.87219071,46.78468893,0,0,0,0,0,0,0,0,0,0,0,0,0,0,0,0,0,0,0,0,0,0,0,0,0,0,0,0,0,0,0,0,0,0,0,0,0,0,0,0,0,0,0,0,0,0,0,0,0,0,0,0,0,0,0,0,0,0,0,0,0,0,0,0,0,0,0,0,0,0,0,0,0,0,0,0,0,0,0,0,0,0,0,0,1,0,0,0,0,0,0,0,0,0,0,0,0,0,0,0,0,0,0,0,0,0,0,0,POINT (1451904.8429815946 -27451.5932297188),5597,45.123493,10.965095,10.067832,5.892481,12.0223875,2.6764314,1.9813538,0.97155714,0.29351777,0.2329266,2.529436,59.51828,32.982586,30.196148,19.098492,58.044147,345.81348,173.76463,1.9721096,4.4719543,9.805026,2.80836,45.502583,109.10955,63.27274,14.743617,201.36795,0.5270803,6.00272,0.0,2.9768689,3182.064234128789,233.0
Quebec,-75.856815,49.615786,0,0,0,0,0,0,0,0,0,0,0,0,0,0,0,0,0,0,0,0,0,0,0,0,0,0,0,0,0,0,0,0,0,0,0,0,0,0,0,0,0,1,0,0,0,0,0,0,0,0,0,0,0,0,0,0,0,0,0,0,0,0,0,0,0,0,0,0,0,0,0,0,0,0,0,0,0,0,0,0,0,0,0,0,0,0,0,0,0,0,0,0,0,0,0,0,0,0,0,0,0,0,0,0,0,0,0,0,POINT (1359412.4192552036 274530.04007892206),18668,49.683506,11.384552,13.804263,3.5860744,5.4972696,2.6311333,1.1841125,1.0034604,0.21461685,0.17520384,15.864378,100.152695,121.69044,50.41363,13.068248,121.998985,168.27934,9.6230955,2.3112836,57.343296,3.7639155,1.5856007,22.864702,50.55467,44.628284,27.364382,232.12238,36.969017,5.724167,0.0,2.9325554,4567.7684930235855,311.0
Quebec,-75.766,48.9903,0,0,0,0,0,0,0,0,0,0,0,0,0,0,0,0,0,0,0,0,0,0,0,0,0,0,0,0,0,0,0,0,0,0,0,0,0,0,0,0,0,1,0,0,0,0,0,0,0,0,0,0,0,0,0,0,0,0,0,0,0,0,0,0,0,0,0,0,0,0,0,0,0,0,0,0,0,0,0,0,0,0,0,0,0,1,0,0,0,0,0,0,0,0,0,0,0,0,0,0,0,0,0,0,0,0,0,0,POINT (1386356.5725226817 210144.95082269638),16055,51.42893,15.026847,9.49474,3.8748734,8.463706,3.2671611,1.0191683,0.81503475,0.11702073,0.15141103,1.9731992,79.10762,52.618713,30.148548,15.933474,122.233826,75.50808,32.19194,0.98387605,2.1121416,2.2891135,0.5987705,10.5302105,23.479416,14.646974,4.9950485,162.1926,1.1872109,5.844793,0.0,2.9235275,3646.222767931132,397.0
Quebec,-75.742268,45.663446,0,0,0,0,0,0,0,0,0,0,0,0,0,0,0,0,0,0,0,0,0,0,0,0,0,0,0,0,0,1,0,0,0,0,0,0,0,0,0,0,0,0,0,0,0,0,0,0,0,0,0,0,0,0,0,0,0,0,0,0,0,0,0,0,0,0,0,0,0,0,0,0,0,0,0,0,0,0,0,0,0,0,0,0,0,0,0,0,0,0,0,0,0,0,0,0,0,0,0,0,0,0,0,0,0,0,0,0,POINT (1499059.878554658 -144831.71887951365),806,15.914461,3.0566113,1.657386,1.8346511,27.783268,1.0216581,2.6442747,0.11812444,0.32290393,0.081540376,2.974763,13.115415,17.23496,8.243913,47.83678,26.92032,55.677425,7.9476304,1.5014666,0.7196569,2.8843844,1.2079147,40.995686,86.370056,49.767624,6.9992695,47.642265,0.71750003,6.1747527,0.0,2.932266,4922.592218653564,209.0
Quebec,-75.698564,45.76183,0,0,0,0,0,0,0,0,0,0,0,0,0,0,0,0,0,0,0,0,0,0,0,0,0,0,0,0,0,1,0,0,0,0,0,0,0,0,0,0,0,0,0,0,0,0,0,0,0,0,0,0,0,0,0,0,0,0,0,0,0,0,0,0,0,0,0,0,0,0,0,0,0,0,0,0,0,0,0,0,0,0,0,0,0,0,0,0,0,0,0,0,0,0,0,0,0,0,0,0,0,0,0,0,0,0,0,0,POINT (1499043.4989184283 -133218.66757480672),1242,11.27519,2.6126335,1.4024893,1.8775787,28.2367,0.93523014,2.9203727,0.123410985,0.33357015,0.08412312,3.0686536,15.038606,15.172771,7.4230185,40.15715,30.648167,48.967415,7.591776,1.7331973,0.8080305,3.0224683,1.1698693,37.659077,78.042725,46.78677,6.0168056,44.163303,0.7231269,6.1613107,0.0,2.9305916,3358.012960439595,261.0
Quebec,-75.60765,45.679092,0,0,0,0,1,0,0,0,0,0,0,0,0,0,0,0,0,0,0,0,0,0,0,0,0,0,0,0,0,0,0,0,0,0,0,0,0,0,0,0,0,0,0,0,0,0,0,0,0,0,0,0,0,0,0,0,0,0,0,1,0,0,0,0,0,0,0,0,0,0,0,0,0,0,0,0,0,0,0,0,0,0,0,0,0,0,0,0,0,0,0,0,0,0,0,0,0,0,0,0,0,0,0,0,0,0,0,0,POINT (1508683.8424253124 -139965.92259272552),807,22.320057,4.601967,3.1840672,1.8314402,21.550793,1.0882242,3.6605594,0.14185059,0.4493125,0.0644711,3.8570855,14.965215,14.0577135,7.0513406,36.31138,31.632814,41.73806,14.886092,1.5827057,2.3984914,2.924874,1.0458645,42.539112,89.47703,53.16284,5.646514,39.56956,0.7606027,6.165643,0.0,2.9279492,1316.776981550342,268.0
Quebec,-75.552239,46.144042,0,0,0,0,0,0,0,0,0,0,0,0,0,0,0,0,0,0,0,0,0,0,0,0,0,0,0,0,0,0,0,0,0,0,0,0,0,0,0,0,0,0,0,0,1,0,0,0,0,0,0,0,0,0,0,0,0,0,0,0,0,0,0,0,0,0,0,0,0,0,0,0,0,0,0,0,0,0,0,0,0,0,0,0,0,0,0,0,0,0,0,0,0,0,0,0,0,0,0,0,0,0,0,0,0,0,0,0,POINT (1497099.6336579437 -88720.94473101092),2986,16.835676,4.5730505,3.0118237,2.9933426,26.510834,1.123862,1.6855103,0.744254,0.15219912,0.051775835,2.712584,27.95095,25.129639,12.91141,19.770994,40.55158,57.920048,8.112562,45.948322,0.5984694,29.725056,2.9797072,36.110607,107.158104,88.06373,14.279589,87.32409,0.6625232,6.13966,0.0,2.9316933,3169.7358968311023,269.0
Quebec,-75.530895,46.376045,0,0,0,0,0,0,0,0,0,0,0,0,0,0,0,0,0,0,0,0,0,0,0,0,0,0,0,0,0,0,0,0,0,0,0,0,0,0,0,0,0,0,0,0,1,0,0,0,0,0,0,0,0,0,0,0,0,0,0,0,0,0,0,0,0,0,0,0,0,0,0,0,0,0,0,0,0,0,0,0,0,0,0,0,0,0,0,0,0,0,0,0,0,0,0,0,0,0,0,0,0,0,0,0,0,0,0,0,POINT (1490830.6296255991 -63344.97022192558),4293,49.130688,10.626851,5.1730223,3.8035333,10.461673,1.8537039,3.4789603,0.7114342,0.24776345,0.07139403,1.8857602,41.036606,41.575214,20.787575,15.473166,159.23889,66.86299,9.38701,65.77545,0.43578583,31.010271,2.221644,59.755314,95.967445,45.535385,12.631324,93.266426,0.65061617,6.114597,0.0,2.9367416,3446.4439441322606,244.0
Quebec,-75.41974,45.58671889,0,0,0,0,0,0,0,0,0,0,0,0,0,0,0,0,0,0,0,0,0,0,0,0,0,0,0,0,0,1,0,0,0,0,0,0,0,0,0,0,0,0,0,0,0,0,0,0,0,0,0,0,0,0,0,0,0,0,0,0,0,0,0,0,0,0,0,0,0,0,0,0,0,0,0,0,0,0,0,0,0,0,0,0,0,0,0,0,0,0,0,0,0,0,0,0,0,0,0,0,0,0,0,0,0,0,0,0,POINT (1525996.08873582 -145413.1169994001),373,27.20983,6.163435,5.1593986,2.7014902,19.20103,1.3454343,3.1567864,0.34763578,0.8592148,0.082565285,4.4771247,23.884651,25.0424,14.2490425,32.98681,33.70526,41.007782,23.704884,1.6500671,4.6466627,3.708381,1.5004948,48.198635,104.267944,59.067116,5.863221,70.73713,0.8512012,6.1572227,0.0,2.9214714,6088.626822950811,123.0
Quebec,-75.41778126,45.58640493,0,0,0,0,0,0,0,0,0,0,0,0,0,0,0,0,0,0,0,0,0,0,0,0,0,0,0,0,0,1,0,0,0,0,0,0,0,0,0,0,0,0,0,0,0,0,0,0,0,0,0,0,0,0,0,0,0,0,0,0,0,0,0,0,0,0,0,0,0,0,0,0,0,0,0,0,0,0,0,0,0,0,0,0,0,0,0,0,0,0,0,0,0,0,0,0,0,0,0,0,0,0,0,0,0,0,0,0,POINT (1526154.6192257113 -145399.8625005567),373,27.20983,6.163435,5.1593986,2.7014902,19.20103,1.3454343,3.1567864,0.34763578,0.8592148,0.082565285,4.4771247,23.884651,25.0424,14.2490425,32.98681,33.70526,41.007782,23.704884,1.6500671,4.6466627,3.708381,1.5004948,48.198635,104.267944,59.067116,5.863221,70.73713,0.8512012,6.1572227,0.0,2.9214714,5995.7376106679685,121.0
Quebec,-74.86111,49.78833,0,0,0,0,0,0,0,0,0,0,0,0,0,0,0,0,0,0,0,0,0,0,0,0,1,0,0,0,0,0,0,0,0,0,0,0,0,0,0,0,0,1,0,0,0,0,0,0,0,0,0,0,0,0,0,0,0,0,0,0,0,0,0,0,0,0,0,0,0,0,0,0,0,0,0,0,0,0,0,0,0,0,0,0,0,0,0,0,0,0,0,0,0,0,0,0,0,0,0,0,0,0,0,0,0,0,0,0,POINT (1421843.7324548454 314534.8165776783),20418,50.937077,15.178031,6.319444,3.5538774,9.366174,3.171262,0.74738485,0.5737561,0.15812191,0.13372383,1.262426,52.655083,81.543304,44.90472,24.61248,193.68681,77.00738,5.1448708,2.1212852,1.5952698,1.9979771,0.52963406,17.727959,39.302258,20.31268,4.1803193,160.39824,60.14232,5.839481,0.0,2.9273374,4894.940323248847,409.0
Quebec,-74.63460245,47.93841183,0,0,0,0,0,0,0,0,0,0,0,0,0,0,0,0,0,0,0,0,0,0,0,0,0,0,0,0,0,0,0,0,0,0,0,0,0,0,0,0,0,0,0,0,0,0,0,0,0,0,0,0,0,0,0,0,0,0,0,1,0,0,0,0,0,0,0,0,0,0,0,0,0,0,0,0,0,0,0,0,0,0,0,0,0,0,0,0,0,0,0,0,0,0,0,0,0,0,0,0,0,0,0,0,0,0,0,0,POINT (1502074.183473244 124246.2953119534),12142,55.533485,13.791318,6.3444057,3.4039838,6.1083927,2.5489354,4.0360436,0.9194069,0.32745063,0.11397072,3.9896283,61.78699,48.288242,27.768255,21.123016,152.39612,78.28302,13.1237135,1.5721674,0.7356863,2.9870057,0.41615477,54.305065,115.34584,59.921856,10.109405,97.95636,0.8145569,6.125525,0.0,2.8842502,4725.691110639094,454.0
Quebec,-74.61833,45.75139,0,0,0,0,0,0,0,0,0,0,0,0,0,0,0,0,0,0,0,0,0,0,0,0,0,0,0,0,0,0,0,0,0,0,0,0,0,0,0,0,0,0,0,0,0,0,0,0,0,0,0,0,0,0,0,1,0,0,0,0,0,0,0,0,0,0,0,0,0,0,0,0,0,0,0,0,0,0,0,0,0,0,0,0,0,0,0,0,0,0,0,0,0,0,0,0,0,0,0,0,0,0,0,0,0,0,0,0,POINT (1580499.0987614924 -108187.53171751922),2122,39.400593,6.6669536,4.9904823,2.3085384,19.897879,1.5079001,2.6057444,0.6342524,0.15091841,0.05505676,3.7177308,27.418312,28.077694,19.538359,20.433533,97.86096,61.242607,5.627524,2.2776167,1.4112916,9.982934,1.9692072,24.88437,63.398655,49.84557,8.411864,93.144516,4.5486326,6.1461596,0.0,2.8634233,1879.977737249455,241.0
Quebec,-74.53208728,49.9254504,0,0,0,0,0,0,0,0,0,0,0,0,0,0,0,0,0,0,0,0,0,0,0,0,0,0,0,0,0,0,0,0,0,0,0,0,0,0,0,0,0,1,0,0,0,0,0,0,0,0,0,0,0,0,0,0,0,0,0,0,0,0,0,0,0,0,0,0,0,0,0,0,0,0,0,0,0,0,0,0,0,0,0,0,0,0,0,0,0,0,0,0,0,0,0,0,0,0,0,0,0,0,0,0,0,0,0,0,POINT (1439464.8450096648 336369.56078020233),21728,54.301315,16.023726,8.916861,3.9860795,7.8260455,3.179016,1.2874633,0.7586037,0.18753684,0.14794606,2.167865,73.96367,61.06365,35.88066,16.63716,70.06372,70.71196,6.2976155,2.0999067,3.6534288,2.449907,0.610794,19.763052,42.890144,21.625448,4.6240067,153.2672,52.651554,5.8331304,0.0,2.9263713,3669.586939092367,364.0
Quebec,-74.466634,51.011121,0,0,0,0,0,0,0,0,0,0,0,0,0,0,0,0,0,0,0,0,0,0,0,0,1,0,0,0,0,0,0,0,0,0,0,0,0,0,0,0,0,1,0,0,0,0,0,0,0,0,0,0,0,0,0,0,0,0,0,0,0,0,0,0,0,0,0,0,0,0,0,0,0,0,0,0,0,0,0,0,0,0,0,0,0,1,0,0,0,0,0,0,0,0,0,0,0,0,0,0,0,0,0,0,0,0,0,0,POINT (1405802.1666697261 451762.0464314249),26521,59.775536,13.675044,8.061484,4.6472387,4.335305,3.5231433,1.6408242,0.503361,0.16234517,0.10639982,134.60493,365.34668,49.2824,68.980545,23.462032,179.78476,158.76457,14.003297,2.95114,15.285718,2.4553134,1.1875229,11.792606,28.460299,16.158728,6.820164,206.04648,15.919432,5.981022,0.0,2.9573245,4552.587511816724,368.555
Quebec,-74.436758,49.487819,0,0,0,0,0,1,0,0,0,0,0,0,0,0,0,0,0,0,0,0,0,0,0,0,1,0,0,0,0,0,0,0,0,0,0,0,0,0,0,0,0,1,0,0,0,0,0,0,0,0,1,0,0,0,0,0,0,0,0,0,0,0,0,0,0,0,0,0,0,0,0,0,0,0,0,0,0,0,0,0,0,0,0,0,0,1,0,0,0,0,0,0,0,0,0,0,0,0,0,0,0,0,0,0,0,0,1,0,POINT (1461356.5428705981 292502.0495864767),19550,53.74084,14.473468,9.091766,2.7866888,7.6112165,2.839039,1.1674027,0.89223266,0.18047376,0.13113287,2.0517485,58.853188,56.44453,45.06956,34.18311,78.861916,86.89613,3.2780433,1.0,0.6350172,2.2492537,0.5661655,17.918953,35.734306,18.18206,12.990482,149.3677,121.70579,6.0925794,0.0,2.9114525,2846.0932119701392,390.0
Quebec,-74.392456,49.873365,0,0,0,0,0,0,0,0,0,0,0,0,0,0,0,0,0,0,0,0,0,0,0,0,1,0,0,0,0,0,0,0,0,0,0,0,0,0,0,0,0,1,0,0,0,0,0,0,0,0,0,0,0,0,0,0,0,0,0,0,0,0,0,0,0,0,0,0,0,0,0,0,0,0,0,0,0,0,0,0,0,0,0,0,0,1,0,0,0,0,0,0,0,0,0,0,0,0,0,0,0,0,0,0,0,0,1,0,POINT (1450778.067552805 334066.64629983547),21293,57.858986,16.217686,7.578915,3.310148,6.513804,3.4487073,1.2754699,0.711003,0.2205442,0.121868074,3.2966154,39.68507,50.195805,32.509457,12.684341,60.499683,66.03184,6.121679,0.9723131,9.72166,1.959142,0.6051808,17.897768,43.17932,22.408941,5.1782217,111.575005,110.7234,5.8329434,0.0,2.9246871,4140.396790698223,419.0
Quebec,-74.37846241,49.91693905,0,0,0,0,0,0,0,0,0,0,0,0,0,0,0,0,0,0,0,0,0,0,0,0,1,0,0,0,0,0,0,0,0,0,0,0,0,0,0,0,0,1,0,0,0,0,0,0,0,0,0,0,0,0,0,0,0,0,0,0,0,0,0,0,0,0,0,0,0,0,0,0,0,0,0,0,0,0,0,0,0,0,0,0,0,1,0,0,0,0,0,0,0,0,0,0,0,0,0,0,0,0,0,0,0,0,0,0,POINT (1450189.7572473357 338964.5565176361),21729,56.542606,16.58617,8.298263,3.5998232,6.3366036,3.2675316,1.5442814,0.6383692,0.15578088,0.1340612,3.0478532,35.942963,49.452946,29.522066,17.178135,64.40212,66.65,4.271528,0.8594625,3.6890898,2.1514108,0.5873025,17.530891,37.11727,18.251074,3.1166666,120.15347,76.20415,5.8318906,0.0,2.9251947,1052.7616842275022,407.0
Quebec,-74.37120324,49.9162471,0,0,0,0,0,0,0,0,0,0,0,0,0,0,0,0,0,0,0,0,0,0,0,0,1,0,0,0,0,0,0,0,0,0,0,0,0,0,0,0,0,1,0,0,0,0,0,0,0,0,0,0,0,0,0,0,0,0,0,0,0,0,0,0,0,0,0,0,0,0,0,0,0,0,0,0,0,0,0,0,0,0,0,0,0,0,0,0,0,0,0,0,0,0,0,0,0,0,0,0,0,0,0,0,0,0,0,0,POINT (1450706.6703786398 339057.3904810978),21729,56.542606,16.58617,8.298263,3.5998232,6.3366036,3.2675316,1.5442814,0.6383692,0.15578088,0.1340612,3.0478532,35.942963,49.452946,29.522066,17.178135,64.40212,66.65,4.271528,0.8594625,3.6890898,2.1514108,0.5873025,17.530891,37.11727,18.251074,3.1166666,120.15347,76.20415,5.8318906,0.0,2.9251947,1178.146466276106,403.0
Quebec,-74.35867247,49.57445587,0,0,0,0,0,0,0,0,0,0,0,0,0,0,0,0,0,0,0,0,0,0,0,0,0,0,0,0,0,0,0,0,0,0,0,0,0,0,0,0,0,1,0,0,0,0,0,0,0,0,0,0,0,0,0,0,0,0,0,0,0,0,0,0,0,0,0,0,0,0,0,0,0,0,0,0,0,0,0,0,0,0,0,0,0,0,0,0,0,0,0,0,0,0,0,0,0,0,0,0,0,0,0,0,0,0,0,0,POINT (1463643.8520637928 303413.68306298304),19986,56.63847,14.44607,7.7837276,2.4590302,6.4015193,2.9007933,1.3753247,0.6994499,0.14910512,0.111214496,2.0431213,47.982067,48.52045,35.62961,26.874079,79.084564,77.80507,3.414763,1.0,0.76915646,1.9378817,0.49016258,15.4981785,30.95098,15.484675,9.04737,122.94233,88.117546,5.8343773,0.0,2.9216456,4993.339656501301,369.0
Quebec,-74.334379,49.871472,0,0,0,0,0,0,0,0,0,0,0,0,0,0,0,0,0,0,0,0,0,0,0,0,1,0,0,0,0,0,0,0,0,0,0,0,0,0,0,0,0,1,0,0,0,0,0,0,0,0,0,0,0,0,0,0,0,0,0,0,0,0,0,0,0,0,0,0,0,0,0,0,0,0,0,0,0,0,0,0,0,0,0,0,0,1,0,0,0,0,0,0,0,0,0,0,0,0,0,0,0,0,0,0,0,0,0,0,POINT (1454789.0235356046 335194.23198826803),21729,56.542606,16.58617,8.298263,3.5998232,6.3366036,3.2675316,1.5442814,0.6383692,0.15578088,0.1340612,3.0478532,35.942963,49.452946,29.522066,17.178135,64.40212,66.65,4.271528,0.8594625,3.6890898,2.1514108,0.5873025,17.530891,37.11727,18.251074,3.1166666,120.15347,76.20415,5.8318906,0.0,2.9251947,6784.601169567614,377.0
Quebec,-74.329524,49.87032,0,0,0,0,0,0,0,0,0,0,0,0,0,0,0,0,0,0,0,0,0,0,0,0,1,0,0,0,0,0,0,0,0,0,0,0,0,0,0,0,0,1,0,0,0,0,0,0,0,0,0,0,0,0,0,0,0,0,0,0,1,0,0,0,0,0,0,0,0,0,0,0,0,0,0,0,0,0,0,0,0,0,0,0,0,1,0,0,0,0,0,0,0,0,0,0,0,0,0,0,0,0,0,0,0,0,1,0,POINT (1455159.4600389285 335184.25971278624),21730,58.1157,16.547947,7.3863044,3.306518,5.7452445,3.5536258,1.4700875,0.54750305,0.15642238,0.11590394,2.4317915,25.966555,44.939003,25.142946,15.614518,72.46123,58.787292,4.139323,0.6810196,3.4717987,2.356755,0.7218094,17.66243,37.976593,18.385834,3.2304387,108.76981,52.35762,5.8307943,0.0,2.924039,6828.011497111655,403.0
Quebec,-74.308672,49.893133,0,0,0,0,0,1,0,0,0,0,0,0,0,0,0,0,0,0,0,0,0,0,0,1,1,0,0,0,0,0,0,0,0,0,0,0,0,0,0,0,0,1,0,0,0,0,0,0,0,0,0,0,0,0,0,0,0,0,0,0,0,0,0,0,0,0,0,0,0,0,0,0,0,0,0,0,0,0,0,0,0,0,0,0,0,1,0,0,0,0,0,0,0,0,0,0,0,0,0,0,0,0,0,0,0,0,1,0,POINT (1455767.0213544792 338057.88478992623),21730,58.1157,16.547947,7.3863044,3.306518,5.7452445,3.5536258,1.4700875,0.54750305,0.15642238,0.11590394,2.4317915,25.966555,44.939003,25.142946,15.614518,72.46123,58.787292,4.139323,0.6810196,3.4717987,2.356755,0.7218094,17.66243,37.976593,18.385834,3.2304387,108.76981,52.35762,5.8307943,0.0,2.924039,4657.153452972101,385.0
Quebec,-74.305286,49.959221,0,0,0,0,0,1,0,0,0,0,0,0,0,0,0,0,0,0,0,0,0,0,0,0,1,0,0,0,0,0,0,0,0,0,0,0,0,0,0,0,0,1,0,0,0,0,0,0,0,0,0,0,0,0,0,0,0,0,0,0,0,0,0,0,0,0,0,0,0,0,0,0,0,0,0,0,0,0,0,0,0,0,0,0,0,1,0,0,0,0,0,0,0,0,0,0,0,0,0,0,0,0,0,0,0,0,0,0,POINT (1453655.3064405562 345076.27156067366),22165,55.579826,15.818899,9.105327,4.3756175,6.671388,3.3246887,1.7356542,0.62258846,0.1378911,0.14960022,1.7821012,52.500187,57.926983,31.539553,22.354567,56.571262,91.96407,5.343965,0.85810244,2.601817,2.6830857,0.69657385,19.204292,39.323914,19.39169,2.8847945,151.14845,17.288675,5.83076,0.0,2.9256606,6132.114962771971,427.0
Quebec,-74.275314,49.889332,0,0,0,0,0,0,0,0,0,0,0,0,0,0,0,0,0,0,0,0,0,0,0,0,1,0,0,0,0,0,0,0,0,0,0,0,0,0,0,0,0,1,0,0,0,0,0,0,0,0,0,0,0,0,0,0,0,0,0,0,0,0,0,0,0,0,0,0,0,0,0,0,0,0,0,0,0,0,0,0,0,0,0,0,0,1,0,0,0,0,0,0,0,0,0,0,0,0,0,0,0,0,0,0,0,0,0,0,POINT (1458165.2653098544 338422.7650159241),21730,58.1157,16.547947,7.3863044,3.306518,5.7452445,3.5536258,1.4700875,0.54750305,0.15642238,0.11590394,2.4317915,25.966555,44.939003,25.142946,15.614518,72.46123,58.787292,4.139323,0.6810196,3.4717987,2.356755,0.7218094,17.66243,37.976593,18.385834,3.2304387,108.76981,52.35762,5.8307943,0.0,2.924039,2419.443059421812,387.0
Quebec,-74.213339,46.303527,0,0,0,0,0,0,0,0,0,0,0,0,0,0,0,0,0,0,0,0,0,0,0,0,0,0,0,0,0,0,0,0,0,0,0,0,0,0,0,0,0,0,0,0,0,0,0,0,0,0,0,0,0,0,0,0,0,0,0,0,0,0,0,0,0,0,0,0,0,0,0,0,0,0,0,1,0,0,0,0,0,0,0,0,0,0,0,0,0,0,0,0,0,0,0,0,0,0,0,0,0,0,0,0,0,0,0,0,POINT (1590840.475829322 -39173.15061595037),5175,52.485203,10.73162,5.9904523,0.87937844,7.9150615,2.5288672,3.1867964,0.8298743,0.45230862,0.07021177,3.878242,132.7648,120.93904,66.48154,32.83233,46.93659,87.899994,9.335485,3.1590605,1.1397557,10.475798,1.5578748,40.61158,102.75805,66.15049,9.588159,126.31957,3.1854506,6.1042523,0.0,2.8330793,1178.9458804639382,443.0
Quebec,-74.199214,49.93249,0,0,0,0,0,0,0,0,0,0,0,0,0,0,0,0,0,0,0,0,0,0,0,0,1,0,0,0,0,0,0,0,0,0,0,0,0,0,0,0,0,1,0,0,0,0,0,0,0,0,0,0,0,0,0,0,0,0,0,0,1,0,0,0,0,0,0,0,0,0,0,0,0,0,0,0,0,0,0,0,0,0,0,0,0,0,0,0,0,0,0,0,0,0,0,0,0,0,0,0,0,0,0,0,0,0,0,0,POINT (1461790.98374626 344700.7886336813),21730,58.1157,16.547947,7.3863044,3.306518,5.7452445,3.5536258,1.4700875,0.54750305,0.15642238,0.11590394,2.4317915,25.966555,44.939003,25.142946,15.614518,72.46123,58.787292,4.139323,0.6810196,3.4717987,2.356755,0.7218094,17.66243,37.976593,18.385834,3.2304387,108.76981,52.35762,5.8307943,0.0,2.924039,5030.369063678281,408.0
Quebec,-74.191811,49.908567,0,0,0,0,0,0,0,0,0,0,0,0,0,0,0,0,0,0,0,0,0,0,0,0,1,0,0,0,0,0,0,0,0,0,0,0,0,0,0,0,0,1,0,0,0,0,0,0,0,0,0,0,0,0,0,0,0,0,0,0,0,0,0,0,0,0,0,0,0,0,0,0,0,0,0,0,0,0,0,0,0,0,0,0,0,1,0,0,0,0,0,0,0,0,0,0,0,0,0,0,0,0,0,0,0,0,0,0,POINT (1463144.6274936334 342359.9093065628),21730,58.1157,16.547947,7.3863044,3.306518,5.7452445,3.5536258,1.4700875,0.54750305,0.15642238,0.11590394,2.4317915,25.966555,44.939003,25.142946,15.614518,72.46123,58.787292,4.139323,0.6810196,3.4717987,2.356755,0.7218094,17.66243,37.976593,18.385834,3.2304387,108.76981,52.35762,5.8307943,0.0,2.924039,3931.703803538674,386.0
Quebec,-74.106777,49.761783,0,0,0,0,0,0,0,0,0,0,0,0,0,0,0,0,0,0,0,0,0,0,0,0,1,0,0,0,0,0,0,0,0,0,0,0,0,0,0,0,0,1,0,0,0,0,0,0,0,0,0,0,0,0,0,0,0,0,0,0,0,0,0,0,0,0,0,0,0,0,0,0,0,0,0,0,0,0,0,0,0,0,0,0,0,1,0,0,0,0,0,0,0,0,0,0,0,0,0,0,0,0,0,0,0,0,1,0,POINT (1474157.9831625535 328915.2371116248),21295,59.452,16.400064,6.3156247,3.112963,5.19094,3.676107,1.5721322,0.4431012,0.1450921,0.09408936,1.712974,15.375118,48.3761,21.355095,16.24868,117.03101,64.230576,3.9839838,0.7220858,2.3948178,2.040454,0.6119104,16.51674,35.138123,16.647766,3.3470814,88.28258,30.194662,5.830817,0.0,2.922349,4297.119422958981,442.0
Quebec,-74.08251,45.71678,0,0,0,0,0,0,0,0,0,0,0,0,0,0,0,0,0,0,0,0,0,0,0,0,0,0,0,0,0,0,0,0,0,0,0,0,0,0,0,0,0,0,0,0,0,0,0,0,0,0,0,0,0,0,0,0,0,0,0,0,0,0,0,0,0,0,0,0,0,0,0,0,0,0,0,0,0,0,0,0,0,0,0,0,1,0,0,0,0,0,0,0,0,0,0,0,0,0,0,0,0,0,0,0,0,0,0,0,POINT (1621820.521912676 -98395.93109169301),2562,18.183653,4.7043,2.3148704,3.8077602,23.7472,1.4131635,1.9200373,0.31376362,0.17119178,0.06566947,0.98545086,8.508055,23.57036,7.7692647,9.576283,43.5879,27.798563,6.344149,1.835617,1.4469441,2.1072035,0.61956835,19.70257,36.50935,35.393497,3.1218789,74.19127,1.6256443,6.153874,0.0,2.8137395,2426.3592116469054,77.0
Quebec,-74.030238,45.501019,0,0,0,0,0,0,0,0,0,0,0,0,0,0,0,0,0,0,0,0,0,0,0,0,0,0,0,0,0,0,0,0,0,0,0,0,0,0,0,0,0,0,0,0,0,0,0,0,0,0,0,0,0,0,0,0,1,0,0,0,0,0,0,0,1,0,0,0,0,0,0,0,0,0,0,0,0,1,0,0,0,0,0,0,0,0,0,0,0,0,0,0,0,0,0,0,0,0,0,0,0,0,0,0,0,0,0,0,POINT (1633601.9615776306 -120080.21670862967),1691,18.957302,4.348594,2.5624638,4.798643,20.524553,1.6572701,2.426888,0.26265964,0.13739005,0.08017664,1.1165273,5.803197,2.5007665,0.80066526,4.5055456,11.988879,7.514777,4.717625,1.4622529,3.5878444,1.2643315,0.63339776,8.266893,18.80283,10.998803,1.3200947,8.823118,0.61371267,6.1400833,0.0,2.8516686,3602.6437248127,111.0
Quebec,-73.972543,45.123624,0,0,0,0,0,0,0,0,0,0,0,0,0,0,0,0,0,0,0,0,0,0,0,0,0,0,0,0,0,0,0,0,0,0,0,0,0,0,0,0,0,0,0,0,0,0,0,0,0,0,0,0,0,0,0,0,0,0,0,0,0,0,0,0,0,0,0,0,0,0,0,0,0,0,0,0,0,0,0,0,0,0,0,0,1,0,0,0,0,0,0,0,0,0,0,0,0,0,0,0,0,0,0,0,0,0,0,0,POINT (1651763.4694856843 -158900.4225227903),385,42.91783,1.8568516,1.0434988,3.3397865,15.75939,0.14742285,1.319494,0.10848669,0.07149337,0.05094084,1.8658491,9.038783,5.558428,2.1939313,5.6721396,19.630606,11.752869,6.7934084,2.582695,7.8820662,1.7578541,0.92592865,10.4169235,25.198496,12.762193,1.3471826,12.799748,0.5016495,6.124391,0.0,2.8899953,9073.28675346971,40.0
Quebec,-73.938671,45.313175,0,0,0,0,0,0,0,0,0,0,0,0,0,0,0,0,0,0,0,0,0,0,0,0,0,0,0,0,0,0,0,0,0,0,0,0,0,0,0,0,0,0,0,0,0,0,0,0,0,0,0,0,0,0,0,0,0,0,0,0,0,0,0,0,0,0,0,0,0,0,0,0,0,0,0,0,0,0,0,0,0,0,0,0,1,0,0,0,0,0,0,0,0,0,0,0,0,0,0,0,0,0,0,0,0,0,0,0,POINT (1647365.5085878235 -137772.11409779996),821,34.882572,1.9385905,1.0188996,3.4582765,19.118513,0.118090264,1.552944,0.098332234,0.07072127,0.05219628,1.6278201,8.865502,5.5491815,1.947438,6.0725574,20.066576,12.6796,6.596895,2.4244049,7.316752,1.9150645,0.9703496,11.345986,27.749043,12.318131,1.5667039,13.592812,0.52021825,6.241132,0.0,2.8775952,3449.993034419801,23.0
Quebec,-73.811065,50.238014,0,0,0,0,0,0,0,0,0,0,0,0,0,0,0,0,0,0,0,0,0,0,0,0,1,0,0,0,0,0,0,0,0,0,0,0,0,0,0,0,0,0,0,0,0,0,0,0,0,0,0,0,0,0,0,0,0,0,0,0,0,0,0,0,0,0,0,0,0,0,0,0,0,0,0,0,0,0,0,0,0,0,0,0,0,1,0,0,0,0,0,0,0,0,0,0,0,0,0,0,0,0,0,0,0,0,1,0,POINT (1476994.164537542 385686.27690332563),23912,56.01073,5.871235,6.5580006,9.019517,13.313949,1.9281775,0.9226247,0.3862633,1.1958836,0.10803931,5.320837,20.763304,174.17026,36.43334,16.259577,441.84116,71.60833,5.543794,0.8189094,2.3477378,3.7149584,0.9191778,27.108358,57.984627,25.432785,4.265216,98.463326,10.669454,5.9876013,0.0,2.9500875,5257.566070423441,373.738
Quebec,-73.671588,61.681668,0,0,0,0,0,0,0,0,0,0,0,0,0,0,0,0,0,0,0,0,0,0,0,1,1,0,0,0,0,0,0,0,0,0,0,0,0,0,0,0,0,1,0,0,0,0,0,0,0,0,0,0,0,0,0,0,0,0,0,0,0,0,0,1,0,0,1,0,0,1,0,0,0,0,0,0,0,0,0,0,0,0,0,0,0,0,0,0,0,0,0,0,0,0,0,0,0,0,0,0,0,0,0,0,0,0,0,0,POINT (1075375.3329003926 1568272.3301013878),75320,45.68145,6.5445323,11.265223,17.199577,8.318528,0.6297535,0.32642922,0.42948976,0.051016003,0.14252177,0.78820187,182.87779,758.76825,103.76715,8.950829,1739.518,96.515465,5.363276,1.1167899,2.1898317,0.98735255,0.22306332,4.837388,9.056575,7.51231,3.204283,135.94437,0.934478,5.93859,0.0,2.8410969,4936.9729835723365,522.089
Quebec,-73.644215,45.138417,0,0,0,0,0,0,0,0,0,0,0,0,0,0,0,0,0,0,0,0,0,0,0,0,0,0,0,0,0,0,0,0,0,0,0,0,0,0,0,0,0,0,0,0,0,0,0,0,0,0,0,0,0,0,0,0,0,0,0,0,0,0,0,0,0,0,0,0,0,0,0,0,0,0,0,0,0,0,0,0,0,0,0,0,1,0,0,0,0,0,0,0,0,0,0,0,0,0,0,0,0,0,0,0,0,0,0,0,POINT (1676035.162011725 -148731.8166049326),388,64.09327,1.1459196,0.665248,0.5793808,8.939318,0.10879799,0.8740375,0.08808885,0.02814335,0.02764243,1.1122098,11.15855,198.49489,1.6439075,13.063337,138.33565,23.413479,12.395312,3.6384637,7.8802104,3.0977125,12.311197,14.317777,30.782045,14.852001,2.2005205,23.535036,0.7287305,6.237505,0.0,2.894353,4162.783993194262,49.0
Quebec,-73.637762,45.099606,0,0,0,0,0,0,0,0,0,0,0,0,0,0,0,0,0,0,0,0,0,0,0,0,0,0,0,0,0,0,0,0,0,0,0,0,0,0,0,0,0,0,0,0,0,0,0,0,0,0,0,0,0,0,0,0,0,0,0,0,0,0,0,0,0,0,0,0,0,0,0,0,0,0,0,0,0,0,0,0,0,0,0,0,1,0,0,0,0,0,0,0,0,0,0,0,0,0,0,0,0,0,0,0,0,0,0,0,POINT (1677967.9144267663 -152702.66414678658),388,64.09327,1.1459196,0.665248,0.5793808,8.939318,0.10879799,0.8740375,0.08808885,0.02814335,0.02764243,1.1122098,11.15855,198.49489,1.6439075,13.063337,138.33565,23.413479,12.395312,3.6384637,7.8802104,3.0977125,12.311197,14.317777,30.782045,14.852001,2.2005205,23.535036,0.7287305,6.237505,0.0,2.894353,3381.6541695023675,63.0
Quebec,-73.4717,46.004861,0,0,0,0,0,0,0,0,0,0,0,0,0,0,0,0,0,0,0,0,0,0,0,0,0,0,0,0,0,0,0,0,0,0,0,0,0,0,0,0,0,0,0,0,0,0,0,0,0,0,0,1,0,0,0,0,0,0,0,0,0,0,0,0,0,0,0,0,0,0,0,0,0,0,0,0,0,0,0,0,0,0,0,0,0,0,0,0,0,0,0,0,0,0,0,0,0,0,0,0,0,0,0,0,0,0,0,0,POINT (1656610.2349907293 -51996.100313357354),4746,2.3189967,0.5513755,0.3717527,0.7621253,50.54379,0.2643421,0.28853148,0.030832497,0.13051361,0.0348656,3.1750531,79.289406,14.571009,45.697926,10.179465,69.822014,14.802927,2.7402477,1.4018605,2.2168365,1.4575679,0.61553496,17.72658,18.460285,9.393232,5.6455994,70.46251,6.088278,6.1870584,0.0,2.7797787,3933.836081879994,36.0
Quebec,-73.014601,45.114415,0,0,0,0,0,0,0,0,0,0,0,0,0,0,0,0,0,0,0,0,0,0,0,0,0,0,0,0,0,0,0,0,0,0,0,0,0,0,0,0,0,0,0,0,0,0,0,0,0,0,0,1,0,0,0,0,0,0,0,0,0,0,0,0,0,0,0,0,0,0,0,0,0,0,0,0,0,0,0,0,0,0,0,0,0,0,0,0,0,0,0,0,0,0,0,0,0,0,0,0,0,0,0,0,0,0,0,0,POINT (1724413.4586396606 -134458.23441463444),1264,27.276154,5.456479,5.0824466,4.355397,20.067259,1.6773417,1.9718921,0.43489596,1.856361,0.0906811,53.690178,19.119682,409.65018,16.277754,25.933935,520.0013,58.21725,29.148014,6.7072234,9.302563,7.0533843,29.703707,30.23585,50.1663,42.241352,13.807843,105.61439,0.84223497,6.166016,0.0,2.8780234,6273.269204593857,46.0
Quebec,-72.78426359,47.43884808,0,0,0,0,0,0,0,0,0,0,0,0,0,0,0,0,0,0,0,0,0,0,0,0,1,0,0,0,0,0,0,0,0,0,0,0,0,0,0,0,0,0,0,0,0,0,0,0,0,0,0,0,0,0,0,0,0,0,0,0,0,0,0,1,0,0,0,0,0,0,0,0,0,0,0,0,0,0,0,0,0,0,0,0,0,0,0,0,0,0,0,0,0,0,0,0,0,0,0,0,0,0,0,0,0,0,0,0,POINT (1652306.5701016686 117386.74585446018),12157,57.545334,15.165884,8.206026,3.015345,5.7620087,3.3944156,1.9464679,0.6690871,0.17589831,0.14360331,4.51563,47.74368,36.023243,31.307032,9.578744,56.58571,121.25396,13.961162,2.940851,1.4575593,6.599357,1.2513264,35.64525,78.79844,45.097134,8.090296,154.88698,0.4667051,6.141743,0.0,2.8418033,3485.7644541281675,167.0
Quebec,-72.46525171,46.40732539,0,0,0,0,0,0,0,0,0,0,0,0,0,0,0,0,0,0,0,0,0,0,0,0,0,0,0,0,0,0,0,0,0,0,0,0,0,0,0,0,0,0,0,0,0,0,0,0,1,0,0,0,0,0,0,0,0,0,0,0,0,0,0,0,0,0,0,0,0,0,0,0,0,0,0,0,0,0,0,0,0,0,0,0,0,0,0,0,0,0,0,0,0,0,0,0,0,0,0,0,0,0,0,0,0,0,0,0,POINT (1715163.5756238997 17256.281048533474),7804,44.23488,4.1983337,4.279815,0.96134865,16.477303,1.7348384,0.79977477,0.28332436,0.16507779,0.06101603,125.225204,394.4684,10.862689,7.794283,16.337563,530.8674,50.968327,13.5852585,4.4603586,3.6449327,16.439571,85.16674,15.59758,32.925304,43.266438,7.149788,62.262016,8.990324,6.1438117,0.0,2.8280532,5560.091971408578,16.0
Quebec,-72.462985,46.426221,0,0,0,0,0,0,0,0,0,0,0,0,0,0,0,0,0,0,0,0,0,0,0,0,0,0,0,0,0,0,0,0,0,0,0,0,0,0,0,0,0,0,0,0,0,0,0,0,1,0,0,0,0,0,0,0,0,0,0,0,0,0,0,0,0,0,0,0,0,0,0,0,0,0,0,0,0,0,0,0,0,0,0,0,0,0,0,0,0,0,0,0,0,0,0,0,0,0,0,0,0,0,0,0,0,0,0,0,POINT (1714592.18593971 19308.664509620245),7803,39.53204,3.3180716,3.5504034,0.9997866,18.42621,1.2759185,0.6872924,0.22874093,0.1497056,0.04858379,165.04132,20.175047,28.192707,10.177908,16.10239,525.08813,36.05292,12.222525,4.208269,1.048908,15.676092,76.3107,14.303866,21.61499,46.3169,6.7836833,57.793846,8.711795,6.1474066,0.0,2.8263245,4644.322000402173,31.0
Quebec,-72.401157,45.095201,0,0,0,0,0,0,0,0,0,0,0,0,0,0,0,0,0,0,0,0,0,0,0,0,0,0,0,0,0,0,0,0,0,0,0,0,0,0,0,0,0,0,0,0,0,0,0,0,0,0,0,0,0,0,0,0,0,0,0,0,0,0,0,0,0,0,0,0,0,0,0,0,0,0,0,0,0,0,0,0,0,0,0,0,0,0,0,0,0,0,1,0,0,0,0,1,0,0,0,0,0,0,0,0,0,0,0,0,POINT (1771271.4957295733 -119640.68408170725),1705,54.78159,15.371956,8.353543,4.125521,6.2761765,2.1917303,1.292891,1.031938,0.13523023,0.15001544,6.514385,37.38096,68.355385,28.67,30.504795,106.032104,83.95059,16.833347,4.0,2.7565565,3.5079608,1.4485725,13.982705,26.574564,18.131489,10.060296,182.24086,3.8569913,6.1453214,0.0,2.8902805,1321.304126254695,241.0
Quebec,-72.34215503,46.82744292,0,0,0,0,0,0,0,0,0,0,0,0,0,0,0,0,0,0,0,0,0,0,0,0,0,0,0,0,0,0,0,0,0,0,0,0,0,0,0,0,0,1,0,0,0,0,0,0,0,0,1,0,0,0,0,0,0,0,0,0,0,0,0,0,0,0,0,0,0,0,0,0,0,0,0,0,0,0,0,0,0,0,0,0,0,1,0,0,0,0,0,0,0,0,0,0,0,0,0,0,0,0,0,0,0,0,1,0,POINT (1707686.102976908 64788.295543988315),9547,59.00919,13.097495,7.6391263,2.152508,6.414026,2.9251022,1.4505914,0.7001842,0.1893462,0.10945184,28.156685,51.195057,49.96928,28.569801,16.685753,560.98846,88.54465,12.565625,3.1415014,0.75925153,6.1880183,2.1470406,20.419935,40.18773,41.77616,8.878453,119.3133,10.892738,6.144582,0.0,2.8285308,5318.1758486354,168.0
Quebec,-72.331764,45.263786,0,0,0,0,0,0,0,0,0,0,0,0,0,0,0,0,0,0,0,0,0,0,0,0,1,0,0,0,0,0,0,0,0,0,0,0,0,0,0,0,0,1,0,0,0,0,0,0,0,0,0,0,0,0,0,0,0,0,0,0,0,0,0,0,0,0,0,0,0,0,0,0,0,0,0,0,0,0,0,0,0,0,0,0,0,1,0,0,0,0,0,0,0,0,0,0,0,0,0,0,0,0,0,0,0,0,0,0,POINT (1769833.5796690155 -99855.99158243932),2577,51.189957,13.616821,6.8077984,2.4217193,5.1591735,2.537406,0.72168934,0.6440662,0.13815531,0.16297223,5.8268986,29.21597,110.76074,22.120914,23.468506,435.09274,76.3667,22.04721,3.862146,14.581351,4.845064,1.4005208,16.76277,30.322243,22.018484,8.405726,83.38864,1.8151555,6.1425986,0.0,2.887224,220.00224444706132,260.0
Quebec,-72.190579,52.813913,0,0,0,0,0,0,0,0,0,0,0,0,0,0,0,0,0,0,0,0,0,0,0,0,0,1,0,0,0,0,0,0,0,0,0,0,0,0,0,0,0,0,0,0,0,0,0,0,0,0,0,0,0,0,0,0,0,0,0,0,0,0,0,0,0,0,0,0,0,0,0,0,0,0,0,0,0,0,0,0,0,0,0,0,0,0,0,0,0,0,0,0,0,0,0,0,0,0,0,0,0,0,0,0,0,0,0,0,POINT (1485567.93660604 690652.5301324019),36993,63.261578,12.556265,5.3767805,2.3815267,2.9194267,3.292986,2.8431172,0.34159118,0.08451556,0.07277061,1.8547374,28.231318,270.98062,27.081713,14.0742,568.25226,42.635014,18.033993,1.2691635,1.1791829,8.286312,1.0609047,25.045631,50.576824,20.147602,2.6562195,72.10385,0.3799374,6.0598345,0.0,2.9150574,4480.282528293769,514.103
Quebec,-72.143569,48.299659,0,0,0,0,0,0,0,0,0,0,0,0,0,0,0,0,0,0,0,0,0,0,0,0,0,0,0,0,0,0,0,0,0,0,0,0,0,0,0,0,0,0,0,0,0,0,0,0,0,0,0,0,0,0,0,0,0,0,0,0,0,0,0,0,0,0,0,0,0,0,0,0,0,0,0,1,0,0,0,0,0,0,0,0,0,0,0,0,0,0,0,0,0,0,0,0,0,0,0,0,0,0,0,0,0,0,0,0,POINT (1664109.5161927212 224265.44636986736),16518,61.63377,15.315274,7.210073,1.7411354,4.053661,3.70935,3.12626,1.0804931,0.34805846,0.10029264,1.3586247,17.48212,19.795826,15.179871,8.351913,42.650944,106.92432,26.768898,1.3467737,1.0720184,13.420488,13.515956,51.379852,106.003174,56.67311,17.65705,89.12045,4.4785223,6.1279182,0.0,2.8833406,5922.968976502668,338.0
Quebec,-71.961305,45.748462,0,0,0,0,0,0,0,0,0,0,0,0,0,0,0,0,0,0,0,0,0,0,0,0,0,0,0,0,0,0,0,0,0,0,0,0,0,0,0,0,0,0,0,0,0,0,0,0,0,0,0,0,0,0,0,0,1,0,0,0,0,0,0,0,0,0,0,0,0,0,0,0,0,0,0,0,0,0,0,0,0,0,0,0,0,0,0,0,0,0,0,0,0,0,0,0,0,0,0,0,0,0,0,0,0,0,0,0,POINT (1778117.994912658 -38338.40594430492),5194,45.02556,6.5983253,14.241672,1.9109758,2.397932,1.6775687,1.080256,0.6013199,0.15820457,0.07866002,16.797535,362.41458,66.47768,35.25855,20.726252,125.444466,94.15928,21.345364,4.730279,38.56874,6.154562,1.6841933,13.722174,30.451765,39.005333,12.87315,96.734375,2.1114004,6.1377625,0.0,2.8319044,2510.583310615917,262.0
Quebec,-71.959127,45.318923,0,0,0,0,0,0,0,0,0,0,0,0,0,0,0,0,0,0,0,0,0,0,0,0,1,0,0,0,0,0,0,0,0,0,0,0,0,0,0,0,0,1,0,0,0,0,0,0,0,0,1,0,0,0,0,0,0,0,0,0,0,0,0,0,0,0,0,0,0,0,0,0,0,0,0,0,0,0,0,0,0,0,0,0,0,1,0,0,0,0,0,0,0,0,0,0,0,0,0,0,0,0,0,0,0,0,1,0,POINT (1795448.233664702 -83583.88272939083),3452,62.436356,4.666862,7.454942,3.1598427,0.6045451,0.746755,0.41328856,0.22460812,0.07988483,0.16900215,11.58772,355.2768,258.5979,32.930546,7.670394,732.8038,52.497326,16.03375,3.780295,47.705837,5.6426735,2.8064435,9.3340225,22.862997,23.844006,5.3950586,59.793053,1.5783714,6.0291677,0.0,2.7990134,5793.278579379249,355.0
Quebec,-71.95,45.76972,0,0,0,0,0,0,1,0,0,0,0,0,0,0,0,0,0,0,0,0,0,0,0,0,0,0,0,0,0,0,0,0,0,0,0,0,0,0,0,0,0,0,0,0,0,0,0,0,0,0,0,0,0,0,0,0,0,0,0,0,0,0,0,0,0,0,0,0,0,0,0,0,0,0,0,0,0,0,0,0,0,0,0,0,0,0,0,0,0,0,0,0,0,0,0,0,0,0,0,0,0,0,0,0,0,0,0,0,POINT (1778102.7932758923 -35782.44692243358),5194,45.02556,6.5983253,14.241672,1.9109758,2.397932,1.6775687,1.080256,0.6013199,0.15820457,0.07866002,16.797535,362.41458,66.47768,35.25855,20.726252,125.444466,94.15928,21.345364,4.730279,38.56874,6.154562,1.6841933,13.722174,30.451765,39.005333,12.87315,96.734375,2.1114004,6.1377625,0.0,2.8319044,4624.586464451727,216.0
Quebec,-71.9476,45.7751,0,0,0,0,0,0,0,0,0,0,0,0,0,0,0,0,0,0,0,1,0,0,0,0,0,0,0,0,0,0,0,0,0,0,0,0,0,0,0,0,0,0,0,0,0,0,0,0,0,0,0,0,0,0,0,0,0,0,0,0,0,0,0,0,0,0,0,0,0,0,0,0,0,0,0,0,0,0,0,0,0,0,0,0,0,0,0,0,0,0,0,0,0,0,0,0,0,0,0,0,0,0,0,0,0,0,0,0,POINT (1778064.8305158615 -35148.528871623355),5194,45.02556,6.5983253,14.241672,1.9109758,2.397932,1.6775687,1.080256,0.6013199,0.15820457,0.07866002,16.797535,362.41458,66.47768,35.25855,20.726252,125.444466,94.15928,21.345364,4.730279,38.56874,6.154562,1.6841933,13.722174,30.451765,39.005333,12.87315,96.734375,2.1114004,6.1377625,0.0,2.8319044,5223.139107833734,204.0
Quebec,-71.905729,45.34757,0,0,0,0,0,0,0,0,0,0,0,0,0,0,0,0,0,0,0,0,0,0,0,0,1,0,0,0,0,0,0,0,0,0,0,0,0,0,0,0,0,0,0,0,0,0,0,0,0,0,1,0,0,0,0,0,0,0,0,0,0,0,0,0,0,0,0,0,0,0,0,0,0,0,0,0,0,0,0,0,0,0,0,0,0,1,0,0,0,0,0,0,0,0,0,0,0,0,0,0,0,0,0,0,0,0,1,0,POINT (1798276.3496005493 -79051.57079601384),3452,62.436356,4.666862,7.454942,3.1598427,0.6045451,0.746755,0.41328856,0.22460812,0.07988483,0.16900215,11.58772,355.2768,258.5979,32.930546,7.670394,732.8038,52.497326,16.03375,3.780295,47.705837,5.6426735,2.8064435,9.3340225,22.862997,23.844006,5.3950586,59.793053,1.5783714,6.0291677,0.0,2.7990134,1967.2865238848383,307.0
Quebec,-71.841887,45.816926,0,0,0,0,0,0,0,0,0,0,0,0,0,0,0,0,0,0,0,1,0,0,0,0,0,0,0,0,0,0,0,0,0,0,0,0,0,0,0,0,0,0,0,0,0,0,0,0,0,0,0,0,0,0,0,0,0,0,0,0,0,0,0,0,0,0,0,0,0,0,0,0,0,0,0,0,0,0,0,0,0,0,0,0,0,0,0,0,0,0,0,0,0,0,0,0,0,0,0,0,0,0,0,0,0,0,0,0,POINT (1784177.9570844888 -27783.483461212487),5630,45.91172,6.9109235,14.169136,2.048602,2.5610845,1.9753711,1.0044192,0.64174604,0.22400934,0.07875252,12.715563,437.71576,58.62444,34.13355,20.2526,137.97113,106.77612,28.351364,3.505294,37.164864,4.9527955,1.7320036,13.949124,34.85377,41.77285,13.832042,80.186676,1.8295035,6.0023923,0.0,2.8250718,4729.388578513935,223.0
Quebec,-71.68163026,45.2036193,0,0,0,0,0,0,0,0,0,0,0,0,0,0,0,0,0,0,0,0,0,0,0,0,0,0,0,0,0,0,0,0,0,0,0,0,0,0,0,0,0,0,0,0,0,0,0,0,0,0,0,0,0,0,0,0,0,0,0,0,0,0,0,0,0,0,0,0,0,0,0,0,0,0,0,0,0,0,0,0,0,0,0,0,1,0,0,0,0,0,0,0,0,0,0,0,0,0,0,0,0,0,0,0,0,0,0,0,POINT (1820768.3233223422 -87862.26446724006),3018,66.53821,10.8822155,4.7771564,1.8427328,3.6742573,2.6319003,1.950278,0.52222353,0.19718812,0.14689116,6.7793355,325.92834,29.498344,8.885809,15.456915,136.34984,30.044544,12.930113,2.87008,16.828506,9.643503,1.5152146,16.955217,32.131546,32.034145,7.2467527,43.488106,2.326188,6.0150185,0.0,2.8012018,2271.528935775609,389.0
Quebec,-71.604558,45.617966,0,0,0,0,0,0,0,0,0,0,0,0,0,0,0,0,0,0,0,0,0,0,0,0,0,0,0,0,0,0,0,0,0,0,0,0,0,0,0,0,0,0,0,0,0,0,0,0,0,0,0,1,0,0,0,0,0,0,0,0,0,0,0,0,0,0,0,0,0,0,0,0,0,0,0,0,0,0,0,0,0,0,0,0,0,0,0,0,0,0,0,0,0,0,0,0,0,0,0,0,0,0,0,0,0,0,0,0,POINT (1809698.0431289468 -42017.57256872389),5197,59.97508,13.276647,5.164863,2.5879092,5.578942,2.5374923,1.4457024,0.4528846,0.12443518,0.10540209,12.427586,29.548937,50.257355,27.022358,29.956251,81.12165,74.826744,99.72078,5.4580173,31.05997,6.979522,4.612041,24.029867,32.133743,30.901459,6.9183145,129.52898,1.0707362,5.9803967,0.0,2.8285735,2039.8546242432303,208.0
Quebec,-71.59098,45.63318,0,0,0,0,0,0,0,0,0,0,0,0,0,0,0,0,0,0,0,0,0,0,0,0,0,0,0,0,0,0,0,0,0,0,0,0,0,0,0,0,0,0,0,0,0,0,0,0,0,0,0,1,0,0,0,0,0,0,0,0,0,0,0,0,0,0,0,0,0,0,0,0,0,0,0,0,0,0,0,0,0,0,0,0,0,0,0,0,0,0,0,0,0,0,0,0,0,0,0,0,0,0,0,0,0,0,0,0,POINT (1810083.3394560316 -40030.6323662111),5197,59.97508,13.276647,5.164863,2.5879092,5.578942,2.5374923,1.4457024,0.4528846,0.12443518,0.10540209,12.427586,29.548937,50.257355,27.022358,29.956251,81.12165,74.826744,99.72078,5.4580173,31.05997,6.979522,4.612041,24.029867,32.133743,30.901459,6.9183145,129.52898,1.0707362,5.9803967,0.0,2.8285735,89.20474463513456,260.0
Quebec,-71.37278,45.70389,0,0,0,0,0,0,0,0,0,0,0,0,0,0,0,0,0,0,0,0,0,0,0,0,0,0,0,0,0,0,0,0,0,0,0,0,0,0,0,0,0,1,0,0,0,0,0,0,0,0,0,0,0,0,0,0,0,0,0,0,0,0,0,0,0,0,0,0,0,0,0,0,0,0,0,0,0,0,0,0,0,0,0,0,0,1,0,0,0,0,0,0,0,0,0,0,0,0,0,0,0,0,0,0,0,0,1,0,POINT (1823282.7547789395 -26366.147408579993),5634,54.614098,16.301327,6.5025396,3.7972045,6.810124,2.8345199,1.3658484,0.6087561,0.114497624,0.112545885,25.556889,33.9654,64.23156,34.807953,31.991163,154.00375,76.35468,52.50793,4.464432,22.14544,6.110939,3.3031878,17.96293,26.404085,36.41486,7.047384,174.04109,1.3444053,5.96944,0.0,2.8298233,4897.102918470579,304.0
Quebec,-71.371148,45.704854,0,0,0,0,0,0,0,0,0,0,0,0,0,0,1,0,0,0,0,0,0,0,0,0,1,0,0,0,0,0,0,0,0,0,0,0,0,0,0,0,0,1,0,0,0,0,0,0,0,0,1,0,0,0,0,0,0,0,0,0,0,0,0,0,0,0,0,0,0,0,0,0,0,0,0,0,0,0,0,0,0,0,0,0,0,1,0,0,0,0,0,0,0,0,0,0,0,0,0,0,0,0,0,0,0,0,1,0,POINT (1823363.4057643642 -26218.122395240436),5634,54.614098,16.301327,6.5025396,3.7972045,6.810124,2.8345199,1.3658484,0.6087561,0.114497624,0.112545885,25.556889,33.9654,64.23156,34.807953,31.991163,154.00375,76.35468,52.50793,4.464432,22.14544,6.110939,3.3031878,17.96293,26.404085,36.41486,7.047384,174.04109,1.3444053,5.96944,0.0,2.8298233,5061.163855072418,304.0
Quebec,-71.3685,46.04863,0,0,0,0,0,0,1,0,0,0,0,0,0,0,0,0,0,0,0,0,0,0,0,0,0,0,0,0,0,0,0,0,0,0,0,0,0,0,0,0,0,0,0,0,0,0,0,0,0,0,0,0,0,0,0,0,0,0,0,0,0,0,0,0,0,0,0,0,0,0,0,0,0,0,0,0,0,0,0,0,0,0,0,0,0,0,0,0,0,0,0,0,0,0,0,0,0,0,0,0,0,0,0,0,0,0,0,0,POINT (1809502.1176747025 9934.06224866963),7377,46.81227,5.4072814,10.69246,8.834691,3.4148617,1.6586714,0.63325804,0.6254399,0.17975755,0.16228376,34.677895,1154.792,184.41405,43.598236,24.228254,559.81134,403.6727,27.958706,4.9158664,16.21727,4.139563,0.82317215,13.476393,112.272575,63.451225,13.267941,184.69456,1.543321,5.9645796,0.0,2.8306484,502.2599576619474,266.0
Quebec,-71.367745,46.025172,0,0,0,0,0,0,0,0,0,0,0,0,0,0,0,0,0,0,0,1,0,0,0,0,0,0,0,0,0,0,0,0,0,0,0,0,0,0,0,0,0,0,0,0,0,0,0,0,0,0,0,0,0,0,0,0,0,0,0,0,0,0,0,0,0,0,0,0,0,0,0,0,0,0,0,0,0,0,0,0,0,0,0,0,0,0,0,0,0,0,0,0,0,0,0,1,0,0,0,0,0,0,0,0,0,0,0,0,POINT (1810515.7388105486 7495.5698927633675),7377,46.81227,5.4072814,10.69246,8.834691,3.4148617,1.6586714,0.63325804,0.6254399,0.17975755,0.16228376,34.677895,1154.792,184.41405,43.598236,24.228254,559.81134,403.6727,27.958706,4.9158664,16.21727,4.139563,0.82317215,13.476393,112.272575,63.451225,13.267941,184.69456,1.543321,5.9645796,0.0,2.8306484,2557.0313327589683,65.0
Quebec,-71.345136,46.040489,0,0,0,0,0,0,0,0,0,0,0,0,0,0,0,0,0,0,0,1,0,0,0,0,0,0,0,0,0,0,0,0,0,0,0,0,0,0,0,0,0,0,0,0,0,0,0,0,0,0,0,0,0,0,0,0,0,0,0,0,0,0,0,0,0,0,0,0,0,0,0,0,0,0,0,0,0,0,0,0,0,0,0,0,0,0,0,0,0,0,0,0,0,0,0,0,0,0,0,0,0,0,0,0,0,0,0,0,POINT (1811540.8661185834 9745.471471512134),7377,46.81227,5.4072814,10.69246,8.834691,3.4148617,1.6586714,0.63325804,0.6254399,0.17975755,0.16228376,34.677895,1154.792,184.41405,43.598236,24.228254,559.81134,403.6727,27.958706,4.9158664,16.21727,4.139563,0.82317215,13.476393,112.272575,63.451225,13.267941,184.69456,1.543321,5.9645796,0.0,2.8306484,1561.732861468838,253.0
Quebec,-71.309266,45.771559,0,0,0,0,0,0,0,0,0,0,0,0,1,0,1,0,0,0,0,0,0,0,0,0,1,0,0,0,0,0,0,0,0,0,0,0,0,0,0,0,0,1,0,0,0,0,0,0,0,0,1,0,0,0,0,0,0,0,0,0,0,0,0,0,0,0,0,0,0,0,0,0,0,0,0,0,0,0,0,0,0,0,0,0,0,1,0,0,0,0,0,0,0,0,0,0,0,0,0,0,0,0,0,0,0,0,1,0,POINT (1825180.480873317 -17440.138984223613),6071,58.983406,15.392393,7.249677,3.3961875,4.6438503,3.0783787,1.4574647,0.9076088,0.16502173,0.09690526,43.142693,35.095222,45.91441,30.251116,41.949062,176.53305,90.56026,48.38379,4.31359,26.582695,7.167076,3.5236595,22.507662,38.66969,37.54892,9.484658,165.70338,5.1980405,5.9585423,0.0,2.830916,5456.987341176639,270.0
Quebec,-71.30111,46.08583,0,0,0,0,0,0,1,0,0,0,0,0,0,0,0,0,0,0,0,0,0,0,0,0,0,0,0,0,0,0,0,0,0,0,0,0,0,0,0,0,0,0,0,0,0,0,0,0,0,0,0,0,0,0,0,0,0,0,0,0,0,0,0,0,0,0,0,0,0,0,0,0,0,0,0,0,0,0,0,0,0,0,0,0,0,0,0,0,0,0,0,0,0,0,0,0,0,0,0,0,0,0,0,0,0,0,0,0,POINT (1812897.745718841 15752.76062107063),7813,49.551914,9.569679,11.506722,5.620131,5.548916,2.2775273,0.9645888,1.058027,0.18606085,0.17399327,9.581183,2175.5981,158.90218,34.795486,28.47785,584.70215,289.92578,29.7376,6.4845986,9.606051,5.723722,1.5930191,20.306257,130.34982,69.96371,12.706744,173.2126,1.812056,5.9610662,0.0,2.831222,5141.531019629714,318.0
Quebec,-71.300829,46.086168,0,0,0,0,0,0,0,0,0,0,0,0,0,0,0,0,0,0,0,1,0,0,0,0,0,0,0,0,0,0,0,0,0,0,0,0,0,0,0,0,0,0,0,0,0,0,0,0,0,0,0,0,0,0,0,0,0,0,0,0,0,0,0,0,0,0,0,0,0,0,0,0,0,0,0,0,0,0,0,0,0,0,0,0,0,0,0,0,0,0,0,0,0,0,0,0,0,0,0,0,0,0,0,0,0,0,0,0,POINT (1812904.3923725311 15796.192648881588),7813,49.551914,9.569679,11.506722,5.620131,5.548916,2.2775273,0.9645888,1.058027,0.18606085,0.17399327,9.581183,2175.5981,158.90218,34.795486,28.47785,584.70215,289.92578,29.7376,6.4845986,9.606051,5.723722,1.5930191,20.306257,130.34982,69.96371,12.706744,173.2126,1.812056,5.9610662,0.0,2.831222,5109.48836811525,318.0
Quebec,-71.30056,46.07861,0,0,0,0,0,0,1,0,0,0,0,0,0,0,0,0,0,0,0,0,0,0,0,0,0,0,0,0,0,0,0,0,0,0,0,0,0,0,0,0,0,0,0,0,0,0,0,0,0,0,0,0,0,0,0,0,0,0,0,0,0,0,0,0,0,0,0,0,0,0,0,0,0,0,0,0,0,0,0,0,0,0,0,0,0,0,0,0,0,0,0,0,0,0,0,0,0,0,0,0,0,0,0,0,0,0,0,0,POINT (1813233.604502733 15011.758130893735),7813,49.551914,9.569679,11.506722,5.620131,5.548916,2.2775273,0.9645888,1.058027,0.18606085,0.17399327,9.581183,2175.5981,158.90218,34.795486,28.47785,584.70215,289.92578,29.7376,6.4845986,9.606051,5.723722,1.5930191,20.306257,130.34982,69.96371,12.706744,173.2126,1.812056,5.9610662,0.0,2.831222,5944.576531051334,322.0
Quebec,-71.287473,45.804761,0,0,0,0,0,0,0,0,0,0,0,0,0,0,0,1,0,0,0,0,0,0,0,0,1,0,0,0,0,0,0,0,0,0,0,0,0,0,0,0,0,1,0,0,0,0,0,0,0,0,1,0,0,0,0,0,0,0,0,0,0,0,0,0,0,0,0,0,0,0,0,0,0,0,0,0,0,0,0,0,0,0,0,0,0,1,0,0,0,0,0,0,0,0,0,0,0,0,0,0,0,0,0,0,0,0,1,0,POINT (1825418.4682046368 -13330.632568812382),6507,58.376766,15.124716,8.388949,3.188256,5.0437818,3.427909,1.5651932,1.4115599,0.26150566,0.12396624,57.63814,87.1724,44.178867,23.850582,27.602468,46.920483,121.435165,20.255527,4.862967,23.153133,9.531177,3.2360785,20.989962,47.805782,34.5315,14.704125,139.57533,5.972258,5.9555116,0.0,2.8312104,5664.619728106618,334.0
Quebec,-71.27321,46.130148,0,0,0,0,0,0,0,0,0,0,0,0,0,0,0,0,0,0,0,1,0,0,0,0,0,0,0,0,0,0,0,0,0,0,0,0,0,0,0,0,0,0,0,0,0,0,0,0,0,0,0,0,0,0,0,0,0,0,0,0,0,0,0,0,0,0,0,0,0,0,0,0,0,0,0,0,0,0,0,0,0,0,0,0,0,0,0,0,0,0,0,0,0,0,0,0,0,0,0,0,0,0,0,0,0,0,0,0,POINT (1813114.976871081 21191.775412708703),7813,49.551914,9.569679,11.506722,5.620131,5.548916,2.2775273,0.9645888,1.058027,0.18606085,0.17399327,9.581183,2175.5981,158.90218,34.795486,28.47785,584.70215,289.92578,29.7376,6.4845986,9.606051,5.723722,1.5930191,20.306257,130.34982,69.96371,12.706744,173.2126,1.812056,5.9610662,0.0,2.831222,3335.2852394259507,379.0
Quebec,-71.252179,46.138215,0,0,0,0,0,0,0,0,0,0,0,0,0,0,0,0,0,0,0,1,0,0,0,0,0,0,0,0,0,0,0,0,0,0,0,0,0,0,0,0,0,0,0,0,0,0,0,0,0,0,0,0,0,0,0,0,0,0,0,0,0,0,0,0,0,0,0,0,0,0,0,0,0,0,0,0,0,0,0,0,0,0,0,0,0,0,0,0,0,0,0,0,0,0,0,1,0,0,0,0,0,0,0,0,0,0,0,0,POINT (1814315.7325633643 22636.52919647142),7813,49.551914,9.569679,11.506722,5.620131,5.548916,2.2775273,0.9645888,1.058027,0.18606085,0.17399327,9.581183,2175.5981,158.90218,34.795486,28.47785,584.70215,289.92578,29.7376,6.4845986,9.606051,5.723722,1.5930191,20.306257,130.34982,69.96371,12.706744,173.2126,1.812056,5.9610662,0.0,2.831222,5057.476416227783,298.0
Quebec,-71.21889,46.26,0,0,0,0,0,0,0,0,0,0,0,0,0,0,0,0,0,0,0,0,0,0,0,0,0,0,0,0,0,0,0,0,0,0,0,0,0,0,0,0,0,0,0,0,0,0,0,0,0,0,0,0,0,0,0,0,0,0,0,0,0,0,0,0,0,0,0,0,0,0,0,0,0,0,0,0,0,0,0,0,0,0,0,0,0,0,0,0,1,0,0,0,0,0,0,1,0,0,0,0,0,0,0,0,0,0,0,0,POINT (1811736.9642093645 36337.27770701728),8685,50.06368,9.970052,10.909385,5.709532,6.867181,2.1452622,1.239571,1.2559832,0.20194547,0.12659715,8.877324,2946.6082,92.127335,19.232914,31.340317,326.8273,96.991776,39.820118,6.1155243,7.589263,8.307689,3.0346608,41.067627,402.75848,162.48152,13.512975,152.32738,2.2812524,5.9538355,0.0,2.8324537,4053.676941085013,401.0
Quebec,-71.18326223,46.91271211,0,0,0,0,0,0,0,0,0,0,0,0,0,0,0,0,0,0,0,0,0,0,0,0,0,0,0,0,0,0,0,0,0,0,0,0,0,0,0,0,0,0,0,0,0,0,0,0,0,0,0,0,0,0,0,0,0,0,0,0,0,0,0,0,0,0,0,0,0,0,0,0,0,0,0,0,0,0,0,0,0,0,0,0,1,0,0,0,0,0,0,0,0,0,0,0,0,0,0,0,0,0,0,0,0,0,0,0,POINT (1787518.3120330174 105562.12861870708),11735,20.68635,2.8614178,2.3173873,1.8923671,30.421766,0.7676233,0.8056613,0.25018948,0.08467198,0.06739408,6.2604256,22.23284,36.612442,10.404635,11.079025,127.74242,27.34276,12.686555,13.37158,22.418856,5.8840384,1.5109442,9.731798,19.306284,30.152412,16.573309,39.971397,1.5117093,6.1131406,0.0,2.8620088,5084.707760326391,139.0
Quebec,-71.1787,48.42986,0,0,0,0,0,0,0,0,0,0,0,0,0,0,0,0,0,0,0,0,0,0,0,0,0,0,0,0,0,0,0,0,0,0,0,0,0,0,0,0,0,0,0,0,0,0,0,0,0,0,0,0,0,0,1,0,0,0,0,0,0,0,0,0,0,0,0,0,0,0,0,0,0,0,0,0,0,0,0,0,0,0,0,0,0,0,0,0,0,0,0,0,0,0,0,0,0,0,0,0,0,0,0,0,0,0,0,0,POINT (1725805.0655659246 263526.06201032654),18269,51.626446,15.323246,8.277125,4.299556,7.4308386,3.0623534,2.3332565,1.1061437,0.52136284,0.11968648,1.5627261,19.809862,191.43056,37.073864,10.052721,242.33601,100.73771,15.074057,2.9658868,0.64257735,22.192688,0.21737371,51.214386,161.29893,35.76109,98.63032,106.89876,0.74143165,6.1041594,0.0,2.8828385,5480.137288770328,104.0
Quebec,-71.159139,48.531545,0,0,0,0,0,0,0,0,0,0,0,0,0,0,0,0,0,0,0,0,0,0,0,0,0,0,0,0,0,0,0,0,0,0,0,0,0,0,0,0,0,0,0,0,0,0,0,0,0,0,0,0,0,0,0,0,0,0,0,0,0,0,0,0,1,0,0,0,0,0,0,0,0,0,0,0,0,1,0,0,0,0,0,0,0,0,0,0,0,0,0,0,0,0,0,0,0,0,0,0,0,0,0,0,0,0,0,1,POINT (1723007.1148569812 274600.83713208925),18704,45.866898,17.160955,7.6049056,3.9230192,11.20177,3.171455,1.7848772,0.7999898,0.5410953,0.12311466,1.0,12.262314,193.73454,47.235397,7.0919023,272.90747,65.39081,7.809893,1.5186391,0.67357814,44.03211,0.101089224,84.661766,342.32043,67.08616,214.81702,124.15565,0.66488415,6.1061654,0.0,2.8849592,5496.163077869756,139.0
Quebec,-71.046172,46.256393,0,0,0,0,0,0,0,0,0,0,0,0,0,0,0,0,0,0,0,1,0,0,0,0,0,0,0,0,0,0,0,0,0,0,0,0,0,0,0,0,0,0,0,0,0,0,0,0,0,0,0,0,0,0,0,0,0,0,0,0,0,0,0,0,0,0,0,0,0,0,0,0,0,0,0,0,0,0,0,0,0,0,0,0,0,0,0,0,0,0,0,0,0,0,0,0,0,0,0,0,0,0,0,0,0,0,0,0,POINT (1824418.833194961 40896.797517129664),8686,53.855183,12.559854,10.61801,4.277769,6.274798,2.3336687,1.3867728,1.1559031,0.1617412,0.12583745,26.960905,9034.124,44.604107,17.558474,34.027885,526.93463,168.36018,74.196686,13.532311,24.632212,3.4948301,3.1046815,15.527067,204.2895,93.399,8.488771,111.45715,1.5801859,5.946413,0.0,2.832877,4509.010582152519,426.0
Quebec,-70.77873,46.21785,0,0,0,0,0,0,0,0,0,0,0,0,0,0,0,0,0,0,0,0,0,0,0,0,0,0,0,0,0,0,0,0,0,0,0,0,0,0,0,0,0,1,0,0,0,0,0,0,0,0,0,0,0,0,0,0,0,0,0,0,0,0,0,0,0,0,0,0,0,0,0,0,0,0,0,0,0,0,0,0,0,0,0,0,0,0,0,0,0,0,0,0,0,0,0,0,0,0,0,0,0,0,0,0,0,0,0,0,POINT (1845410.7322174218 44584.97216995541),8689,59.86199,13.673792,7.4674044,3.3991325,3.4216273,2.128501,2.0311484,0.80296,0.1956111,0.082835436,16.139082,1393.2424,82.31148,24.721045,46.70307,247.36424,74.98953,23.298368,5.470011,9.928014,9.486216,2.2000077,41.048424,93.358826,53.369194,4.9219484,154.86374,1.3822745,5.978807,0.0,2.8205936,6487.1818762046405,174.0
Quebec,-70.69671076,47.7499003,0,0,0,0,0,0,0,0,0,0,0,0,0,0,0,0,0,0,0,0,0,0,0,0,0,0,0,0,0,0,0,0,0,0,0,0,0,0,0,0,0,0,0,0,0,0,0,0,0,0,0,0,0,0,0,0,0,0,0,0,0,0,0,0,0,0,0,0,0,0,0,0,0,0,0,0,0,0,0,0,0,0,0,0,1,0,0,0,0,0,0,0,0,0,0,0,0,0,0,0,0,0,0,0,0,0,0,0,POINT (1787319.215036897 206320.96244199583),16095,48.157562,18.557116,4.03158,0.26313624,0.4625418,0.43664324,0.8838636,2.0359144,0.27064604,0.036676977,1.9328594,29.434256,45.946297,71.92805,159.70976,218.10841,49.666107,10.901063,3.5150027,1.1045884,3563.2866,4.7908864,55.627148,118.788704,28.798046,55.4242,151.3413,1.0933605,6.089327,0.0,2.8722892,4551.909034700785,820.0
Quebec,-70.566056,47.540076,0,0,0,0,0,0,0,0,0,0,0,0,0,0,0,0,0,0,0,0,0,0,0,0,0,0,0,0,0,0,0,0,0,0,0,0,0,0,0,0,0,0,0,0,0,0,0,1,0,0,0,0,0,0,0,0,0,0,0,0,0,0,0,0,0,0,0,0,0,0,0,0,0,0,0,0,0,0,0,0,0,0,0,0,0,0,0,0,0,0,0,0,0,0,0,0,0,0,0,0,0,1,0,0,0,0,0,0,POINT (1805242.6266183255 188254.60496392116),15225,45.722332,11.445879,23.64593,2.5436354,3.7063622,1.9970678,1.2779253,2.5351331,0.33774325,0.19006221,2.240869,14.704628,142.3466,40.58528,38.636894,605.0795,90.87008,23.654888,3.1461155,73.267296,1277.5729,4.9321194,44.88513,79.95708,34.884205,28.069387,977.7607,2.3330915,5.9663525,0.0,2.8300703,5067.474742089778,357.0
Quebec,-70.565,47.53972,0,0,0,0,0,0,0,0,0,0,0,0,0,0,0,0,0,0,0,0,0,0,0,0,0,0,0,0,0,0,0,0,0,0,0,0,0,0,0,0,0,0,0,0,0,0,1,0,0,0,0,0,0,0,0,0,0,0,0,0,0,0,0,0,0,0,0,0,0,0,0,0,0,0,0,0,0,0,0,0,0,0,0,0,0,0,0,0,0,0,0,0,0,0,0,0,0,0,0,0,0,0,0,0,0,0,0,0,POINT (1805331.6921495604 188247.66381651774),15225,45.722332,11.445879,23.64593,2.5436354,3.7063622,1.9970678,1.2779253,2.5351331,0.33774325,0.19006221,2.240869,14.704628,142.3466,40.58528,38.636894,605.0795,90.87008,23.654888,3.1461155,73.267296,1277.5729,4.9321194,44.88513,79.95708,34.884205,28.069387,977.7607,2.3330915,5.9663525,0.0,2.8300703,4986.387334392797,360.0
Quebec,-67.350998,52.74829517,0,0,0,0,0,0,0,0,0,0,0,0,0,0,0,0,0,0,0,0,0,0,0,0,0,0,0,0,0,0,0,0,0,0,0,0,0,0,0,0,0,0,0,0,0,0,0,1,0,0,0,0,0,0,0,0,0,0,0,0,0,0,0,0,0,0,0,0,0,0,0,0,0,0,0,0,0,0,0,0,0,0,0,0,0,0,0,0,0,0,0,0,0,0,0,0,0,0,0,0,0,0,0,0,0,0,0,0,POINT (1785585.7054675685 808505.3860316154),42255,50.763386,7.7241025,7.425109,1.6608485,4.777004,0.31193817,1.9990324,0.18827184,0.08467986,0.52362365,4.2430983,8.438163,36.010254,43.431965,15.330556,132.20401,34.78776,6.704947,2.5889468,1.9270135,1.6085991,0.6890459,9.747067,15.636257,31.583977,3.2584805,46.826824,1.4690276,6.1755457,0.0,2.978916,4660.553452468057,640.63
Quebec,-67.34778,55.09939,0,0,0,0,0,0,0,0,0,0,0,0,0,0,0,0,0,0,0,0,0,0,0,0,0,0,0,0,0,0,0,0,0,0,0,0,0,0,0,0,0,0,0,0,0,0,0,1,0,0,0,0,0,0,0,0,0,0,0,0,0,0,0,0,0,0,0,0,0,0,0,0,0,0,0,0,0,0,0,0,0,0,0,0,0,0,0,0,0,0,0,0,0,0,0,0,0,0,0,0,0,0,0,0,0,0,0,0,POINT (1677340.965275194 1042113.7945924109),52272,45.57611,7.1286464,24.40351,1.282702,1.9302498,1.8744003,2.8882806,0.4180241,0.0885411,0.19440185,5.772875,34.396454,52.882057,18.744417,27.166546,80.926346,61.99614,9.064567,2.2251828,13.009076,5.1551204,1.7099313,22.44758,39.022675,34.27795,5.628101,100.69777,1.8456628,6.05198,0.0,2.8900702,3396.72806819332,749.388
Quebec,-67.347029,52.346166,0,0,0,0,0,0,0,0,0,0,0,0,0,0,0,0,0,0,0,0,0,0,0,0,0,0,0,0,0,0,0,0,0,0,0,0,0,0,0,0,0,0,0,0,0,0,0,1,0,0,0,0,0,0,0,0,0,0,0,0,0,0,0,0,0,0,0,0,0,0,0,0,0,0,0,0,0,0,0,0,0,0,0,0,0,0,0,0,0,0,0,0,0,0,0,0,0,0,0,0,0,0,0,0,0,0,0,0,POINT (1804442.3523999562 768528.0522397695),40512,47.67479,2.6876168,23.920256,6.649499,7.9373684,0.34452298,0.3671701,0.37650773,0.15280259,0.5959258,3.9518857,18.065893,87.93634,35.3311,4.6677003,420.80435,41.962414,31.074928,1.6259375,2.9997368,1.7045498,0.71275645,16.885725,34.7348,34.455948,4.1075044,89.742,1.7052526,6.220344,0.0,3.0049784,4679.706762000062,640.472
Quebec,-67.332241,48.624195,0,0,0,0,0,0,0,0,0,0,0,0,0,0,0,0,0,0,0,0,0,0,0,0,0,0,0,0,0,0,0,0,0,0,0,0,0,0,0,0,0,0,0,0,0,0,0,0,0,0,0,0,0,0,0,0,0,0,0,0,0,0,0,0,0,0,0,0,0,0,0,0,0,0,0,1,0,0,0,0,0,0,0,0,0,0,0,0,0,0,0,0,0,0,0,0,0,0,0,0,0,0,0,0,0,0,0,0,POINT (1978881.2627921 395487.23975949176),24398,59.006565,15.862329,7.947503,2.5093675,1.9405833,1.3548652,2.9822812,0.7883919,0.11661623,0.07944057,14.680922,30.81379,35.127197,17.11612,17.05941,91.72222,94.33435,10.869268,1.2809349,8.461246,11.291993,2.0610156,42.13931,85.45191,50.190094,14.947583,99.959045,2.23199,5.8483043,0.0,2.8609245,4649.41695828884,242.0
Quebec,-67.28,52.84,0,0,0,0,0,0,0,0,0,0,0,0,0,0,0,0,0,0,0,0,0,0,0,0,0,0,0,0,0,0,0,0,0,0,0,0,0,0,0,0,0,0,0,0,0,0,0,1,0,0,0,0,0,0,0,0,0,0,0,0,0,0,0,0,0,0,0,0,0,0,0,0,0,0,0,0,0,0,0,0,0,0,0,0,0,0,0,0,0,0,0,0,0,0,0,0,0,0,0,0,0,0,0,0,0,0,0,0,POINT (1785625.0599405633 819632.0946201418),42691,40.033257,3.1581626,9.806366,3.03436,8.081157,0.51996267,0.8992278,0.1679374,0.095794685,0.7434783,4.51841,9.714083,32.052166,87.0295,8.778385,156.93604,37.293602,9.374885,3.3793187,1.6959004,2.034909,0.7841936,9.025561,16.190905,29.28838,4.0831404,60.391685,1.1032712,6.1671824,0.0,2.973692,4390.335386456421,759.119
Quebec,-66.81806392,54.8011794,0,0,0,0,0,0,0,0,0,0,0,0,0,0,0,0,0,0,0,0,0,0,0,0,0,0,0,0,0,0,0,0,0,0,0,0,0,0,0,0,0,0,0,0,0,0,0,0,1,0,0,0,0,0,0,0,0,0,0,0,0,0,0,0,0,0,0,0,0,0,0,0,0,0,0,0,0,0,0,0,0,0,0,0,0,0,0,0,0,0,0,0,0,0,0,0,0,0,0,0,0,0,0,0,0,0,0,0,POINT (1721328.5646579107 1026779.910389388),51840,32.821354,0.88155824,34.810238,0.37841067,0.24155867,0.060075603,0.252217,0.100160256,0.093827695,0.5802093,3.0478623,16.566956,5.3435936,14.99726,5.5981827,11.661971,10.197074,2.4092207,1.1597815,35.233818,2.7101316,0.52579856,7.361358,15.717875,24.841051,4.2737803,12.550008,3.038971,6.0579853,0.0,2.8916001,3483.6572139167656,504.329
Quebec,-66.660498,49.08034,0,0,0,0,0,0,0,0,0,0,0,0,0,0,0,0,0,0,0,0,0,0,0,0,0,0,0,0,0,0,0,0,0,0,0,0,0,0,0,0,0,0,0,0,0,0,0,0,0,0,0,0,0,0,0,0,0,0,0,0,0,0,0,0,0,0,0,0,0,0,0,0,0,0,0,0,0,0,0,0,0,0,0,0,1,0,0,0,0,0,0,0,0,0,0,0,0,0,0,0,0,0,0,0,0,0,0,0,POINT (2001872.7324519274 462423.9834565892),27016,56.962353,11.584458,7.189854,3.8541307,4.411178,1.5188687,2.6897721,0.72856563,0.14232975,0.06894033,17.268599,27.73908,49.285915,14.310399,11.980717,84.57438,64.679214,40.04912,3.0340235,18.794094,8.971315,1.2372348,17.928404,35.419937,38.04926,18.13126,67.761566,1.508443,5.8465743,0.0,2.8415468,3063.1761688457045,70.0
Quebec,-66.068973,49.063244,0,0,0,0,0,0,0,0,0,0,0,0,0,0,0,0,0,0,0,0,0,0,0,0,0,0,0,0,0,0,0,0,0,0,0,0,0,0,0,0,0,1,0,0,0,0,0,0,0,0,1,0,0,0,0,0,0,0,0,0,0,0,0,0,0,0,0,0,0,0,0,0,0,0,0,0,0,0,0,0,0,0,0,0,0,1,0,0,0,0,0,0,0,0,0,0,0,0,0,0,0,0,0,0,0,0,1,0,POINT (2041603.134094091 479514.5276107502),27892,54.029556,14.077194,10.092093,3.6054027,4.3246074,3.106878,2.0023348,1.7260544,0.3004337,0.13730499,19.930214,48.670547,32.512943,25.71591,13.189094,62.31829,274.8689,250.0107,3.3938172,20.576479,7.625538,0.887518,15.772452,32.90404,38.688988,40.976517,66.98062,1.2045844,5.83784,0.0,2.8418357,1675.0850737824403,671.0
Quebec,-66.01667,49.0,0,0,0,0,0,0,0,0,0,0,0,0,0,0,0,0,0,0,0,0,0,0,0,0,1,0,0,0,0,0,0,0,0,0,0,0,0,0,0,0,0,0,0,0,0,0,0,0,0,0,0,0,0,0,0,0,0,0,0,0,0,0,0,0,0,0,0,0,0,0,0,0,0,0,0,0,0,0,0,0,0,0,0,0,0,0,0,0,0,0,0,0,0,0,0,0,0,0,0,0,0,0,0,0,0,0,0,0,POINT (2048129.9997612282 474879.7620723396),27457,55.423916,14.788038,10.099245,2.9448202,3.7745657,3.4685688,2.0955195,1.7754692,0.27745026,0.12973858,20.53646,69.81547,46.211395,29.405706,14.553329,82.45226,66.82553,8.8552475,2.0250745,18.287664,5.8423004,1.3578848,31.497795,64.42139,34.851593,36.86503,81.836365,1.1321721,5.8290167,0.0,2.8388934,5226.048749212655,766.0
Quebec,-65.52028,48.97056,0,0,0,0,0,0,0,0,0,0,0,0,0,0,0,0,0,0,0,0,0,0,0,0,1,0,0,0,0,0,0,0,0,0,0,0,0,0,0,0,0,0,0,0,0,0,0,0,0,0,0,0,0,0,0,0,0,0,0,0,0,0,0,0,0,0,0,0,0,0,0,0,0,0,0,0,0,0,0,0,0,0,0,0,0,0,0,0,0,0,0,0,0,0,0,0,0,0,0,0,0,0,0,0,0,0,0,0,POINT (2082146.7784110669 488061.9386795275),28332,61.163773,9.752753,4.701142,2.8197014,6.8696733,2.0805511,2.234444,0.59477127,0.13011597,0.07321875,8.58382,456.71896,25.552471,12.441431,17.057964,54.495502,54.943428,7.830404,7.6856627,5.4788604,7.6287003,1.7054653,32.524517,58.555008,38.22887,13.280284,77.41607,3.6958694,5.824219,0.0,2.8404229,2892.3731862113723,578.0
Quebec,-65.51863,48.951944,0,0,0,0,0,0,0,0,0,0,0,0,0,0,0,0,0,0,0,0,0,0,0,0,1,0,0,0,0,0,0,0,0,0,0,0,0,0,0,0,0,0,0,0,0,0,0,0,0,0,0,0,0,0,0,0,0,0,0,0,0,0,0,0,0,0,0,0,0,0,0,0,0,0,0,0,0,0,0,0,0,0,0,0,0,0,0,0,0,0,0,0,0,0,0,0,0,0,0,0,0,0,0,0,0,0,0,0,POINT (2083180.5653431725 486263.8340392984),28332,61.163773,9.752753,4.701142,2.8197014,6.8696733,2.0805511,2.234444,0.59477127,0.13011597,0.07321875,8.58382,456.71896,25.552471,12.441431,17.057964,54.495502,54.943428,7.830404,7.6856627,5.4788604,7.6287003,1.7054653,32.524517,58.555008,38.22887,13.280284,77.41607,3.6958694,5.824219,0.0,2.8404229,4906.827041637003,669.0
Quebec,-63.416052,50.555821,0,0,0,0,0,0,0,0,0,0,0,0,0,0,0,0,0,0,0,0,0,0,0,0,0,0,0,0,0,0,0,0,0,0,0,0,0,0,0,0,0,0,0,0,0,0,0,1,0,0,0,0,0,0,0,0,0,0,0,0,0,0,0,0,0,0,0,0,0,0,0,0,0,0,0,0,0,0,0,0,0,0,0,0,0,0,0,0,0,0,0,0,0,0,0,0,0,0,0,0,0,1,0,0,0,0,0,0,POINT (2135048.120308836 713792.5914041972),37930,32.04408,8.458127,18.050423,5.6826124,8.990074,1.962282,1.3702806,4.108152,0.63480467,0.11883739,1.8475806,43.299416,108.4441,36.787525,20.726639,224.4857,178.31142,19.019974,2.3692853,2.7331848,10.863628,4.7685337,42.722927,90.45784,54.97816,16.179861,393.19992,2.4044874,5.8674817,0.0,2.8593874,6237.405015959816,228.273
Saskatchewan,-112.6412657,54.5960103,0,0,0,0,0,0,0,0,0,0,0,0,0,0,0,0,0,0,0,0,0,0,0,0,1,0,0,0,0,0,0,0,0,0,0,0,0,0,0,0,0,0,0,0,0,0,0,0,0,0,0,0,0,0,0,0,0,0,0,0,0,0,0,0,0,0,0,0,0,0,0,0,0,0,0,0,0,0,0,0,0,0,0,0,0,0,0,0,0,0,0,0,0,0,0,0,0,0,0,0,0,0,0,0,0,0,1,0,POINT (-1105510.103839495 770956.7776466699),40221,66.25337,15.464016,5.723781,1.4660615,2.9542027,2.694375,3.6409528,0.44263119,0.24902187,0.14093664,12153.624,47.02031,51.811108,22.703026,48.6781,113.88943,71.25279,11.609609,2.7894852,14.046816,12.106863,0.63021404,33.77815,68.070435,27.518414,5.461071,104.41701,1.2504723,5.775849,0.0,2.7430027,4590.41396585234,614.0
Saskatchewan,-109.8651447,51.339285,0,0,0,0,0,0,0,0,0,0,0,0,0,0,0,0,0,0,0,0,0,0,0,0,0,0,0,0,0,0,0,0,0,0,0,0,0,0,0,0,0,0,0,0,0,0,0,0,0,0,0,0,0,0,0,0,0,0,0,0,0,0,0,0,0,0,0,0,0,0,0,0,0,0,0,0,0,0,0,0,0,0,0,0,0,0,0,0,0,1,0,0,0,0,0,0,0,0,0,0,0,0,0,0,0,0,0,0,POINT (-1017835.4938697802 378563.1624148715),23226,16.979046,15.092921,2.8432665,1.3736273,2.9204266,0.6717227,1.99622,0.6184919,0.083878346,0.034545455,10.0,17.528156,23.83379,8.795593,44.84038,55.537125,61.560066,21.273773,0.7472799,10.833496,7.910993,5.4828672,28.407808,51.545544,21.920586,8.885654,120.136116,1.9822857,5.871266,0.0,2.7823985,2598.148609275059,637.0
Saskatchewan,-109.5422238,58.366664,0,0,0,0,0,0,0,0,0,0,0,0,0,0,0,0,0,0,0,0,0,0,0,0,0,0,0,0,0,0,0,0,0,0,0,0,0,0,0,0,0,0,0,0,0,0,0,0,0,0,0,0,0,0,0,0,0,0,0,0,0,0,0,0,0,0,0,0,0,0,0,0,0,0,0,0,0,0,0,0,0,0,0,0,0,0,0,0,0,0,0,0,0,0,0,0,0,0,0,0,0,0,0,0,1,0,0,0,POINT (-822018.97661941 1121617.011986276),55510,70.35391,6.506333,0.6782535,1.4470038,0.13685028,0.007902705,2.3500745,0.102427416,0.052341867,0.012970872,2.5568929,4.870795,6.081197,1.8352299,4.761797,9.071488,8.327556,5.0558686,0.61806893,1.2506491,2.7270038,5.7169147,16.234175,32.865204,1.8661093,0.013085438,1.8576216,0.05,5.6807737,0.0,2.707213,2586.9212996884794,325.0
Saskatchewan,-109.3219499,50.35664,0,0,0,0,0,0,0,0,0,0,0,0,0,0,0,0,0,0,0,0,0,0,0,0,0,0,0,0,0,0,0,0,0,0,0,0,0,0,0,0,0,0,0,0,0,0,0,0,0,0,0,0,0,0,0,0,0,0,0,0,0,0,0,0,0,0,0,0,0,0,0,0,0,0,0,0,0,0,0,0,0,0,0,0,0,0,0,0,0,1,0,0,0,0,0,0,0,0,0,0,0,0,0,0,0,0,0,0,POINT (-1005527.1831516793 264189.93831133924),17995,26.183535,14.133143,2.891487,1.5787597,3.331581,0.65150565,2.1824117,0.57384264,0.08770492,0.03738448,10.471182,17.385952,22.190468,8.324596,39.546844,51.1572,58.8356,20.84572,0.6531395,11.637467,7.5171537,5.3221393,32.665684,58.257034,25.095114,8.325339,108.40657,1.6456543,5.8816953,0.0,2.7834866,6128.753521244641,680.0
Saskatchewan,-109.103274,52.41947,0,0,0,0,0,0,0,0,0,0,0,0,0,0,0,0,0,0,0,0,0,0,0,0,0,0,0,0,0,0,0,0,0,0,0,0,0,0,0,0,0,0,0,0,0,0,0,0,0,0,0,0,0,0,0,0,0,0,0,0,0,0,0,0,0,0,0,0,0,0,0,0,0,0,0,0,0,0,0,1,0,0,0,0,0,0,0,0,0,0,0,0,0,0,0,0,0,0,0,0,0,0,0,0,0,0,0,0,POINT (-940387.981141865 482732.95754508895),27594,63.13694,14.348762,3.6884806,1.6902018,4.512615,0.98018974,2.4490619,0.580602,0.1214668,0.046464827,23.803986,26.737043,26.105692,8.51269,37.29354,62.909195,62.45752,14.760817,5.7147303,13.164534,5.895896,5.6002183,27.34862,49.5498,20.431768,7.412866,106.01606,1.3503174,5.8595123,0.0,2.7821498,2760.253250764127,627.0
Saskatchewan,-108.8794467,59.385834,0,0,0,0,0,0,0,0,0,0,0,0,0,0,0,0,0,0,0,0,0,0,0,0,0,0,0,0,0,0,0,0,0,0,0,0,0,0,0,0,0,0,0,0,0,0,0,0,0,0,0,0,0,0,0,0,0,0,0,0,0,0,0,0,0,0,0,0,0,0,0,0,0,0,0,0,0,0,0,0,0,0,0,0,0,0,0,0,0,0,0,0,0,0,0,0,0,0,0,0,0,0,0,0,1,0,0,0,POINT (-761239.9426285201 1221143.599355685),59876,61.074543,3.75424,2.5005972,0.6801039,0.8308251,0.7699144,0.7399133,0.21950589,0.055295087,0.024129799,29.838434,4.0464206,8.937103,5.903346,24.723719,27.561977,14.477618,6.909214,0.5895296,1.2617397,3.77266,0.73046577,18.261614,38.924892,7.2627954,1.5737207,27.783028,0.2501214,5.7330627,0.0,2.7560244,1686.696929602023,226.0
Saskatchewan,-108.7222283,59.54027286,0,0,0,0,0,0,0,0,0,0,0,0,0,0,0,0,0,0,0,0,0,0,0,0,0,0,0,0,0,0,0,0,0,0,0,0,0,0,0,0,0,0,0,0,0,0,0,0,0,0,0,0,0,0,0,0,0,0,0,0,0,0,0,0,0,0,0,0,0,0,0,0,0,0,0,0,0,0,0,0,0,0,0,0,0,0,0,0,0,0,0,0,0,0,0,0,0,0,0,0,0,0,0,0,1,0,0,0,POINT (-749169.61807254 1235619.510882417),60749,57.384384,13.779655,8.01994,2.7356925,4.2410455,2.689623,2.360312,0.79627407,0.16736734,0.11867218,33.602295,14.907014,27.065252,23.13507,16.602747,46.796917,55.314034,15.557823,1.1741958,2.5,9.171801,1.6596621,32.29977,76.41856,27.790346,9.058149,115.29684,0.6772786,5.73943,0.0,2.7587736,4458.381105697285,258.0
Saskatchewan,-108.66861,59.54278,0,0,0,0,0,0,0,0,0,0,0,0,0,0,0,0,0,0,0,0,0,0,0,0,0,0,0,0,0,0,0,0,0,0,0,0,0,0,0,0,0,0,0,0,0,0,0,0,0,0,0,0,0,0,0,0,0,0,0,0,0,0,0,0,0,0,0,0,0,0,0,0,0,0,0,0,0,0,0,0,0,0,0,0,0,0,0,0,0,0,0,0,0,0,0,0,0,0,0,0,0,0,0,0,1,0,0,0,POINT (-746229.672454076 1235254.5947035027),60749,57.384384,13.779655,8.01994,2.7356925,4.2410455,2.689623,2.360312,0.79627407,0.16736734,0.11867218,33.602295,14.907014,27.065252,23.13507,16.602747,46.796917,55.314034,15.557823,1.1741958,2.5,9.171801,1.6596621,32.29977,76.41856,27.790346,9.058149,115.29684,0.6772786,5.73943,0.0,2.7587736,6060.77636453145,244.0
Saskatchewan,-108.6683393,59.492226,0,0,0,0,0,0,0,0,0,0,0,0,0,0,0,0,0,0,0,0,0,0,0,0,0,0,0,0,0,0,0,0,0,0,0,0,0,0,0,0,0,0,0,0,0,0,0,0,0,0,0,0,0,0,0,0,0,0,0,0,0,0,0,0,0,0,0,0,0,0,0,0,0,0,0,0,0,0,0,0,0,0,0,0,0,0,0,0,0,0,0,0,0,0,0,0,0,0,0,0,0,0,0,0,1,0,0,0,POINT (-747383.1794247528 1229899.745496712),60313,57.65611,7.7409825,5.727873,1.7266289,2.9532213,1.8018028,1.291971,0.48587358,0.09148377,0.076108105,29.204037,9.069389,22.41617,17.516052,18.127462,37.559345,33.631725,9.319917,0.87980914,1.8879782,5.953892,1.246057,20.78392,42.108017,12.36129,4.486999,77.20567,0.47282344,5.72706,0.0,2.7582521,2618.811758244041,274.0
Saskatchewan,-108.6680637,59.543056,0,0,0,0,0,0,0,0,0,0,0,0,0,0,0,0,0,0,0,0,0,0,0,0,0,0,0,0,0,0,0,0,0,0,0,0,0,0,0,0,0,0,0,0,0,0,0,0,0,0,0,0,0,0,0,0,0,0,0,0,0,0,0,0,0,0,0,0,0,0,0,0,0,0,0,0,0,0,0,0,0,0,0,0,0,0,0,0,0,0,0,0,0,0,0,0,0,0,0,0,0,0,0,0,1,0,0,0,POINT (-746193.9313210443 1235277.402272846),60749,57.384384,13.779655,8.01994,2.7356925,4.2410455,2.689623,2.360312,0.79627407,0.16736734,0.11867218,33.602295,14.907014,27.065252,23.13507,16.602747,46.796917,55.314034,15.557823,1.1741958,2.5,9.171801,1.6596621,32.29977,76.41856,27.790346,9.058149,115.29684,0.6772786,5.73943,0.0,2.7587736,6065.299769417416,240.0
Saskatchewan,-108.6402774,59.581944,0,0,0,0,0,0,0,0,0,0,0,0,0,0,0,0,0,0,0,0,0,0,0,0,0,0,0,0,0,0,0,0,0,0,0,0,0,0,0,0,0,0,0,0,0,0,0,0,0,0,0,0,0,0,0,0,0,0,0,0,0,0,0,0,0,0,0,0,0,0,0,0,0,0,0,0,0,0,0,0,0,0,0,0,0,0,0,0,0,0,0,0,0,0,0,0,0,0,0,0,0,0,0,0,1,0,0,0,POINT (-743803.6679348495 1239068.635974642),60750,57.423367,14.112235,6.3256087,1.9410241,4.0088267,3.3475752,1.8653228,0.6211227,0.13831931,0.11095157,17.353657,12.064473,23.265913,16.76991,15.507918,50.658726,41.797104,14.584647,1.0,2.5,122.001236,16.40354,1976.2133,3619.296,1176.4675,8.123068,76.19186,0.74958587,5.721416,0.0,2.7604735,3915.878247949595,265.0
Saskatchewan,-108.6097487,59.46944214,0,0,0,0,0,0,0,0,0,0,0,0,0,0,0,0,0,0,0,0,0,0,0,0,0,0,0,0,0,0,0,0,0,0,0,0,0,0,0,0,0,0,0,0,0,0,0,0,0,0,0,0,0,0,0,0,0,0,0,0,0,0,0,0,0,0,0,0,0,0,0,0,0,0,0,0,0,0,0,0,0,0,0,0,0,0,0,0,0,0,0,0,0,0,0,0,0,0,0,0,0,0,0,0,1,0,0,0,POINT (-744752.8272016373 1226800.2479284846),60314,58.549213,11.250867,5.0111375,1.7022754,2.1984255,2.9083128,1.6564913,0.43839705,0.10349408,0.064366005,14.436489,9.535997,26.255709,17.882978,16.422907,44.518204,32.100792,11.101924,0.9341998,2.3387964,7.556151,2.4471295,26.391663,57.54604,18.751833,5.8292837,61.465813,0.81586766,5.708567,0.0,2.7600062,5729.346050252655,272.0
Saskatchewan,-108.4805547,59.50693408,0,0,0,0,0,0,0,0,0,0,0,0,0,0,0,0,0,0,0,0,0,0,0,0,0,0,0,0,0,0,0,0,0,0,0,0,0,0,0,0,0,0,0,0,0,0,0,0,0,0,0,0,0,0,0,0,0,0,0,0,0,0,0,0,0,0,0,0,0,0,0,0,0,0,0,0,0,0,0,0,0,0,0,0,0,0,0,0,0,0,0,0,0,0,0,0,0,0,0,0,0,0,0,0,1,0,0,0,POINT (-736935.196615273 1229266.2050068388),60314,58.549213,11.250867,5.0111375,1.7022754,2.1984255,2.9083128,1.6564913,0.43839705,0.10349408,0.064366005,14.436489,9.535997,26.255709,17.882978,16.422907,44.518204,32.100792,11.101924,0.9341998,2.3387964,7.556151,2.4471295,26.391663,57.54604,18.751833,5.8292837,61.465813,0.81586766,5.708567,0.0,2.7600062,3151.5193625353045,239.0
Saskatchewan,-108.4766612,50.509155,0,0,0,0,0,0,0,0,0,0,0,0,0,0,0,0,0,0,0,0,0,0,0,0,0,0,0,0,0,0,0,0,0,0,0,0,0,0,0,0,0,0,0,0,0,0,0,0,0,0,0,0,0,0,0,0,0,0,0,0,0,0,0,0,0,0,0,0,0,0,0,0,0,0,0,0,0,0,0,0,0,0,0,0,0,0,0,0,0,1,0,0,0,0,0,0,0,0,0,0,0,0,0,0,0,0,0,0,POINT (-943550.9459339891 267713.0994747746),18438,23.64011,14.514528,2.9905298,1.5764347,4.021326,0.6889435,2.1442246,0.5929711,0.10450731,0.043338344,26.756046,18.052723,23.500904,8.779669,45.63184,53.211643,62.78797,21.572254,0.69514453,15.426748,7.716952,6.147594,29.014921,52.152927,22.136358,8.842443,114.526695,1.8012303,5.883363,0.0,2.7921927,4223.806748872001,648.0
Saskatchewan,-108.4666611,59.562501,0,0,0,0,0,0,0,0,0,0,0,0,0,0,0,0,0,0,0,0,0,0,0,0,0,0,0,0,0,0,0,0,0,0,0,0,0,0,0,0,0,0,0,0,0,0,0,0,0,0,0,0,0,0,0,0,0,0,0,0,0,0,0,0,0,0,0,0,0,0,0,0,0,0,0,0,0,0,0,0,0,0,0,0,0,0,0,0,0,0,0,0,0,0,0,0,0,0,0,0,0,0,0,0,1,0,0,0,POINT (-734921.8719883318 1234991.5818147196),60315,59.31018,13.949471,4.693274,1.7512465,2.3038719,3.3609385,1.8496722,0.50864273,0.4038515,0.05751785,8.936836,9.518667,25.313883,15.505566,14.144049,49.694893,33.892017,13.177114,1.0894766,2.5,677.4505,6.053058,1086.3785,2312.8447,985.6256,6.648675,58.84926,0.76018965,5.6886663,0.0,2.762055,7010.156840097062,304.0
Saskatchewan,-108.4322283,59.457769,0,0,0,0,0,0,0,0,0,0,0,0,0,0,0,0,0,0,0,0,0,0,0,0,0,0,0,0,0,0,0,0,0,0,0,0,0,0,0,0,0,0,0,0,0,0,0,0,0,0,0,0,0,0,0,0,0,0,0,0,0,0,0,0,0,0,0,0,0,0,0,0,0,0,0,0,0,0,0,0,0,0,0,0,0,0,0,0,0,0,0,0,0,0,0,0,0,0,0,0,0,0,0,0,1,0,0,0,POINT (-735449.5066134103 1223498.247691905),59878,57.66377,8.586497,4.153256,1.3575822,1.4286041,2.3530593,1.487414,0.3191296,0.079449035,0.046476033,11.786025,7.530962,27.245697,17.965921,15.658188,44.29527,28.732754,7.703206,0.8538092,2.1366642,4.9357347,1.7284584,21.96736,44.08607,14.104272,3.4714131,47.355568,0.8314835,5.6966925,0.0,2.7593179,5739.925402806552,234.0
Saskatchewan,-108.423043,59.595276,0,0,0,0,0,0,0,0,0,0,0,0,0,0,0,0,0,0,0,0,0,0,0,0,0,0,0,0,0,0,0,0,0,0,0,0,0,0,0,0,0,0,0,0,0,0,0,0,0,0,0,0,0,0,0,0,0,0,0,0,0,0,0,0,0,0,0,0,0,0,0,0,0,0,0,0,0,0,0,0,0,0,0,0,0,0,0,0,0,0,0,0,0,0,0,0,0,0,0,0,0,0,0,0,1,0,0,0,POINT (-731833.1525955325 1237960.6334093267),60751,58.17213,14.20554,5.0119524,1.6440033,3.6326795,3.9542844,1.6204251,0.53981495,0.41507614,0.08793782,8.741767,10.03015,19.100134,11.863448,15.121832,48.23141,32.20313,15.917001,1.0846334,2.5,764.49744,18.649366,2734.626,5313.5005,1938.4102,8.13903,58.48492,0.69489807,5.702082,0.0,2.7624414,2741.8053913328577,349.0
Saskatchewan,-108.2868501,52.121963,0,0,0,0,0,0,0,0,0,0,0,0,0,0,0,0,0,0,0,0,0,0,0,0,0,0,0,0,0,0,0,0,0,0,0,0,0,0,0,0,0,0,0,0,0,0,0,0,0,0,0,0,0,0,0,0,0,0,0,0,0,0,0,0,0,0,0,0,0,0,0,0,0,0,0,0,0,0,0,0,0,0,0,0,0,0,0,0,0,1,0,0,0,0,0,0,0,0,0,0,0,0,0,0,0,0,0,0,POINT (-893555.8385547921 438990.608691476),25855,59.654266,15.093916,2.9565294,1.1629024,3.7567856,0.6112081,1.9230313,0.6143923,0.08199986,0.03262561,26.64752,26.7095,29.758442,9.269236,48.068012,61.31132,74.072876,20.746723,5.9399467,14.05553,8.166874,6.979761,28.643795,51.307987,22.300264,9.851553,135.59674,2.1590998,5.8687487,0.0,2.784349,3696.5312351589832,626.0
Saskatchewan,-107.08,52.01,0,0,0,0,0,0,0,0,0,0,0,0,0,0,0,0,0,0,0,0,0,0,0,0,0,0,0,0,0,0,0,0,0,0,0,0,0,0,0,0,0,0,0,0,0,0,0,0,0,0,0,0,0,0,0,0,0,0,0,0,0,0,0,0,0,0,0,0,0,0,1,0,0,0,0,0,0,0,0,1,0,0,0,0,0,0,0,0,0,0,0,0,0,0,0,0,0,0,0,0,0,0,0,0,0,0,0,0,POINT (-815748.2493694571 410693.77769912436),24554,58.137302,14.468453,3.486082,0.95301443,7.8181624,0.5737859,1.9976041,0.59172565,0.079434216,0.03025767,26.429396,55.36566,59.991493,11.650866,54.42831,75.486694,144.32219,19.0876,31.216684,26.186079,8.821514,10.513173,29.449554,50.642662,23.40589,12.659536,185.6848,1.9728063,5.8800325,0.0,2.7946393,4308.011801205296,505.0
Saskatchewan,-107.0739183,52.004765,0,0,0,0,0,0,0,0,0,0,0,0,0,0,0,0,0,0,0,0,0,0,0,0,0,0,0,0,0,0,0,0,0,0,0,0,0,0,0,0,0,0,0,0,0,0,0,0,0,0,0,0,0,0,0,0,0,0,0,0,0,0,0,0,0,0,0,0,0,0,1,0,0,0,0,0,0,0,0,0,0,0,0,0,0,0,0,0,0,0,0,0,0,0,0,0,0,0,0,0,0,0,0,0,0,0,0,0,POINT (-815451.2500776484 410049.8221629623),24554,58.137302,14.468453,3.486082,0.95301443,7.8181624,0.5737859,1.9976041,0.59172565,0.079434216,0.03025767,26.429396,55.36566,59.991493,11.650866,54.42831,75.486694,144.32219,19.0876,31.216684,26.186079,8.821514,10.513173,29.449554,50.642662,23.40589,12.659536,185.6848,1.9728063,5.8800325,0.0,2.7946393,4549.021990432016,509.0
Saskatchewan,-106.8669061,52.089095,0,0,0,0,0,0,0,0,0,0,0,0,0,0,0,0,0,0,0,0,0,0,0,0,0,0,0,0,0,0,0,0,0,0,0,0,0,0,0,0,0,0,0,0,0,0,0,0,0,0,0,0,0,0,0,0,0,0,0,0,0,0,0,0,0,0,0,0,0,0,1,0,0,0,0,0,0,0,0,0,0,0,0,0,0,0,0,0,0,0,0,0,0,0,0,0,0,0,0,0,0,0,0,0,0,0,0,0,POINT (-799912.1768611027 416540.16810880497),24992,59.7967,13.6622,3.9218836,1.0119941,8.0714245,0.5893771,2.4740725,0.51957613,0.08426542,0.03299818,26.755121,55.75713,59.253025,10.25539,53.285934,70.97424,139.56175,17.394796,33.233414,26.802042,8.497329,10.560588,28.245409,48.724052,21.575575,12.212032,169.58586,1.5337716,5.8819537,0.0,2.795382,3461.3069842902487,494.0
Saskatchewan,-106.6747102,52.15826771,0,0,0,0,0,0,0,0,0,0,0,0,0,0,0,0,0,0,0,0,0,0,0,0,0,0,0,0,0,0,0,0,0,0,0,0,0,0,0,0,0,0,0,0,0,0,0,0,0,0,0,0,0,0,0,0,0,0,0,0,0,0,0,0,0,0,0,0,0,0,0,0,0,0,0,0,0,0,0,1,0,0,0,0,0,0,0,0,0,0,0,0,0,0,0,0,0,0,0,0,0,0,0,0,0,0,0,0,POINT (-785714.4168066388 421627.2579010347),24993,59.792007,13.620895,3.9362226,1.0068896,8.140162,0.5906145,2.475419,0.5173432,0.076671,0.032686397,26.982494,56.475136,59.993973,10.323935,53.154846,71.297615,141.19891,17.30574,33.837215,26.905308,8.490246,10.623223,28.267988,48.699677,21.620018,12.243508,170.6454,1.5174676,5.883689,0.0,2.7958016,4583.967173915318,499.0
Saskatchewan,-106.6624941,50.460916,0,0,0,0,0,0,0,0,0,0,0,0,0,0,0,0,0,0,0,0,0,0,0,0,0,0,0,0,0,0,0,0,0,0,0,0,0,0,0,0,0,0,0,0,0,0,0,0,0,0,0,0,0,0,0,0,0,0,0,0,0,0,0,0,0,0,0,0,0,0,0,0,0,0,0,0,0,0,0,0,0,0,0,0,0,0,0,0,0,1,0,0,0,0,0,0,0,0,0,0,0,0,0,0,0,0,0,0,POINT (-819046.9811038413 237341.8455191529),17142,58.716908,17.224283,2.9720078,1.0118997,2.0082273,0.9172541,1.8442175,0.67186993,0.07672964,0.028675117,1622.8402,18.77269,27.367178,9.033192,51.52218,60.11445,65.188866,25.349213,1.160948,9.915787,10.694903,6.5368385,28.0758,51.06972,20.613045,10.638012,132.66698,2.3814428,5.8955593,0.0,2.7942004,2823.591760336987,669.0
Saskatchewan,-106.3741196,52.089315,0,0,0,0,0,0,0,0,0,0,0,0,0,0,0,0,0,0,0,0,0,0,0,0,0,0,0,0,0,0,0,0,0,0,0,0,0,0,0,0,0,0,0,0,0,0,0,0,0,0,0,0,0,0,0,0,0,0,0,0,0,0,0,0,0,0,0,0,0,0,1,0,0,0,0,0,0,0,0,0,0,0,0,0,0,0,0,0,0,0,0,0,0,0,0,0,0,0,0,0,0,0,0,0,0,0,0,0,POINT (-767053.2512838375 410493.94221190043),24559,59.77802,13.997677,3.6800895,0.97231627,8.292901,0.7617791,2.0320456,0.5242793,0.09283875,0.0308555,27.195364,58.177032,61.948532,10.819653,52.9802,70.996315,149.70216,20.680796,34.578194,27.477861,10.205666,11.743919,29.8907,50.376553,22.666613,13.358584,177.1932,1.7182721,5.888515,0.0,2.7966642,2987.6339117395246,522.0
Saskatchewan,-106.0871614,51.936923,0,0,0,0,0,0,0,0,0,0,0,0,0,0,0,0,0,0,0,0,0,0,0,0,0,0,0,0,0,0,0,0,0,0,0,0,0,0,0,0,0,0,0,0,0,0,0,0,0,0,0,0,0,0,0,0,0,0,0,0,0,0,0,0,0,0,0,0,0,0,1,0,0,0,0,0,0,0,0,0,0,0,0,0,0,0,0,0,0,0,0,0,0,0,0,0,0,0,0,0,0,0,0,0,0,0,0,0,POINT (-750809.77100275 390554.0279514702),23689,59.76255,14.824916,3.731198,0.8531377,8.135576,0.54141814,1.8172382,0.5852128,0.07547892,0.026700675,28.387596,58.445034,64.25953,10.7867365,61.32358,75.106346,144.02914,21.15295,34.680027,26.71185,10.573408,11.503045,28.676224,49.385227,22.415155,14.34792,186.94206,1.7387365,5.894296,0.0,2.797419,981.0014583961172,522.0
Saskatchewan,-105.7794588,50.009697,0,0,0,0,0,0,0,0,0,0,0,0,0,0,0,0,0,0,0,0,0,0,0,0,0,0,0,0,0,0,0,0,0,0,0,0,0,0,0,0,0,0,0,0,0,0,0,0,0,0,0,0,0,0,0,0,0,0,0,0,0,0,0,0,0,0,0,0,0,0,0,0,0,0,0,0,0,0,0,0,0,0,0,0,0,0,0,0,0,1,0,0,0,0,0,0,0,0,0,0,0,0,0,0,0,0,0,0,POINT (-766078.0400195584 177153.08936112004),14531,55.545715,18.647049,2.8252234,0.74209946,0.581986,0.79202276,1.6186569,0.72238725,0.048926756,0.015998509,2826.3757,18.418566,26.129429,8.039899,54.837646,62.102444,58.120815,26.618763,1.4264443,5.042435,12.067333,6.114825,31.493128,57.562836,23.084383,11.717393,137.0983,2.869806,5.903964,0.0,2.7945645,4846.534532805343,665.0
Saskatchewan,-105.7757245,51.930459,0,0,0,0,0,0,0,0,0,0,0,0,0,0,0,0,0,0,0,0,0,0,0,0,0,0,0,0,0,0,0,0,0,0,0,0,0,0,0,0,0,0,0,0,0,0,0,0,0,0,0,0,0,0,0,0,0,0,0,0,0,0,0,0,0,0,0,0,0,0,1,0,0,0,0,0,0,0,0,1,0,0,0,0,0,0,0,0,0,0,0,0,0,0,0,0,0,0,0,0,0,0,0,0,0,0,0,0,POINT (-730044.7517018394 386227.3348157606),23691,59.751045,14.657174,3.7727814,0.84971744,8.356898,0.54676366,1.8343589,0.57714796,0.08355331,0.026267136,27.663977,60.34694,66.12517,10.977195,60.75853,75.857506,148.55757,20.843454,36.25321,27.147406,10.48965,11.671254,28.766773,49.3462,22.552542,14.377941,189.42973,1.6900083,5.8982177,0.0,2.798304,3773.075310239486,538.0
Saskatchewan,-105.714431,50.03489906,0,0,0,0,0,0,0,0,0,0,0,0,0,0,0,0,0,0,0,0,0,0,0,0,0,0,0,0,0,0,0,0,0,0,0,0,0,0,0,0,0,0,0,0,0,0,0,0,0,0,0,0,0,0,0,0,0,0,0,0,0,0,0,0,0,0,0,0,0,0,0,0,0,0,0,0,0,0,0,0,0,0,0,0,0,0,0,0,0,1,0,0,0,0,0,0,0,0,0,0,0,0,0,0,0,0,0,0,POINT (-761032.3849470777 179125.16345326713),14532,54.769535,19.003931,2.562693,0.6881694,0.5731951,0.800249,1.4929991,0.7430427,0.049066458,0.015881656,2830.5063,18.843513,28.777382,9.399182,54.14675,64.52618,65.37184,25.576796,1.3133633,4.9606304,11.471962,5.9775066,27.457623,51.23459,20.468946,11.375047,144.8164,2.7511218,5.905061,0.0,2.7947214,1352.9285277988408,677.0
Saskatchewan,-105.666104,57.201114,0,0,0,0,0,0,0,0,0,0,0,0,0,0,0,0,0,0,0,0,0,0,0,0,0,0,0,0,0,0,0,0,0,0,0,0,0,0,0,0,0,0,0,0,0,0,0,0,0,0,0,0,0,0,0,0,0,0,0,0,0,0,0,0,0,0,0,0,0,0,0,0,0,0,0,0,0,0,0,0,0,0,0,0,0,0,0,0,0,0,0,0,0,0,0,0,0,0,0,0,0,0,0,0,1,0,0,0,POINT (-626484.7404186054 953286.5625527209),48117,68.56036,1.7543215,0.06956375,0.060314205,0.061400495,0.005859541,0.2358479,0.19746521,0.039960142,0.00054311485,4.3478847,0.4163376,0.21475983,0.34229386,7.0442567,11.313457,1.9517938,1.3078616,0.15390328,0.3182398,4.822748,0.2666889,17.630667,34.303978,2.0701876,0.011784476,0.60471344,0.05,5.5154324,0.0,2.6785724,4812.241401782143,526.0
Saskatchewan,-105.4519726,49.089639,0,0,0,0,0,0,0,0,0,0,0,0,0,0,0,0,0,0,0,0,0,0,1,0,0,0,0,0,0,0,0,0,0,0,0,0,0,0,0,0,0,0,0,0,0,0,0,0,0,0,0,0,0,0,0,0,0,0,0,0,0,0,0,0,0,0,0,0,0,0,0,0,0,0,0,0,0,0,0,0,0,0,0,0,0,0,0,0,0,0,0,0,0,0,0,0,0,0,0,0,0,0,0,0,0,0,0,0,POINT (-759721.9322021276 72527.93497468659),9736,51.226368,18.59272,2.694123,0.68646175,0.529512,0.72420955,1.5983163,0.7231374,0.047804546,0.013821818,2989.8604,20.033144,29.80382,10.009873,51.465538,63.550056,67.853065,26.354298,1.3652745,5.175261,11.591837,5.8519597,34.92959,64.11206,26.134756,11.151406,140.03128,2.6179795,5.908363,0.0,2.7935774,2543.0011594345747,765.0
Saskatchewan,-105.3551453,49.719457,0,0,0,0,0,0,0,0,0,0,0,0,0,0,0,0,0,0,0,0,0,0,0,0,0,0,0,0,0,0,0,0,0,0,0,0,0,0,0,0,0,0,0,0,0,0,0,0,0,0,0,0,0,0,0,0,0,0,0,0,0,0,0,0,0,0,0,0,0,0,0,0,0,0,0,0,0,0,0,0,0,0,0,0,0,0,0,0,0,1,0,0,0,0,0,0,0,0,0,0,0,0,0,0,0,0,0,0,POINT (-741410.5777201246 140390.6087382873),12790,53.19933,19.469334,2.6802666,0.6347638,0.5039819,0.6928155,1.4174907,0.75006026,0.046443332,0.013663123,2910.3406,18.91297,27.99098,8.564778,58.923477,63.14503,59.572083,27.427423,1.5293735,5.2916303,12.656171,6.3481216,31.08096,57.690144,22.832033,12.380321,140.84674,2.8767252,5.9085226,0.0,2.7945411,1463.7206178351732,682.0
Saskatchewan,-105.26167,50.62917,0,0,0,0,0,0,0,0,0,0,0,0,0,0,0,0,0,0,0,0,0,0,0,0,0,0,0,0,0,0,0,0,0,0,0,0,0,0,0,0,0,0,0,0,0,0,0,0,0,0,0,0,0,0,0,0,0,0,0,0,0,0,0,0,0,0,0,0,0,0,1,0,0,0,0,0,0,0,0,0,0,0,0,0,0,0,0,0,0,0,0,0,0,0,0,0,0,0,0,0,0,0,0,0,0,0,0,0,POINT (-718593.1453432868 238744.35451456063),17152,55.550575,19.422903,2.3310146,0.6237896,0.5329681,0.7697275,1.3178538,0.7509569,0.0497204,0.016199786,2716.167,18.92874,27.172192,8.3389225,54.366913,64.52814,60.629387,24.780865,1.2925899,5.4582396,11.421054,5.9004745,26.631802,51.36396,19.911186,11.461663,144.4673,2.6125488,5.9078436,0.0,2.7962613,1885.9209545156928,569.0
Saskatchewan,-105.1962081,51.849207,0,0,0,0,0,0,0,0,0,0,0,0,0,0,0,0,0,0,0,0,0,0,0,0,0,0,0,0,0,0,0,0,0,0,0,0,0,0,0,0,0,0,0,0,0,0,0,0,0,0,0,0,0,0,0,0,0,0,0,0,0,0,0,0,0,0,0,0,0,0,1,0,0,0,0,0,0,0,0,0,0,0,0,0,0,0,0,0,0,0,0,0,0,0,0,0,0,0,0,0,0,0,0,0,0,0,0,0,POINT (-692557.9624029589 370919.4979039517),22823,60.347015,14.631373,3.4647534,0.6937876,7.5677176,0.5975585,1.7255416,0.5794903,0.06702995,0.02107102,1341.1246,61.03233,65.75952,10.903912,53.333305,79.389145,153.28612,17.812542,37.158054,24.231234,9.083625,10.7261715,27.757034,48.700165,22.386309,13.149522,197.38112,1.7809556,5.907709,0.0,2.7997253,2718.4107172873555,529.0
Saskatchewan,-105.1557625,50.39373442,0,0,0,0,0,0,0,0,0,0,0,0,0,0,0,0,0,0,0,0,0,0,0,0,0,0,0,0,0,0,0,0,0,0,0,0,0,0,0,0,0,0,0,0,0,0,0,0,0,0,0,0,0,0,0,0,0,0,0,0,0,0,0,0,0,0,0,0,0,0,1,0,0,0,0,0,0,0,0,1,0,0,0,0,0,0,0,0,0,0,0,0,0,0,0,0,0,0,0,0,0,0,0,0,0,0,0,0,POINT (-715380.8438067887 211841.83654933216),15844,54.737495,19.48714,2.3257017,0.6167534,0.5247763,0.7596055,1.3064018,0.7537845,0.049326997,0.01604194,2791.6238,18.89614,27.144892,8.308593,54.81053,64.58733,60.32294,24.8466,1.3050165,5.455998,11.475876,5.916838,26.598871,51.32577,19.881197,11.53239,144.72935,2.6358898,5.908824,0.0,2.795792,4973.219038295189,580.0
Saskatchewan,-105.0819391,57.766668,0,0,0,0,0,0,0,0,0,0,0,0,0,0,0,0,0,0,0,0,0,0,0,0,0,0,0,0,0,0,0,0,0,0,0,0,0,0,0,0,0,0,0,0,0,0,0,0,0,0,0,0,0,0,0,0,0,0,0,0,0,0,0,0,0,0,0,0,0,0,0,0,0,0,0,0,0,0,0,0,0,0,0,0,0,0,0,0,0,0,0,0,0,0,0,0,0,0,0,0,0,0,0,0,1,0,0,0,POINT (-582768.4366872171 1008378.7032540281),50738,59.056557,0.79447275,0.06514305,0.025083516,0.006903105,0.005,0.14320251,0.046270914,0.015677914,0.0005,2.742448,0.3099405,0.17256145,0.0488898,4.02123,5.724961,0.8689355,0.6715072,0.039466176,0.19174027,0.8710093,0.13958637,9.751305,19.746895,1.0361764,0.005,0.6508751,0.05,5.129904,0.0,2.5142047,3208.1902496127977,563.0
Saskatchewan,-105.0041731,55.293889,0,0,0,0,0,0,0,0,0,0,0,0,0,0,0,0,0,0,0,0,0,0,0,0,1,0,0,0,0,0,0,0,0,0,0,0,0,0,0,0,0,1,0,0,0,0,0,0,0,0,0,0,0,0,0,0,0,0,0,0,0,0,0,0,0,0,0,0,0,0,0,0,0,0,0,0,0,0,0,0,0,0,0,0,0,1,0,0,0,0,0,0,0,0,0,0,0,0,0,0,0,0,0,0,0,0,0,0,POINT (-620477.9336049198 741784.9819962365),38962,57.43785,15.152305,5.216696,3.7477171,7.524105,3.291954,1.3222926,0.72789764,0.16213734,0.11898414,7.942415,106.583046,114.7768,37.64484,15.437301,79.10132,107.43534,7.2593627,2.242921,1.9798409,2.7305746,1.4582176,9.116278,22.150486,12.037415,5.330413,172.16457,36.492542,5.841674,0.0,2.777605,1847.7346388051844,390.0
Saskatchewan,-104.8738916,55.418888,0,0,0,0,0,0,0,0,0,0,0,0,0,0,0,0,0,0,0,0,0,0,0,0,0,0,0,0,0,0,0,0,0,0,0,0,0,0,0,0,0,1,0,0,0,0,0,0,0,0,0,0,0,0,0,0,0,0,0,0,0,0,0,0,0,0,0,0,0,0,0,0,0,0,0,0,0,0,0,0,0,0,0,0,0,0,0,0,0,0,0,0,0,0,0,0,0,0,0,0,0,0,0,0,0,0,0,0,POINT (-610354.0219549886 753999.1611073253),39399,57.637203,15.266662,3.986175,3.764156,7.2320685,3.3473165,1.5706207,0.7224794,0.16667336,0.11479084,9.045508,93.46547,95.51082,41.01844,13.16044,80.88389,107.64964,9.937727,2.715477,2.0711281,3.4634488,1.9590807,8.633824,22.022343,11.723603,6.420895,166.81151,55.467434,5.8393016,0.0,2.7770598,4014.6874898734,400.0
Saskatchewan,-104.8382577,49.129136,0,0,0,0,0,0,0,0,0,0,0,0,0,0,0,0,0,0,0,0,0,0,1,0,0,0,0,0,0,0,0,0,0,0,0,0,0,0,0,0,0,0,0,0,0,0,0,0,0,0,0,0,0,0,0,0,0,0,0,0,0,0,0,0,0,0,0,0,0,0,0,0,0,0,0,0,0,0,0,0,0,0,0,0,0,0,0,0,0,0,0,0,0,0,0,0,0,0,0,0,0,0,0,0,0,0,0,0,POINT (-714804.0109678619 69749.26840396933),9741,51.189342,19.692188,1.9834722,0.5102052,0.36613765,0.6712542,1.245715,0.7842339,0.04942627,0.016552566,3030.2642,20.407972,30.81726,10.38996,51.527187,69.27308,71.766045,23.124218,1.128099,5.6683345,10.050654,5.6297507,27.382166,53.58234,21.366259,10.416066,155.0354,2.545213,5.913093,0.0,2.7940285,4810.350870890235,723.0
Saskatchewan,-104.8187553,49.960179,0,0,0,0,0,0,0,0,0,0,1,0,0,0,0,0,0,0,0,0,0,0,0,0,0,0,0,0,0,0,0,0,0,0,0,0,0,0,0,0,0,0,0,0,0,0,0,0,0,0,0,0,0,0,0,0,0,0,0,0,0,0,0,0,0,0,0,0,0,0,0,0,0,0,0,0,0,0,0,0,0,0,0,0,0,0,0,0,0,0,0,0,0,0,0,0,0,0,0,0,0,0,0,0,0,0,0,0,POINT (-699216.2687652868 160671.19464096698),13666,53.153038,19.42185,2.2516994,0.5889633,0.4971226,0.7430689,1.2721398,0.75577956,0.049264666,0.01637254,2911.3218,18.771591,27.232452,8.413687,53.36594,65.444954,60.653652,23.961239,1.2546867,5.424059,10.961973,5.6567655,26.300266,51.320763,19.919062,11.14297,146.6023,2.5900445,5.912558,0.0,2.7953417,1031.8696136551612,608.0
Saskatchewan,-104.73361,55.70167,0,0,0,0,0,0,0,0,0,0,0,0,0,0,0,0,0,0,0,0,0,0,0,0,0,0,0,0,0,0,0,0,0,0,0,0,0,0,0,0,0,1,0,0,0,0,0,0,0,0,0,0,0,0,0,0,0,0,0,0,0,0,0,0,0,0,0,0,0,0,0,0,0,0,0,0,0,0,0,0,0,0,0,0,0,0,0,0,0,0,0,0,0,0,0,0,0,0,0,0,0,0,0,0,0,0,0,0,POINT (-597048.9292332797 783147.669905621),40708,59.816395,15.109256,6.426848,2.6595705,5.5388,3.139075,1.802991,0.50585604,0.16641538,0.11073025,2.9500246,31.45363,23.299006,31.284403,14.504869,48.71654,76.15981,6.7688756,5.756265,0.50680983,3.2694218,0.9142542,11.022147,26.00206,14.507547,8.138355,189.19633,29.883856,5.8148055,0.0,2.7694337,4314.9145287859865,394.0
Saskatchewan,-104.54123,58.06819,0,0,0,0,0,0,0,0,0,0,0,0,0,0,0,0,0,0,0,0,0,0,0,0,0,0,0,0,0,0,0,0,0,0,0,0,0,0,0,0,0,0,0,0,0,0,0,0,0,0,0,0,0,0,0,0,0,0,0,0,0,0,0,0,0,0,0,0,0,0,0,0,0,0,0,0,0,0,0,0,0,0,0,0,0,0,0,0,0,0,0,0,0,0,0,0,0,0,0,0,0,0,0,0,1,0,0,0,POINT (-546861.9195071572 1035932.3462460866),52049,60.550583,0.64374006,0.051591054,0.0119135715,0.0055442085,0.005,0.0746793,0.041090105,0.016201947,0.0005,3.179393,0.16505402,0.10930743,0.023630721,4.368533,2.457135,0.6234868,0.79334134,0.030175518,0.21499504,1.038732,0.15529816,8.526025,17.8336,1.2192119,0.0060544075,0.3264443,0.05,5.3629484,0.0,2.631382,5137.4021710191255,490.0
Saskatchewan,-104.4335795,49.03696,0,0,0,0,0,0,0,0,0,0,0,0,0,0,0,0,0,0,0,0,0,0,0,0,0,0,0,0,0,0,0,0,0,0,0,0,0,0,0,0,0,0,0,0,0,0,0,0,0,0,0,0,0,0,0,0,0,0,0,0,0,0,0,0,0,0,0,0,0,0,0,0,0,0,0,0,0,0,0,0,0,0,0,0,0,0,0,0,0,1,0,0,0,0,0,0,0,0,0,0,0,0,0,0,0,0,0,0,POINT (-687136.7727784208 55159.094604949656),9307,50.928783,18.695839,2.3492584,0.60732603,0.43503022,0.7974817,1.403844,0.7384953,0.053935252,0.02041738,3061.058,20.132896,30.401907,9.575207,50.513256,68.64292,68.87389,23.189013,1.1030103,5.5516176,9.816236,5.719295,27.33064,53.085403,21.014133,9.859072,148.73384,2.53022,5.915216,0.0,2.7940736,5624.416698629523,663.0
Saskatchewan,-104.281573,56.000618,0,0,0,0,0,0,0,0,0,0,0,0,0,0,0,0,0,0,0,0,0,0,0,0,0,0,0,0,0,0,0,0,0,0,0,0,0,0,0,0,0,1,0,0,0,0,0,0,0,0,0,0,0,0,0,0,0,0,0,0,0,0,0,0,0,0,0,0,0,0,0,0,0,0,0,0,0,0,0,0,0,0,0,0,0,0,0,0,0,0,0,0,0,0,0,0,0,0,0,0,0,0,0,0,0,0,0,0,POINT (-564784.8462768097 811244.6638265918),42020,60.02097,16.138487,6.929144,2.7197988,6.1762953,2.588919,2.1114666,0.46140066,0.19984832,0.09630049,3.813216,32.204857,28.673399,1738.926,16.141687,70.35593,68.47802,12.023749,5.9437447,1.1125451,6.9124966,4.156829,18.411043,38.229652,17.856432,7.9112973,137.6749,0.47514543,5.803481,0.0,2.7653666,4944.242086261282,519.0
Saskatchewan,-104.2791675,55.984445,0,0,0,0,0,0,0,0,0,0,0,0,0,0,0,0,0,0,0,0,0,0,0,0,0,0,0,0,0,0,0,0,0,0,0,0,0,0,0,0,0,1,0,0,0,0,0,0,0,0,0,0,0,0,0,0,0,0,0,0,0,0,0,0,0,0,0,0,0,0,0,0,0,0,0,0,0,0,0,0,0,0,0,0,0,0,0,0,0,0,0,0,0,0,0,0,0,0,0,0,0,0,0,0,0,0,0,0,POINT (-564895.7243120807 809479.5145521184),42020,60.02097,16.138487,6.929144,2.7197988,6.1762953,2.588919,2.1114666,0.46140066,0.19984832,0.09630049,3.813216,32.204857,28.673399,1738.926,16.141687,70.35593,68.47802,12.023749,5.9437447,1.1125451,6.9124966,4.156829,18.411043,38.229652,17.856432,7.9112973,137.6749,0.47514543,5.803481,0.0,2.7653666,4923.476977488924,507.0
Saskatchewan,-103.8999997,56.208336,0,0,0,0,0,0,0,0,0,0,0,0,0,0,0,0,0,0,0,0,0,0,0,0,0,0,0,0,0,0,0,0,0,0,0,0,0,0,0,0,0,1,0,0,0,0,0,0,0,0,0,0,0,0,0,0,0,0,0,0,0,0,0,0,0,0,0,0,0,0,0,0,0,0,0,0,0,0,0,0,0,0,0,0,0,0,0,0,0,0,0,0,0,0,0,0,0,0,0,0,0,0,0,0,0,0,0,0,POINT (-538564.6973657791 830336.1573685268),42894,59.36921,15.6439295,8.663922,3.2577748,5.491433,2.3445032,1.3402777,0.5410391,0.14926748,0.09964112,4.654697,27.452263,29.18899,1067.8486,15.927436,80.314186,76.64112,7.4611244,4.4503145,0.91232526,2.9952269,5.440333,15.098423,31.616037,15.8138685,5.3422585,161.43367,2.361313,5.788128,0.0,2.759932,1474.4418450514952,410.0
Saskatchewan,-103.8030548,58.261669,0,0,0,0,0,0,0,0,0,0,0,0,0,0,0,0,0,0,0,0,0,0,0,0,0,0,0,0,0,0,0,0,0,0,0,0,0,0,0,0,0,0,0,0,0,0,0,0,0,0,0,0,0,0,0,0,0,0,0,0,0,0,0,0,0,0,0,0,0,0,0,0,0,0,0,0,0,0,0,0,0,0,0,0,0,0,0,0,0,0,0,0,0,0,0,0,0,0,0,0,0,0,0,0,1,0,0,0,POINT (-501937.37354307395 1050631.3565780297),52490,62.40588,2.27501,0.086550005,0.5451529,0.5033723,0.005,0.37662047,0.19506757,0.040883772,0.005060765,3.5776572,0.24405989,0.16265562,0.034606382,4.075466,5.474124,0.97814983,1.1353059,0.044332046,0.49321067,1.8813798,1.2272412,13.82968,29.525078,1.5359858,0.007360499,0.44131464,0.05,5.5001183,0.0,2.691584,2037.6241673839063,454.0
Saskatchewan,-103.7108265,58.196106,0,0,0,0,0,0,0,0,0,0,0,0,0,0,0,0,0,0,0,0,0,0,0,0,0,0,0,0,0,0,0,0,0,0,0,0,0,0,0,0,0,0,0,0,0,0,0,0,0,0,0,0,0,0,0,0,0,0,0,0,0,0,0,0,0,0,0,0,0,0,0,0,0,0,0,0,0,0,0,0,0,0,0,0,0,0,0,0,0,0,0,0,0,0,0,0,0,0,0,0,0,0,0,0,1,0,0,0,POINT (-497683.2753970995 1042857.6530920118),52054,60.627758,3.5169768,0.08986037,1.1128132,0.87668175,0.005,0.5631595,0.25420076,0.05536315,0.008486887,3.689998,0.25666657,0.15401885,0.03326711,3.8876889,5.1834693,1.0312532,1.1410439,0.046583377,0.50593835,2.2205167,2.006431,13.864389,29.644922,1.6233573,0.009710634,0.4655533,0.05,5.4999413,0.0,2.6873841,3678.763239434436,456.0
Saskatchewan,-103.6130618,55.685276,0,0,0,0,0,0,0,0,0,0,0,0,0,0,0,0,0,0,0,0,0,0,0,0,0,0,0,0,0,0,0,0,0,0,0,0,0,0,0,0,0,1,0,0,0,0,0,0,0,0,0,0,0,0,0,0,0,0,0,0,0,0,0,0,0,0,0,0,0,0,0,0,0,0,0,0,0,0,0,0,0,0,0,0,0,0,0,0,0,0,0,0,0,0,0,0,0,0,0,0,0,0,0,0,0,0,0,0,POINT (-529005.3278569604 771459.3393493596),40279,58.37826,15.157102,8.634186,3.1330712,6.373836,3.4781613,1.4206326,0.6205096,0.23139122,0.10773762,2.951812,31.821535,38.016895,29.384974,17.126541,81.18403,81.406624,4.2146187,0.99837327,1.476425,1.228348,0.9539286,8.219506,19.413809,9.538433,4.77504,137.87975,0.45092896,5.8825426,0.0,2.7907386,1766.04268238295,489.0
Saskatchewan,-103.414571,55.66778,0,0,0,0,0,0,0,0,0,0,0,0,0,0,0,0,0,0,0,0,0,0,0,0,0,0,0,0,0,0,0,0,0,0,0,0,0,0,0,0,0,1,0,0,0,0,0,0,0,0,0,0,0,0,0,0,0,0,0,0,0,0,0,0,0,0,0,0,0,0,0,0,0,0,0,0,0,0,0,0,0,0,0,0,0,0,0,0,0,0,0,0,0,0,0,0,0,0,0,0,0,0,0,0,0,0,0,0,POINT (-517137.9506452207 767936.1261773614),40280,53.963367,14.926498,10.302907,4.1960974,8.231115,3.0229702,0.97035533,0.6480425,0.15989223,0.14461066,1.0002912,31.563063,51.686295,35.10772,16.865978,76.64339,76.23569,2.9669065,0.77946997,1.0486486,0.86918503,0.7374696,5.614671,13.495717,7.3353267,3.9344063,188.09532,0.41383582,5.891879,0.0,2.7935174,3528.3933212972784,428.0
Saskatchewan,-103.0202158,49.105929,0,0,0,0,0,0,0,0,0,0,0,0,0,0,0,0,0,0,0,0,0,0,1,0,0,0,0,0,0,0,0,0,0,0,0,0,0,0,0,0,0,0,0,0,0,0,0,0,0,0,0,0,0,0,0,0,0,0,0,0,0,0,0,0,0,0,0,0,0,0,0,0,0,0,0,0,0,0,0,0,0,0,0,0,0,0,0,0,0,0,0,0,0,0,0,0,0,0,0,0,0,0,0,0,0,0,0,0,POINT (-583818.5479038019 48634.25801272307),8882,51.205467,14.457132,3.0474536,0.7673945,0.279928,0.83550006,1.9333642,0.6364904,0.032666262,0.020354606,3216.7158,18.234268,31.843718,8.053435,44.49012,69.02214,66.1722,21.180418,0.99968505,2.3016608,8.105951,4.163322,27.942247,50.167274,20.982782,8.106071,132.95386,3.8755271,5.9267783,0.0,2.7945821,4055.214744033243,567.0
Saskatchewan,-102.9918586,49.1395576,0,0,0,0,0,0,0,0,0,0,0,0,0,0,0,0,0,0,0,0,0,0,1,0,0,0,0,0,0,0,0,0,0,0,0,0,0,0,0,0,0,0,0,0,0,0,0,0,0,0,0,0,0,0,0,0,0,0,0,0,0,0,0,0,0,0,0,0,0,0,0,0,0,0,0,0,0,0,0,0,0,0,0,0,0,0,0,0,0,0,0,0,0,0,0,0,0,0,0,0,0,0,0,0,0,0,0,0,POINT (-581296.7780639024 52083.10260525888),8882,51.205467,14.457132,3.0474536,0.7673945,0.279928,0.83550006,1.9333642,0.6364904,0.032666262,0.020354606,3216.7158,18.234268,31.843718,8.053435,44.49012,69.02214,66.1722,21.180418,0.99968505,2.3016608,8.105951,4.163322,27.942247,50.167274,20.982782,8.106071,132.95386,3.8755271,5.9267783,0.0,2.7945821,2453.5617918859,569.0
Saskatchewan,-102.9742843,49.12002,0,0,0,0,0,0,0,0,0,0,0,0,0,0,0,0,0,0,0,0,0,0,1,0,0,0,0,0,0,0,0,0,0,0,0,0,0,0,0,0,0,0,0,0,0,0,0,0,0,0,0,0,0,0,0,0,0,0,0,0,0,0,0,0,0,0,0,0,0,0,0,0,0,0,0,0,0,0,0,0,0,0,0,0,0,0,0,0,0,0,0,0,0,0,0,0,0,0,0,0,0,0,0,0,0,0,0,0,POINT (-580296.760131551 49767.97937175223),8882,51.205467,14.457132,3.0474536,0.7673945,0.279928,0.83550006,1.9333642,0.6364904,0.032666262,0.020354606,3216.7158,18.234268,31.843718,8.053435,44.49012,69.02214,66.1722,21.180418,0.99968505,2.3016608,8.105951,4.163322,27.942247,50.167274,20.982782,8.106071,132.95386,3.8755271,5.9267783,0.0,2.7945821,376.5361384541847,546.0
Saskatchewan,-102.8797397,49.100149,0,0,0,0,0,0,0,0,0,0,0,0,0,0,0,0,0,0,0,0,0,0,1,0,0,0,0,0,0,0,0,0,0,0,0,0,0,0,0,0,0,0,0,0,0,0,0,0,0,0,0,0,0,0,0,0,0,0,0,0,0,0,0,0,0,0,0,0,0,0,0,0,0,0,0,0,0,0,0,0,0,0,0,0,0,0,0,0,0,0,0,0,0,0,0,0,0,0,0,0,0,0,0,0,0,0,0,0,POINT (-573725.0519651237 46718.48630548957),8883,51.212563,15.528404,2.9133842,0.75335073,0.3559705,0.85529953,1.8221078,0.6624104,0.042768184,0.021633659,3232.8433,19.095665,31.201172,8.2635355,46.454727,69.03176,66.71764,21.90214,1.0042717,3.4724603,8.552381,4.7962008,27.70978,50.830696,20.90496,8.5479965,136.69997,3.394837,5.927869,0.0,2.794616,4964.0021379761065,564.0
Saskatchewan,-102.858797,49.142675,0,0,0,0,0,0,0,0,0,0,0,0,0,0,0,0,0,0,0,0,0,0,1,0,0,0,0,0,0,0,0,0,0,0,0,0,0,0,0,0,0,0,0,0,0,0,0,0,0,0,0,0,0,0,0,0,0,0,0,0,0,0,0,0,0,0,0,0,0,0,0,0,0,0,0,0,0,0,0,0,0,0,0,0,0,0,0,0,0,0,0,0,0,0,0,0,0,0,0,0,0,0,0,0,0,0,0,0,POINT (-571625.4098131248 51220.98659672149),8883,51.212563,15.528404,2.9133842,0.75335073,0.3559705,0.85529953,1.8221078,0.6624104,0.042768184,0.021633659,3232.8433,19.095665,31.201172,8.2635355,46.454727,69.03176,66.71764,21.90214,1.0042717,3.4724603,8.552381,4.7962008,27.70978,50.830696,20.90496,8.5479965,136.69997,3.394837,5.927869,0.0,2.794616,2033.0395235703056,578.0
Saskatchewan,-102.8494419,54.67499654,0,0,0,0,0,0,0,0,0,0,0,0,0,0,0,0,0,0,0,0,0,0,0,0,1,0,0,0,0,0,0,0,0,0,0,0,0,0,0,0,0,0,0,0,0,0,0,0,0,0,1,0,0,0,0,0,0,0,0,0,0,0,0,0,0,0,0,0,0,0,0,0,0,0,0,0,0,0,0,0,0,0,0,0,0,1,0,0,0,0,0,0,0,0,0,0,0,0,0,0,0,0,0,0,0,0,1,0,POINT (-495931.20862957195 655932.4851281923),35486,60.926266,13.646814,6.780452,3.1227398,5.0121937,2.1560366,1.7385601,0.50252223,0.13282391,0.25292012,2.0501955,48.438206,42.267796,20.869661,18.106531,199.58472,96.10357,5.703824,1.3492976,6.8779645,0.94205797,1.0457819,8.76417,20.133633,13.624191,8.301135,123.80472,0.3445918,6.0128303,0.0,2.852227,5753.4932761906,318.0
Saskatchewan,-102.8156485,49.04987011,0,0,0,0,0,0,0,0,0,0,0,0,0,0,0,0,0,0,0,0,0,0,1,0,0,0,0,0,0,0,0,0,0,0,0,0,0,0,0,0,0,0,0,0,0,0,0,0,0,0,0,0,0,0,0,0,0,0,0,0,0,0,0,0,0,0,0,0,0,0,0,0,0,0,0,0,0,0,0,0,0,0,0,0,0,0,0,0,0,0,0,0,0,0,0,0,0,0,0,0,0,0,0,0,0,0,0,0,POINT (-569767.3105464525 40594.91791421603),8447,51.22694,15.91237,2.8642807,0.74543965,0.3785463,0.85973036,1.7803115,0.67120576,0.045699336,0.021935226,3237.7097,19.334398,30.987497,8.342377,47.14849,68.96949,66.82582,22.161787,1.0115528,3.8401182,8.730565,4.998265,27.639622,51.065125,20.876694,8.718447,137.93358,3.245981,5.927777,0.0,2.794462,638.7434895968202,546.0
Saskatchewan,-102.8021981,49.06874066,0,0,0,0,0,0,0,0,0,0,0,0,0,0,0,0,0,0,0,0,0,0,1,0,0,0,0,0,0,0,0,0,0,0,0,0,0,0,0,0,0,0,0,0,0,0,0,0,0,0,0,0,0,0,0,0,0,0,0,0,0,0,0,0,0,0,0,0,0,0,0,0,0,0,0,0,0,0,0,0,0,0,0,0,0,0,0,0,0,0,0,0,0,0,0,0,0,0,0,0,0,0,0,0,0,0,0,0,POINT (-568534.9718005765 42556.9001086854),8447,51.22694,15.91237,2.8642807,0.74543965,0.3785463,0.85973036,1.7803115,0.67120576,0.045699336,0.021935226,3237.7097,19.334398,30.987497,8.342377,47.14849,68.96949,66.82582,22.161787,1.0115528,3.8401182,8.730565,4.998265,27.639622,51.065125,20.876694,8.718447,137.93358,3.245981,5.927777,0.0,2.794462,2946.8083494591974,530.0
Saskatchewan,-102.7885072,49.087551,0,0,0,0,0,0,0,0,0,0,0,0,0,0,0,0,0,0,0,0,0,0,1,0,0,0,0,0,0,0,0,0,0,0,0,0,0,0,0,0,0,0,0,0,0,0,0,0,0,0,0,0,0,0,0,0,0,0,0,0,0,0,0,0,0,0,0,0,0,0,0,0,0,0,0,0,0,0,0,0,0,0,0,0,0,0,0,0,0,0,0,0,0,0,0,0,0,0,0,0,0,0,0,0,0,0,0,0,POINT (-567286.8942521377 44510.26363830705),8447,51.22694,15.91237,2.8642807,0.74543965,0.3785463,0.85973036,1.7803115,0.67120576,0.045699336,0.021935226,3237.7097,19.334398,30.987497,8.342377,47.14849,68.96949,66.82582,22.161787,1.0115528,3.8401182,8.730565,4.998265,27.639622,51.065125,20.876694,8.718447,137.93358,3.245981,5.927777,0.0,2.794462,5263.341771379626,565.0
Saskatchewan,-102.7744745,49.069018,0,0,0,0,0,0,0,0,0,0,0,0,0,0,0,0,0,0,0,0,0,0,1,0,0,0,0,0,0,0,0,0,0,0,0,0,0,0,0,0,0,0,0,0,0,0,0,0,0,0,0,0,0,0,0,0,0,0,0,0,0,0,0,0,0,0,0,0,0,0,0,0,0,0,0,0,0,0,0,0,0,0,0,0,0,0,0,0,0,0,0,0,0,0,0,0,0,0,0,0,0,0,0,0,0,0,0,0,POINT (-566521.1217908334 42340.13949096424),8447,51.22694,15.91237,2.8642807,0.74543965,0.3785463,0.85973036,1.7803115,0.67120576,0.045699336,0.021935226,3237.7097,19.334398,30.987497,8.342377,47.14849,68.96949,66.82582,22.161787,1.0115528,3.8401182,8.730565,4.998265,27.639622,51.065125,20.876694,8.718447,137.93358,3.245981,5.927777,0.0,2.794462,4192.657543346443,560.0
Saskatchewan,-102.0563816,54.652502,0,0,0,0,0,0,0,0,0,0,0,0,0,0,0,0,0,0,0,0,0,0,0,0,1,0,0,0,0,0,0,0,0,0,0,0,0,0,0,0,0,0,0,0,0,0,0,0,0,0,0,0,0,0,0,0,0,0,0,0,0,0,0,0,0,0,0,0,0,0,0,0,0,0,0,0,0,0,0,0,0,0,0,0,0,0,0,0,0,0,0,0,0,0,0,0,0,0,0,0,0,0,0,0,0,0,1,0,POINT (-446314.87738709233 647616.401458831),35055,49.917015,14.395159,4.8792024,6.179358,8.804489,2.0520961,0.5174372,1.0180882,0.12331622,0.13804191,4.01318,50.030376,51.68766,34.22644,17.297846,75.812584,83.81518,3.155085,2.1125977,3.3700385,1.8727009,1.222678,16.91217,37.243057,16.094456,4.565198,147.51242,49.90778,6.0738926,0.0,2.9096315,4388.726500506701,328.0
Saskatchewan,-101.9296429,50.748881,0,0,0,0,0,0,0,0,0,0,0,0,0,0,0,0,0,0,0,0,0,0,0,0,0,0,0,0,0,0,0,0,0,0,0,0,0,0,0,0,0,0,0,0,0,0,0,0,0,0,0,0,0,0,0,0,0,0,0,0,0,0,0,0,0,0,0,0,0,0,1,0,0,0,0,0,0,0,0,1,0,0,0,0,0,0,0,0,0,0,0,0,0,0,0,0,0,0,0,0,0,0,0,0,0,0,0,0,POINT (-484970.4775928303 220330.78978973904),16304,50.975864,13.006831,5.2074265,3.2856843,3.0613756,1.0585759,1.1049733,0.7251109,0.11089451,0.09717035,3399.843,52.999012,153.55827,29.542885,45.09438,686.33386,58.73644,16.564182,17.925812,7.785539,4.6262665,3.6772087,17.63314,36.042736,16.656364,7.9800005,202.49628,1.5833259,5.9434123,0.0,2.7988026,4981.483288062644,499.0
Saskatchewan,-101.8833333,54.56666666666667,0,0,0,0,0,0,0,0,0,0,0,0,0,0,0,0,0,0,0,0,0,0,0,0,0,0,0,0,0,0,0,0,0,0,0,0,0,0,0,0,0,1,0,0,0,0,0,0,0,0,0,0,0,0,0,0,0,0,0,0,0,0,0,0,0,0,0,0,0,0,0,0,0,0,0,0,0,0,0,0,0,0,0,0,0,0,0,0,0,0,0,0,0,0,0,0,0,0,0,0,0,0,0,0,0,0,0,0,POINT (-436426.3623679699 637088.6025298194),34620,52.167313,14.662147,6.1089873,5.866074,8.006355,2.560769,0.6845832,0.6027796,0.1188683,0.12810475,3.1925328,47.99609,39.14516,39.07436,22.720491,100.05342,74.10336,3.4023552,2.1939251,4.2922235,2.2524557,1.1565026,15.922879,32.794746,14.968646,3.4433331,118.857346,140.76865,6.073431,0.0,2.9009237,4609.50060889364,320.0
Saskatchewan,-101.8786249,54.75694,0,0,0,0,0,0,0,0,0,0,0,0,0,0,0,0,0,0,0,0,0,0,0,0,1,0,0,0,0,0,0,0,0,0,0,0,0,0,0,0,0,1,0,0,0,0,0,0,0,0,0,0,0,0,0,0,0,0,0,0,0,0,0,0,0,0,0,0,0,0,0,0,0,0,0,0,0,0,0,0,0,0,0,0,0,0,0,0,0,0,0,0,0,0,0,0,0,0,0,0,0,0,0,0,0,0,1,0,POINT (-433884.25301878 657732.3280343364),35493,55.213226,14.267392,7.6971006,4.248021,7.4546485,3.216288,0.6246406,0.5187254,0.1329569,0.15105252,3.759377,42.444397,31.925169,31.62619,17.79224,45.666187,79.74619,3.770624,1.289053,3.6604428,1.6766999,0.8735679,11.678825,23.625992,11.343112,3.0483334,167.36667,107.115746,6.0964303,0.0,2.9557462,4497.558109515608,323.0
Saskatchewan,-101.8498299,50.68298991,0,0,0,0,0,0,0,0,0,0,0,0,0,0,0,0,0,0,0,0,0,0,0,0,0,0,0,0,0,0,0,0,0,0,0,0,0,0,0,0,0,0,0,0,0,0,0,0,0,0,0,0,0,0,0,0,0,0,0,0,0,0,0,0,0,0,0,0,0,0,1,0,0,0,0,0,0,0,0,0,0,0,0,0,0,0,0,0,0,0,0,0,0,0,0,0,0,0,0,0,0,0,0,0,0,0,0,0,POINT (-480189.3911090221 212484.17019567543),15868,50.983994,13.124069,4.6642747,3.146922,2.9689324,1.0534601,1.1286062,0.72429454,0.10938133,0.09464532,3401.5283,51.82657,148.35817,28.659723,45.02411,659.5591,59.011288,16.61008,12.88891,8.069147,4.73001,3.733398,17.944216,36.56844,16.797039,7.9875593,198.15034,1.7632403,5.942962,0.0,2.798465,2491.365695925111,502.0
Saskatchewan,-101.7440383,52.98583,0,0,0,0,0,0,0,0,0,0,0,0,0,0,0,0,0,0,0,0,0,0,0,0,0,0,0,0,0,0,0,0,0,0,0,0,0,0,0,0,0,0,0,0,0,0,0,0,0,0,0,0,0,0,0,0,0,0,0,0,0,0,0,0,0,0,0,0,0,0,0,0,0,0,0,0,0,0,0,0,0,0,0,0,1,0,0,0,0,0,0,0,0,0,0,0,0,0,0,0,0,0,0,0,0,0,0,0,POINT (-445955.40275481215 463937.0474634547),26771,48.369854,10.904739,8.766091,3.9345026,9.944306,1.1539123,1.2915244,0.55273455,0.13276185,0.102213435,3445.792,96.34182,187.79907,33.80184,31.332138,659.096,140.65451,11.124061,34.010338,20.2527,4.803152,8.324075,18.798845,32.50486,17.918139,8.686419,218.73572,0.42803422,5.9742427,0.0,2.8162389,5644.112645116926,279.0
Saskatchewan,-101.5334994,50.458098,0,0,0,0,0,0,0,0,0,0,0,0,0,0,0,0,0,0,0,0,0,0,0,0,0,0,0,0,0,0,0,0,0,0,0,0,0,0,0,0,0,0,0,0,0,0,0,0,0,0,0,0,0,0,0,0,0,0,0,0,0,0,0,0,0,0,0,0,0,0,1,0,0,0,0,0,0,0,0,0,0,0,0,0,0,0,0,0,0,0,0,0,0,0,0,0,0,0,0,0,0,0,0,0,0,0,0,0,POINT (-460644.14463807276 185409.93683501077),14998,50.99018,13.133735,4.674761,3.120887,2.9560978,1.052741,1.1384887,0.72520703,0.10908584,0.09426589,3477.2437,51.697662,146.78033,28.428999,48.77054,649.7574,59.17259,15.210802,14.8966055,4.668529,4.7557154,3.7416356,18.032234,36.675037,16.843979,8.003474,197.97867,1.7890166,5.9448633,0.0,2.7977815,4634.977621622568,467.0
Yukon,-140.7161111,64.43916666666667,0,0,0,0,0,0,1,0,0,0,0,0,0,0,0,0,0,0,0,0,0,0,0,0,0,0,0,0,0,0,0,0,0,0,0,0,0,0,0,0,0,0,0,0,0,0,0,0,0,0,0,0,0,0,0,0,0,0,0,0,0,0,0,0,0,0,0,0,0,0,0,0,0,0,0,0,0,0,0,0,0,0,0,0,0,0,0,0,0,0,0,0,0,0,0,0,0,0,0,0,0,0,0,0,0,0,0,0,POINT (-1955452.015795082 2418955.342775506),112076,55.2643,6.0701475,5.0282097,4.4480786,8.04672,1.285498,1.8747671,0.34730577,0.06797885,0.09489167,89.40386,13.991114,180.06953,25.827038,18.548958,912.4398,19.607416,12.95813,-0.0072557987,62.71451,7.450634,1.763753,18.24186,36.74803,15.753238,6.839721,97.057014,0.984279,6.1784334,0.0,2.8003476,4666.795627960862,601.0
Yukon,-140.6717583,64.23529521,0,0,0,0,0,0,0,0,0,0,0,0,0,0,0,0,0,0,0,0,0,0,0,0,0,0,0,0,0,0,0,0,0,0,0,0,0,0,0,0,0,1,0,0,0,0,0,0,0,0,0,0,0,0,0,0,0,0,0,0,0,0,0,0,0,0,0,0,0,0,0,0,0,0,0,0,0,0,0,0,0,0,0,0,0,0,0,0,0,0,0,0,0,0,0,0,0,0,0,0,0,0,0,0,0,0,0,0,POINT (-1968389.1834266246 2400998.7459235326),111203,62.413036,10.200539,5.381536,2.7237656,5.003014,2.0349724,1.7762517,0.54293436,0.08915678,0.094857246,89.398254,15.852278,57.524937,17.954235,18.54902,265.43063,39.802055,19.986418,0.5061442,62.738262,8.068253,1.8957095,20.834888,42.46718,18.816372,6.8388877,97.0172,0.75714296,6.175453,0.0,2.7992625,1895.360890433891,728.0
Yukon,-139.5275,61.46528,0,0,0,0,0,0,0,0,0,0,0,0,0,0,0,0,0,0,0,0,0,0,0,0,1,0,0,0,0,0,0,0,0,0,0,0,0,0,0,0,0,1,0,0,0,0,0,0,0,0,0,0,0,0,0,0,0,0,0,0,0,0,0,1,0,0,0,0,0,1,0,0,0,0,0,0,0,0,0,0,0,0,0,0,0,0,0,0,0,0,0,0,0,0,0,0,0,0,0,0,0,0,0,0,0,0,0,0,POINT (-2120447.668833835 2136948.3337640925),99852,51.138786,15.863038,8.896375,5.6102853,7.318362,3.3856666,0.82536805,0.67218375,0.13817774,0.09222653,90.31271,36.45543,31.253681,20.294945,18.584776,148.96255,46.612236,-4.053388,-2.0,63.100925,2.3210874,1.1405289,8.597026,17.667965,9.116629,6.4526396,103.41746,-0.3986503,6.205699,0.0,2.809854,3084.0272067142164,1399.0
Yukon,-139.4326899,64.06435697,0,0,0,0,0,0,0,0,0,0,0,0,0,0,0,0,0,0,0,0,0,0,0,0,0,0,0,0,0,0,0,0,0,0,0,0,0,0,0,0,0,1,0,0,0,0,0,0,0,0,0,0,0,0,0,0,0,0,0,0,0,0,0,0,0,0,0,0,0,0,0,0,0,0,0,0,0,0,0,0,0,0,0,0,0,0,0,0,0,0,0,0,0,0,0,0,0,0,0,0,0,0,0,0,0,0,0,0,POINT (-1936006.8087786126 2348936.965235502),109026,52.158913,5.2009425,6.4785886,7.302263,2.0538719,1.5595065,1.8103645,0.2963307,0.086540505,0.09997829,88.95951,21.134415,717.5925,40.216816,18.49905,899.61005,44.71728,6.635103,-0.049949277,62.88359,6.049676,1.9008241,14.279456,28.842592,14.019051,7.3645487,99.88106,0.33942178,6.1990323,0.0,2.8076596,4132.566097793598,319.0
Yukon,-138.8818854,63.06469553,0,0,0,0,0,0,0,0,0,0,0,0,0,0,0,0,0,0,0,0,0,0,0,0,0,0,0,0,0,0,0,0,0,0,0,0,0,0,0,0,0,1,0,0,0,0,0,0,0,0,0,0,0,0,0,0,0,0,0,0,0,0,0,0,0,0,0,0,0,0,0,0,0,0,0,0,0,0,0,0,0,0,0,0,0,0,0,0,0,0,0,0,0,0,0,0,0,0,0,0,0,0,0,0,0,0,0,0,POINT (-1984733.8411866436 2248927.8487707125),104662,65.30324,15.475503,4.3912997,1.4129791,3.5448618,3.6972232,2.4755232,0.4159075,0.11008515,0.09510131,88.52773,3.2556627,1.4964265,9.2813635,18.54758,14.923463,43.437393,11.647466,-1.5016857,63.178925,5.918117,1.9194057,13.186255,29.659498,13.012909,6.834311,97.29183,-1.1676863,6.2068424,0.0,2.8103464,4853.718025358323,682.0
Yukon,-138.7313569,61.3203636,0,0,0,0,0,0,0,0,0,0,0,0,0,0,0,0,0,0,0,0,0,0,0,0,0,0,0,0,0,0,0,0,0,0,0,0,0,0,0,0,0,1,0,0,0,0,0,0,0,0,0,0,0,0,0,0,0,0,0,0,0,0,0,0,0,0,0,0,0,0,0,0,0,0,0,0,0,0,0,0,0,0,0,0,0,0,0,0,0,0,0,0,0,0,0,0,0,0,0,0,0,0,0,0,0,0,0,0,POINT (-2098722.4166853186 2098491.585408596),98110,54.142094,13.905611,8.011775,4.0810323,7.2466187,3.0016716,1.8523028,0.6622271,0.2983629,0.09220958,88.70307,22.7379,31.78299,22.024385,18.584719,208.82208,56.157448,6.5601263,-2.0,64.404976,5.4466662,1.7186258,17.070387,38.833954,22.713291,6.452245,103.389656,-0.20515312,6.2561145,0.0,2.8206203,1977.0864021908312,778.0
Yukon,-137.249,62.6167,0,0,0,0,0,0,0,0,0,0,0,0,0,0,0,0,0,0,0,0,0,0,0,0,1,0,0,0,0,0,0,0,0,0,0,0,0,0,0,0,0,1,0,0,0,0,0,0,0,0,0,0,0,0,0,0,0,0,0,0,0,0,0,0,0,0,0,0,0,0,0,0,0,0,0,0,0,0,0,0,0,0,0,0,0,0,0,0,0,0,0,0,0,0,0,0,0,0,0,0,0,0,0,0,0,0,0,0,POINT (-1952189.724002627 2160646.695994519),100741,63.519665,16.172295,9.672252,1.5374881,4.270083,4.180625,2.489601,0.41566765,0.17701846,0.10804496,21.747862,4.30816,1.4436979,8.520934,18.495018,14.443182,58.91852,8.815015,-0.9141384,94.10834,3.3713844,0.9988862,14.268181,28.184763,13.187924,7.4468417,115.24588,-0.40614307,6.2395906,0.0,2.821917,2283.7241195994493,809.0
Yukon,-137.1761111,62.05444444444444,0,0,0,0,0,0,0,0,0,0,0,0,0,0,0,0,0,0,0,0,0,0,0,0,0,0,0,0,0,0,0,0,0,0,0,0,0,0,0,0,0,1,0,0,0,0,0,0,0,0,0,0,0,0,0,0,0,0,0,0,0,0,0,0,0,0,0,0,0,0,0,0,0,0,0,0,0,0,0,0,0,0,0,0,0,1,0,0,0,0,0,0,0,0,0,0,0,0,0,0,0,0,0,0,0,0,0,0,POINT (-1986746.1792671182 2110507.909874849),98557,62.09643,16.147451,6.28426,2.5086238,4.889387,3.2103665,1.9873602,0.5477862,0.14784211,0.1080785,20.371145,15.0376005,8.76309,13.432428,18.495865,24.136059,44.469017,6.3131967,0.15652736,89.776054,6.3802595,1.4975889,17.34619,34.61092,14.992093,7.4396033,115.444275,0.4684141,6.2420816,0.0,2.8227499,3293.537320117762,1272.0
Yukon,-136.7994445,68.55,0,0,0,0,0,0,0,0,0,0,0,0,0,0,0,0,0,0,0,0,0,0,0,0,0,0,0,0,0,0,0,0,0,0,0,0,0,0,0,0,0,1,0,0,0,0,0,0,0,0,0,0,0,0,0,0,0,0,0,0,0,0,0,0,0,0,0,0,0,0,0,0,0,0,0,0,0,0,0,0,0,0,0,0,0,0,0,0,0,0,0,0,0,0,0,0,0,0,0,0,0,0,0,0,0,0,0,0,POINT (-1542440.4452029988 2655069.2922090543),122582,66.38753,14.860015,4.092326,1.180665,2.9288733,2.9039044,4.4883475,0.382216,0.14309974,0.11526558,23.140343,119.46253,41.560978,347.15753,18.479837,355.0348,19.417446,14.643052,21.857758,85.643936,32.423935,8.5551405,50.84785,93.958755,32.93659,7.0746694,127.003,12.536675,6.2081103,0.0,2.8433185,5502.045195099825,244.0
Yukon,-136.2636111,62.12361111111111,0,0,0,0,0,0,0,0,0,0,0,0,0,0,0,0,0,0,0,0,0,0,1,0,0,0,0,0,0,0,0,0,0,0,0,0,0,0,0,0,0,0,0,0,0,0,0,0,0,0,0,0,0,0,0,0,0,0,0,0,0,0,0,0,0,0,0,0,0,0,0,0,0,0,0,0,0,0,0,0,0,0,0,0,0,0,0,0,0,0,0,0,0,0,0,0,0,0,0,0,0,0,0,0,0,0,0,0,POINT (-1945533.1205056868 2088227.5488360666),97689,62.89119,15.360691,5.868689,2.6485765,3.7521105,2.7200644,2.3638716,0.64178467,0.20644625,0.10816248,20.550816,27.936491,45.532864,16.419352,18.492235,110.90781,84.48984,16.753304,-0.11846964,83.821495,5.75569,2.0667362,21.85181,42.11926,19.499512,7.4331713,115.15746,0.8823229,6.255065,0.0,2.827329,4805.867257531616,671.0
Yukon,-135.8975643,63.59427221,0,0,0,0,0,0,0,0,0,0,0,0,0,0,0,0,0,0,0,0,0,0,0,0,0,0,0,0,0,0,0,0,0,0,0,0,0,0,0,0,0,1,0,0,0,0,0,0,0,0,0,0,0,0,0,0,0,0,0,0,0,0,0,0,0,0,0,0,0,0,0,0,0,0,0,0,0,0,0,0,0,0,0,0,0,0,0,0,0,0,0,0,0,0,0,0,0,0,0,0,0,0,0,0,0,0,0,0,POINT (-1835422.8718176922 2204293.245217839),102496,66.0015,10.970179,4.0768642,2.0736668,3.6423275,2.1106634,2.6949134,0.5915693,0.13864665,0.11528331,26.459478,33.12451,29.38503,21.938377,18.475872,83.55699,106.11127,30.497368,0.5019312,44.244686,13.166933,4.1018143,29.293274,54.6118,21.695143,7.0610247,126.6202,24.305193,6.2600503,0.0,2.8292527,6275.665683594941,518.0
Yukon,-135.8456,64.0322,0,0,0,0,0,0,0,0,0,0,0,0,0,0,0,0,0,0,0,0,0,0,0,0,0,0,0,0,0,0,0,0,0,0,0,0,0,0,0,0,0,1,0,0,0,0,0,0,0,0,0,0,0,0,0,0,0,0,0,0,0,0,0,0,0,0,0,0,0,0,0,0,0,0,0,0,0,0,0,0,0,0,0,0,0,0,0,0,0,0,0,0,0,0,0,0,0,0,0,0,0,0,0,0,0,0,0,0,POINT (-1805074.6224374478 2240694.891313541),104243,66.10438,9.5343075,4.140326,1.9543536,4.4408026,1.8442087,2.2219722,0.66789156,0.123097934,0.11528207,24.953669,59.28891,42.009357,27.845974,18.476528,76.81037,96.12274,13.515175,0.55226034,37.185825,10.387468,2.9667554,26.872335,50.911945,20.006588,7.0635834,126.68774,10.507291,6.261585,0.0,2.8298676,4974.002032333435,812.0
Yukon,-135.4691667,60.20666666666667,0,0,0,0,0,0,0,0,0,0,0,0,0,0,0,0,0,0,0,0,0,0,0,0,0,0,0,0,0,0,0,0,0,0,0,0,0,0,0,0,0,1,0,0,0,0,0,0,0,0,0,0,0,0,0,0,0,0,0,0,0,0,0,0,0,0,0,0,0,0,0,0,0,0,0,0,0,0,0,0,0,0,0,0,0,1,0,0,0,0,0,0,0,0,0,0,0,0,0,0,0,0,0,0,0,0,0,0,POINT (-2036556.7708969465 1897323.0779282553),89396,61.70052,16.447243,6.0246096,2.3998835,4.885042,3.8898916,2.5181968,0.57945573,0.23217191,0.11407852,22.571527,14.2652,12.186281,12.000632,18.50667,56.46088,66.46788,17.44974,-2.0,32.991962,6.5181394,2.0256283,26.066055,49.77985,21.311974,7.1657486,122.695274,1.2104446,6.314768,0.0,2.840012,4361.307376020811,1784.0
Yukon,-135.41667,63.91667,0,0,0,0,0,0,0,0,0,0,0,0,0,0,0,0,0,0,0,0,0,0,0,0,0,0,0,0,0,0,0,0,0,0,0,0,0,0,0,0,0,1,0,0,0,0,0,0,0,0,1,0,0,0,0,0,0,0,0,0,0,0,0,0,0,0,0,0,0,0,0,0,0,0,0,0,0,0,0,0,0,0,0,0,0,1,0,0,0,0,0,0,0,0,0,0,0,0,0,0,0,0,0,0,0,0,1,0,POINT (-1796168.7616139918 2218528.5538241724),103372,57.982788,11.713672,8.73279,4.030576,6.2308183,1.919745,0.96657616,1.1326077,0.10881379,0.11529099,27.326778,78.29655,78.84561,35.68375,18.476006,145.36131,101.14709,11.664663,0.6279579,44.09961,3.1907547,1.1169744,12.14535,27.03159,13.281561,7.0624337,126.65454,0.70165133,6.2668624,0.0,2.8317158,4103.984704990278,1238.0
Yukon,-135.36625,63.92692,0,0,0,0,0,0,0,0,0,0,0,0,0,0,1,0,0,0,0,0,0,0,0,0,0,0,0,0,0,0,0,0,0,0,0,0,0,0,0,0,0,0,0,0,0,0,0,0,0,0,1,0,0,0,0,0,0,0,0,0,0,0,0,0,0,0,0,0,0,0,0,0,0,0,0,0,0,0,0,0,0,0,0,0,0,1,0,0,0,0,0,0,0,0,0,0,0,0,0,0,0,0,0,0,0,0,1,0,POINT (-1793580.725716197 2217997.570194285),103373,57.127804,13.018448,9.271273,4.0800805,7.414958,1.9305289,0.86124986,1.2075976,0.12729885,0.115293935,27.32918,94.98137,63.574337,37.045048,18.475943,108.96528,110.28159,13.016085,0.057315264,44.094254,3.6704333,1.3453391,13.776432,30.774265,15.068917,7.0625033,126.65545,0.34753197,6.269237,0.0,2.832563,4102.5899269434985,1207.0
Yukon,-135.30225,63.90947,0,0,0,0,0,0,0,0,0,0,0,0,0,0,0,0,0,0,0,0,0,0,0,0,0,0,0,0,0,0,0,0,0,0,0,0,0,0,0,0,0,1,0,0,0,0,0,0,0,0,1,0,0,0,0,0,0,0,0,0,0,0,0,0,0,0,0,0,0,0,0,0,0,0,0,0,0,0,0,0,0,0,0,0,0,1,0,0,0,0,0,0,0,0,0,0,0,0,0,0,0,0,0,0,0,0,1,0,POINT (-1792245.1153597238 2214674.3194166995),102937,55.352573,13.463959,9.458621,4.115887,7.7259946,2.0449758,0.8701073,1.2199394,0.12834403,0.11529722,27.345503,72.74031,54.934063,38.17212,18.475706,95.02952,108.32929,13.039825,-0.3793215,44.13191,4.145343,1.8407255,14.687176,31.98732,15.674685,7.061901,126.63847,0.17189772,6.2705812,0.0,2.833024,5185.3857323482125,952.0
Yukon,-135.258268,63.905576,0,0,0,0,0,0,0,0,0,0,0,0,0,0,0,0,0,0,0,0,0,0,0,0,0,0,0,0,0,0,0,0,0,0,0,0,0,0,0,0,0,1,0,0,0,0,0,0,0,0,1,0,0,0,0,0,0,0,0,0,0,0,0,0,0,0,0,0,0,0,0,0,0,0,0,0,0,0,0,0,0,0,0,0,0,1,0,0,0,0,0,0,0,0,0,0,0,0,0,0,0,0,0,0,0,0,1,0,POINT (-1790806.7630287348 2213096.2938770107),102937,55.352573,13.463959,9.458621,4.115887,7.7259946,2.0449758,0.8701073,1.2199394,0.12834403,0.11529722,27.345503,72.74031,54.934063,38.17212,18.475706,95.02952,108.32929,13.039825,-0.3793215,44.13191,4.145343,1.8407255,14.687176,31.98732,15.674685,7.061901,126.63847,0.17189772,6.2705812,0.0,2.833024,3199.507146508004,1185.0
Yukon,-135.0834051,60.73673403,0,0,0,0,0,0,0,0,0,0,0,0,0,0,0,0,0,0,0,0,0,0,0,0,1,0,0,0,0,0,0,0,0,0,0,0,0,0,0,0,0,1,0,0,0,0,0,0,0,0,0,0,0,0,0,0,0,0,0,0,0,0,0,0,0,0,0,0,0,0,0,0,0,0,0,0,0,0,0,0,0,0,0,0,0,0,0,0,0,0,0,0,0,0,0,0,0,0,0,0,0,0,0,0,0,0,0,0,POINT (-1985988.1596630223 1931377.9609915619),90709,62.278122,16.270151,4.3590684,2.0625098,4.8227897,4.390012,2.1666505,0.5167443,0.2028773,0.10904071,31.644758,15.595017,-9.691102,10.678714,18.476147,38.144745,46.056595,11.198048,-1.3836353,51.63836,11.132331,3.004939,26.639986,48.32599,20.871153,7.31857,115.153694,-0.06988075,6.316418,0.0,2.840561,4241.899110457622,666.0
Yukon,-134.6347222,60.025,0,0,0,0,0,0,0,0,0,0,0,0,0,0,0,0,0,0,0,0,0,0,0,0,0,0,0,0,0,0,0,0,0,0,0,0,0,0,0,0,0,1,0,0,0,0,0,0,0,0,0,0,0,0,0,0,0,0,0,0,0,0,0,0,0,0,0,0,0,0,0,0,0,0,0,0,0,0,0,0,0,0,0,0,0,1,0,0,0,0,0,0,0,0,0,0,0,0,0,0,0,0,0,0,0,0,0,0,POINT (-2011695.1839945219 1854869.6180462919),87219,60.820362,13.25386,5.4974065,2.438465,3.907467,3.3876991,2.5635166,0.507678,0.15083455,0.11033057,18.867191,85.46135,13.687529,16.2065,18.591274,34.89283,36.497574,12.788425,0.75056964,10.030835,7.347451,2.5150685,22.92864,43.11266,18.058973,8.02783,124.30325,0.33366677,6.3263063,0.0,2.8437753,5156.271209366702,1220.0
Yukon,-133.3730556,62.35722222222223,0,0,0,0,0,0,0,0,0,0,0,0,0,0,0,0,0,0,0,0,0,0,0,0,0,0,0,0,0,0,0,0,0,0,0,0,0,0,0,0,0,1,0,0,0,0,0,0,0,0,1,0,0,0,0,0,0,0,0,0,0,0,0,0,0,0,0,0,0,0,0,0,0,0,0,0,0,0,0,0,0,0,0,0,0,1,0,0,0,0,0,0,0,0,0,0,0,0,0,0,0,0,0,0,0,0,1,0,POINT (-1812627.1172186872 2023290.6382215263),94651,47.290066,14.099318,11.20881,6.203094,7.043223,3.207577,0.9432149,2.037144,0.26425022,0.10925081,180.27351,69.347435,57.39374,38.148483,17.324652,111.99479,88.4357,1.6280631,0.2991309,542.1144,2.7614505,0.72254884,21.932745,46.822906,25.330141,20.91898,124.084885,0.49403742,6.29183,0.0,2.8401964,4210.582479765226,1211.0
Yukon,-132.5325,61.97472222222223,0,0,0,0,0,0,0,0,0,0,0,0,0,0,0,0,0,0,0,0,0,0,1,0,0,0,0,0,0,0,0,0,0,0,0,0,0,0,0,0,0,0,0,0,0,0,0,0,0,0,0,0,0,0,0,0,0,0,0,0,0,0,0,0,0,0,0,0,0,0,0,0,0,0,0,0,0,0,0,0,0,0,0,0,0,0,0,0,0,0,0,0,0,0,0,0,0,0,0,0,0,0,0,0,0,0,0,0,POINT (-1800712.9409859492 1965206.4344400484),92472,62.00455,14.538347,3.4254415,1.9481747,4.232096,2.819711,2.7548206,0.7371396,0.16095515,0.11306732,219.02063,20.929998,36.153503,14.998422,15.597239,33.365757,58.206966,17.311522,-0.011228797,562.7005,17.309547,4.072491,43.494335,89.582436,34.196655,32.248726,126.08894,9.677377,6.3401074,0.0,2.848387,4845.946639002455,863.0
Yukon,-132.2711111,61.53805555555555,0,0,0,0,0,0,0,0,0,0,0,0,0,0,0,0,0,0,0,0,0,0,0,0,0,0,0,0,0,0,0,0,0,0,0,0,0,0,0,0,0,1,0,0,0,0,0,0,0,0,0,0,0,0,0,0,0,0,0,0,0,0,0,0,0,0,0,0,0,0,0,0,0,0,0,0,0,0,0,0,0,0,0,0,0,1,0,0,0,0,0,0,0,0,0,0,0,0,0,0,0,0,0,0,0,0,0,0,POINT (-1815760.4743609088 1918486.3737008567),90290,49.273937,13.766862,10.5563135,5.032613,5.1933036,3.3621297,1.0764749,2.5283306,0.480772,0.119744204,228.81677,65.0421,88.56572,33.125046,14.012137,166.92577,111.445274,4.2601523,-1.7673985,584.38153,8.7324295,1.8715202,46.87397,92.733215,41.155132,38.455685,98.38953,1.0453246,6.3429003,0.0,2.8492258,4501.934302335221,1604.0
Yukon,-132.0319444,63.58583333333333,0,0,0,0,0,0,0,0,0,0,0,0,0,0,0,0,0,0,0,0,0,0,0,0,0,0,0,0,0,0,0,0,0,0,0,0,0,0,0,0,0,1,0,0,0,0,0,0,0,0,1,0,0,0,0,0,0,0,0,0,0,0,0,0,0,0,0,0,0,0,0,0,0,0,0,0,0,0,0,0,0,0,0,0,0,1,0,0,0,0,0,0,0,0,0,0,0,0,0,0,0,0,0,0,0,0,0,0,POINT (-1683737.5416605426 2096576.5086190207),98152,57.173515,11.898012,5.6584725,2.2421138,4.263778,2.1365962,2.481022,1.0475899,0.3939326,0.120011166,224.29112,42.444874,54.001625,26.168173,15.612919,115.65493,142.42557,9.82846,3.5757625,574.9976,11.809837,3.2598794,51.04139,99.6489,41.01615,26.542484,86.68347,1.4250878,6.304,0.0,2.8446755,5068.460855184555,1314.0
Yukon,-130.205,63.06861,0,0,0,0,0,0,0,0,0,0,0,0,0,0,0,0,0,0,0,0,0,0,0,0,0,0,0,0,0,0,0,0,0,0,0,0,0,0,0,0,0,1,0,0,0,0,0,0,0,0,0,0,0,0,0,0,0,0,0,0,0,0,0,0,0,0,0,0,0,0,0,0,0,0,0,0,0,0,0,0,0,0,0,0,0,0,0,0,0,0,0,0,0,0,0,0,0,0,0,0,0,0,0,0,0,0,0,0,POINT (-1638975.6793559755 2001722.852591312),93796,52.328007,9.973954,10.31687,2.2616987,2.7797065,1.0450327,3.0523207,0.42240041,0.13750014,0.1326671,46.55645,18.625412,52.505947,9.664768,13.737894,115.43627,65.78841,16.277939,6.0304956,18.042822,14.921145,4.5646086,37.82914,66.27149,29.04996,17.803093,134.88553,2.9753096,6.318196,0.0,2.8493898,2004.3317992020316,1323.0
Yukon,-130.1,61.41667,0,0,0,0,0,0,0,0,0,0,0,0,0,0,0,0,0,0,0,0,0,0,0,0,1,0,0,0,0,0,0,0,0,0,0,0,0,0,0,0,0,1,0,0,0,0,0,0,0,0,1,0,0,0,0,0,0,0,0,0,0,0,0,0,0,0,0,0,0,0,0,0,0,0,0,0,0,0,0,0,0,0,0,0,0,1,0,0,0,0,0,0,0,0,0,0,0,0,0,0,0,0,0,0,0,0,1,0,POINT (-1728224.4920404274 1846933.5017684796),87247,74.15089,11.980661,2.2315352,0.5469283,0.74471337,2.263529,3.5946918,0.25165424,0.07546337,0.14061548,44.48464,2.138577,-0.4710544,3.5995889,13.377109,37.997364,47.375156,18.680037,0.031763,18.314325,20.169472,4.232889,38.369793,75.360245,29.005688,17.176851,158.39146,5.6784143,6.3613696,0.0,2.855084,3543.364758878517,1343.0
Yukon,-128.8788889,60.547777777777775,0,0,0,0,0,0,0,0,0,0,0,0,0,0,0,0,0,0,0,0,0,0,0,0,0,0,0,0,0,0,0,0,0,0,0,0,0,0,0,0,0,0,0,0,0,0,0,0,0,0,1,0,0,0,0,0,0,0,0,0,0,0,0,0,0,0,0,0,0,0,0,0,0,0,0,0,0,0,0,0,0,0,0,0,0,0,0,0,0,0,0,0,0,0,0,0,0,0,0,0,0,0,0,0,0,0,1,0,POINT (-1721755.1299053016 1733286.6654411326),82016,64.922104,12.962157,3.370898,2.6419225,3.1833174,2.86103,2.1022382,0.58563757,0.18595758,0.18197967,3.733288,12.97129,-6.4891663,12.32123,14.652315,48.699524,73.1067,20.887453,-1.2702837,9.864067,8.557019,2.5844934,21.443169,43.874878,19.261835,12.125697,166.01901,0.4931645,6.38387,0.0,2.8745017,3726.308287630946,1304.0
Yukon,-114.3166667,62.462500000000006,0,0,0,0,0,0,0,0,0,0,0,0,0,0,0,0,0,0,0,0,0,0,0,0,0,0,0,0,0,0,0,0,0,0,0,0,0,0,0,0,0,1,0,0,0,0,0,0,0,0,0,0,0,0,0,0,0,0,0,0,0,0,0,0,0,0,0,0,0,0,0,0,0,0,0,0,0,0,0,0,0,0,0,0,0,0,0,0,0,0,0,0,0,0,0,0,0,0,0,0,0,0,0,0,0,0,0,0,POINT (-952005.9209186411 1616369.331548253),77297,56.176594,12.67029,10.272123,6.097085,6.818788,1.8427371,1.071706,1.7138987,0.13788572,0.15991661,12.605168,1021.1824,38.8583,77.39312,51.724957,142.92427,555.2782,551.9386,3.142611,14.075851,2.65066,0.9269039,16.422407,25.451374,7.8361907,13.861924,73.25022,2.0,6.4503508,0.0,2.9173408,4148.203677900464,177.0
Yukon,-113.8958333,63.1875,0,0,0,0,0,0,0,0,0,0,0,0,0,0,0,0,0,0,0,0,0,0,0,0,0,0,0,0,0,0,0,0,0,0,0,0,0,0,0,0,0,1,0,0,0,0,0,0,0,0,0,0,0,0,0,0,0,0,0,0,0,0,0,0,0,0,0,0,0,0,0,0,0,0,0,0,0,0,0,0,0,0,0,0,0,0,0,0,0,0,0,0,0,0,0,0,0,0,0,0,0,0,0,0,0,0,0,0,POINT (-908947.324352427 1685068.367344434),80353,53.98114,13.969686,11.190473,5.5497675,7.8475003,1.9713247,1.4725505,1.6054763,0.2248268,0.22050656,3.399589,380.61685,51.32337,33.13061,51.546154,258.1112,128.32268,104.19153,2.8479562,5.418936,1.0174695,0.73647344,11.116634,19.183876,6.2146173,14.980762,74.62426,2.0,6.179137,0.0,2.7904177,5042.713001913256,308.0
