company1,company2,company3,company4,company5,company6,namemine,town,province,latitude,longitude,open1,close1,open2,close2,open3,close3,information,source1,source2,source3,link1,link2,link3,Commodity
Quebec Copper Corp. Ltd,,,,,,,,Quebec,45.263786,-72.331764,1866,1958,,,,,,0,1,0,,,,Silver
Quebec Copper Corp. Ltd,,,,,,,,Quebec,45.263786,-72.331764,1866,1958,,,,,,0,1,0,,,,Gold
Quebec Copper Corp. Ltd,,,,,,,,Quebec,45.263786,-72.331764,1866,1958,,,,,,0,1,0,,,,Copper
Noland Mines Ltd.,,,,,,Spruce Creek,Atlin,British Columbia,59.38272,-133.27033,1909,1950,1955,1989,,,,0,1,1,https://www.mindat.org/feature-6088912.html,https://www.mindat.org/loc-257276.html,https://mrdata.usgs.gov/ardf/show-ardf.php?ardf_num=OP026,Gold
Falconbridge Nickel Mines Ltd. ,,,,,,Wesfrob (Tasu),Moresby Island ,British Columbia,52.75834,-132.05,1914,1983,,,,,,0,1,1,https://www.mindat.org/loc-26169.html,,,Iron
Falconbridge Nickel Mines Ltd. ,,,,,,Wesfrob (Tasu),Moresby Island ,British Columbia,52.75834,-132.05,1914,1983,,,,,,0,1,1,https://www.mindat.org/loc-26169.html,,,Copper
Greenwood Coal Co. Ltd. ,,,,,,,,Nova Scotia,45.5502192,-62.56677981,1918,1966,,,,,The currently entered coordinates are for the museum (see link attached),0,1,1,https://www.mindat.org/loc-290980.html,,,Coal
Noranda Mines Ltd,Normetal Mining Corporation Ltd.,Falconbridge Ltd.,Xstrata,,,Horne,Noranda ,Quebec,48.25427,-79.01128,1927,1976,,,,,"Alternative names: Horne Mine (1975) The mine is named after prospector Edmund Horne who first staked the property in 1920. The property was optioned in 1922 to a syndicate that discovered a major copper-gold deposit and grew to become Noranda Mines Limited, later Noranda Inc., one of the world's premier mining and metals companies. The deposit in Precambrian Keewatin-type volcanic rocks is a classic example of a volcanogenic massive sulfide (VMS) deposit. The Horne mine exploited two major ore bodies called the Upper H and the Lower H. The ore averaged 2.22% Cu, 6.1 g/t Au and 13 g/t Ag. The mine closed in 1976,having produced 53.7 million tons of ore and recovering 260t of gold (11.6 million ounces) and 1.13Mt of copper. The Horne copper smelter built on the mine site in 1927 is still in operation. Mineral rights are currently (2015) owned by Falco Resources Ltd which is examining the feasibility of mining the Horne 5 copper-gold deposit below the old Horne mine workings.",0,1,1,https://www.mindat.org/loc-609.html,,,Tellurium
Noranda Mines Ltd,Normetal Mining Corporation Ltd.,Falconbridge Ltd.,Xstrata,,,Horne,Noranda ,Quebec,48.25427,-79.01128,1927,1976,,,,,"Alternative names: Horne Mine (1975) The mine is named after prospector Edmund Horne who first staked the property in 1920. The property was optioned in 1922 to a syndicate that discovered a major copper-gold deposit and grew to become Noranda Mines Limited, later Noranda Inc., one of the world's premier mining and metals companies. The deposit in Precambrian Keewatin-type volcanic rocks is a classic example of a volcanogenic massive sulfide (VMS) deposit. The Horne mine exploited two major ore bodies called the Upper H and the Lower H. The ore averaged 2.22% Cu, 6.1 g/t Au and 13 g/t Ag. The mine closed in 1976,having produced 53.7 million tons of ore and recovering 260t of gold (11.6 million ounces) and 1.13Mt of copper. The Horne copper smelter built on the mine site in 1927 is still in operation. Mineral rights are currently (2015) owned by Falco Resources Ltd which is examining the feasibility of mining the Horne 5 copper-gold deposit below the old Horne mine workings.",0,1,1,https://www.mindat.org/loc-609.html,,,Gold
Noranda Mines Ltd,Normetal Mining Corporation Ltd.,Falconbridge Ltd.,Xstrata,,,Horne,Noranda ,Quebec,48.25427,-79.01128,1927,1976,,,,,"Alternative names: Horne Mine (1975) The mine is named after prospector Edmund Horne who first staked the property in 1920. The property was optioned in 1922 to a syndicate that discovered a major copper-gold deposit and grew to become Noranda Mines Limited, later Noranda Inc., one of the world's premier mining and metals companies. The deposit in Precambrian Keewatin-type volcanic rocks is a classic example of a volcanogenic massive sulfide (VMS) deposit. The Horne mine exploited two major ore bodies called the Upper H and the Lower H. The ore averaged 2.22% Cu, 6.1 g/t Au and 13 g/t Ag. The mine closed in 1976,having produced 53.7 million tons of ore and recovering 260t of gold (11.6 million ounces) and 1.13Mt of copper. The Horne copper smelter built on the mine site in 1927 is still in operation. Mineral rights are currently (2015) owned by Falco Resources Ltd which is examining the feasibility of mining the Horne 5 copper-gold deposit below the old Horne mine workings.",0,1,1,https://www.mindat.org/loc-609.html,,,Copper
Noranda Mines Ltd,Normetal Mining Corporation Ltd.,Falconbridge Ltd.,Xstrata,,,Horne,Noranda ,Quebec,48.25427,-79.01128,1927,1976,,,,,"Alternative names: Horne Mine (1975) The mine is named after prospector Edmund Horne who first staked the property in 1920. The property was optioned in 1922 to a syndicate that discovered a major copper-gold deposit and grew to become Noranda Mines Limited, later Noranda Inc., one of the world's premier mining and metals companies. The deposit in Precambrian Keewatin-type volcanic rocks is a classic example of a volcanogenic massive sulfide (VMS) deposit. The Horne mine exploited two major ore bodies called the Upper H and the Lower H. The ore averaged 2.22% Cu, 6.1 g/t Au and 13 g/t Ag. The mine closed in 1976,having produced 53.7 million tons of ore and recovering 260t of gold (11.6 million ounces) and 1.13Mt of copper. The Horne copper smelter built on the mine site in 1927 is still in operation. Mineral rights are currently (2015) owned by Falco Resources Ltd which is examining the feasibility of mining the Horne 5 copper-gold deposit below the old Horne mine workings.",0,1,1,https://www.mindat.org/loc-609.html,,,Silver
Noranda Mines Ltd,Normetal Mining Corporation Ltd.,Falconbridge Ltd.,Xstrata,,,Horne,Noranda ,Quebec,48.25427,-79.01128,1927,1976,,,,,"Alternative names: Horne Mine (1975) The mine is named after prospector Edmund Horne who first staked the property in 1920. The property was optioned in 1922 to a syndicate that discovered a major copper-gold deposit and grew to become Noranda Mines Limited, later Noranda Inc., one of the world's premier mining and metals companies. The deposit in Precambrian Keewatin-type volcanic rocks is a classic example of a volcanogenic massive sulfide (VMS) deposit. The Horne mine exploited two major ore bodies called the Upper H and the Lower H. The ore averaged 2.22% Cu, 6.1 g/t Au and 13 g/t Ag. The mine closed in 1976,having produced 53.7 million tons of ore and recovering 260t of gold (11.6 million ounces) and 1.13Mt of copper. The Horne copper smelter built on the mine site in 1927 is still in operation. Mineral rights are currently (2015) owned by Falco Resources Ltd which is examining the feasibility of mining the Horne 5 copper-gold deposit below the old Horne mine workings.",0,1,1,https://www.mindat.org/loc-609.html,,,Selenium
Noranda Mines Ltd,Normetal Mining Corporation Ltd.,Falconbridge Ltd.,Xstrata,,,Horne,Noranda ,Quebec,48.25427,-79.01128,1927,1976,,,,,"Alternative names: Horne Mine (1975) The mine is named after prospector Edmund Horne who first staked the property in 1920. The property was optioned in 1922 to a syndicate that discovered a major copper-gold deposit and grew to become Noranda Mines Limited, later Noranda Inc., one of the world's premier mining and metals companies. The deposit in Precambrian Keewatin-type volcanic rocks is a classic example of a volcanogenic massive sulfide (VMS) deposit. The Horne mine exploited two major ore bodies called the Upper H and the Lower H. The ore averaged 2.22% Cu, 6.1 g/t Au and 13 g/t Ag. The mine closed in 1976,having produced 53.7 million tons of ore and recovering 260t of gold (11.6 million ounces) and 1.13Mt of copper. The Horne copper smelter built on the mine site in 1927 is still in operation. Mineral rights are currently (2015) owned by Falco Resources Ltd which is examining the feasibility of mining the Horne 5 copper-gold deposit below the old Horne mine workings.",0,1,1,https://www.mindat.org/loc-609.html,,,Pyrite
Domtar Construction Materials Ltd.,"Gypsum, Lime, and Alabastine, Canada Ltd.",,,,,Amaranth,Amaranth (Gypsumville),Manitoba,50.57638888888889,-98.73333333,1930,1964,,,,,,0,1,1,https://mrsearch.gov.mb.ca/dbtw-wpd/exec/dbtwpub.dll?AC=GET_RECORD&XC=/dbtw-wpd/exec/dbtwpub.dll&BU=https%3A%2F%2Fmrsearch.gov.mb.ca%2FItm-cat%2Fweb%2Fminsearch.html&GI=&TN=mineralinventorycard&SN=AUTO12810&SE=243&RN=0&MR=0&TR=0&TX=1000&ES=0&XP=&RF=Web%3A+Brief&EF=Basic+Record+Form&DF=Viewing+PrintingWeb&RL=1&EL=1&DL=1&NP=3&ID=&MF=&DT=&ST=0&IR=802&NR=0&NB=0&SV=0&SS=1&BG=&FG=&QS=minsearch,,,Gypsum
General Chemical Canada Ltd.,,,,,,,Amherstburg,Ontario,42.09538943,-83.08761897,1936,2001,,,,,,0,1,1,http://wikimapia.org/17674812/former-General-Chemical,,,Salt
Dominion Magnesium Ltd. ,Chromasco Corporation Ltd.,Timminco Limited,,,,Haley,Haley ,Ontario,45.59888,-76.75171,1942,open,,,,,,0,1,1,http://www.geologyontario.mndm.gov.on.ca/mndmfiles/mdi/data/records/MDI31F10SE00002.html,https://www.mindat.org/loc-14742.html,,Magnesium
Canadian Exploration Ltd.,,,,,,Jersey Emerald,Salmo ,British Columbia,49.09861,-117.22111,1944,1970,,,,,Bismuth,0,1,1,https://minfile.gov.bc.ca/summary.aspx?minfilno=082FSW009,,,Lead
Canadian Exploration Ltd.,,,,,,Jersey Emerald,Salmo ,British Columbia,49.09861,-117.22111,1944,1970,,,,,Bismuth,0,1,1,https://minfile.gov.bc.ca/summary.aspx?minfilno=082FSW009,,,Gold
Canadian Exploration Ltd.,,,,,,Jersey Emerald,Salmo ,British Columbia,49.09861,-117.22111,1944,1970,,,,,Bismuth,0,1,1,https://minfile.gov.bc.ca/summary.aspx?minfilno=082FSW009,,,Silver
Canadian Exploration Ltd.,,,,,,Jersey Emerald,Salmo ,British Columbia,49.09861,-117.22111,1944,1970,,,,,Bismuth,0,1,1,https://minfile.gov.bc.ca/summary.aspx?minfilno=082FSW009,,,Molybdenum
Canadian Exploration Ltd.,,,,,,Jersey Emerald,Salmo ,British Columbia,49.09861,-117.22111,1944,1970,,,,,Bismuth,0,1,1,https://minfile.gov.bc.ca/summary.aspx?minfilno=082FSW009,,,Bismuth
Canadian Exploration Ltd.,,,,,,Jersey Emerald,Salmo ,British Columbia,49.09861,-117.22111,1944,1970,,,,,Bismuth,0,1,1,https://minfile.gov.bc.ca/summary.aspx?minfilno=082FSW009,,,Cadmium
Canadian Exploration Ltd.,,,,,,Jersey Emerald,Salmo ,British Columbia,49.09861,-117.22111,1944,1970,,,,,Bismuth,0,1,1,https://minfile.gov.bc.ca/summary.aspx?minfilno=082FSW009,,,Tungsten
Canadian Exploration Ltd.,,,,,,Jersey Emerald,Salmo ,British Columbia,49.09861,-117.22111,1944,1970,,,,,Bismuth,0,1,1,https://minfile.gov.bc.ca/summary.aspx?minfilno=082FSW009,,,Zinc
Kidd Copper Mines Ltd.,Denison Copper Mines,,,,,"Gersdorffite, AER, and  Kidd Copper or  Howland Pit",Worthington ,Ontario,46.39465,-81.43186,1946,1958,1965,1968,1965,1968,The mine was also in operation from 1928 to 1939.,0,1,1,http://www.geologyontario.mndm.gov.on.ca/mndmfiles/mdi/data/records/MDI41I06NW00047.html,,,Nickel
Mackeno Mines Ltd.,Galkeno Mines Ltd.,,,,,,Galkeno Mine (MacLeod Mine),Yukon,63.92692,-135.36625,1946,1966,1978,1980,,,"In 1946, Keno Hill Mines Ltd produced 50 tonnes of ore from the Galkeno mine. In 1948, Yukon Galena Mines Limited produced 36 tonnes. From 1953 to 1955, Makeno Mines Ltd produced 57,856 tonnes of ore. From 1956 to 1957, Galkeno Mines Ltd produced 47,015 tonnes and from 1959 to 1966, and again from 1978 to 1980, United Keno Hill Mines Ltd produced  26,382 tonnes of ore. Total production from the mine was 167,063 tonnes at a grade of 932.57 g/t silver (27.2 oz/t), 5.22% lead and 2.69% zinc to produce 141,338,613 grams of silver (4,544,142 oz), 7,909,476 kg of lead, 8,999,204 kg of zinc and 39,146 kg of cadmium. ////// closed between 2019 and 2020",0,1,1,https://www.mindat.org/loc-11268.html,https://data.geology.gov.yk.ca/Occurrence/16994#InfoTab,,Silver
Mackeno Mines Ltd.,Galkeno Mines Ltd.,,,,,,Galkeno Mine (MacLeod Mine),Yukon,63.92692,-135.36625,1946,1966,1978,1980,,,"In 1946, Keno Hill Mines Ltd produced 50 tonnes of ore from the Galkeno mine. In 1948, Yukon Galena Mines Limited produced 36 tonnes. From 1953 to 1955, Makeno Mines Ltd produced 57,856 tonnes of ore. From 1956 to 1957, Galkeno Mines Ltd produced 47,015 tonnes and from 1959 to 1966, and again from 1978 to 1980, United Keno Hill Mines Ltd produced  26,382 tonnes of ore. Total production from the mine was 167,063 tonnes at a grade of 932.57 g/t silver (27.2 oz/t), 5.22% lead and 2.69% zinc to produce 141,338,613 grams of silver (4,544,142 oz), 7,909,476 kg of lead, 8,999,204 kg of zinc and 39,146 kg of cadmium. ////// closed between 2019 and 2020",0,1,1,https://www.mindat.org/loc-11268.html,https://data.geology.gov.yk.ca/Occurrence/16994#InfoTab,,Lead
Mackeno Mines Ltd.,Galkeno Mines Ltd.,,,,,,Galkeno Mine (MacLeod Mine),Yukon,63.92692,-135.36625,1946,1966,1978,1980,,,"In 1946, Keno Hill Mines Ltd produced 50 tonnes of ore from the Galkeno mine. In 1948, Yukon Galena Mines Limited produced 36 tonnes. From 1953 to 1955, Makeno Mines Ltd produced 57,856 tonnes of ore. From 1956 to 1957, Galkeno Mines Ltd produced 47,015 tonnes and from 1959 to 1966, and again from 1978 to 1980, United Keno Hill Mines Ltd produced  26,382 tonnes of ore. Total production from the mine was 167,063 tonnes at a grade of 932.57 g/t silver (27.2 oz/t), 5.22% lead and 2.69% zinc to produce 141,338,613 grams of silver (4,544,142 oz), 7,909,476 kg of lead, 8,999,204 kg of zinc and 39,146 kg of cadmium. ////// closed between 2019 and 2020",0,1,1,https://www.mindat.org/loc-11268.html,https://data.geology.gov.yk.ca/Occurrence/16994#InfoTab,,Zinc
Mackeno Mines Ltd.,Galkeno Mines Ltd.,,,,,,Galkeno Mine (MacLeod Mine),Yukon,63.92692,-135.36625,1946,1966,1978,1980,,,"In 1946, Keno Hill Mines Ltd produced 50 tonnes of ore from the Galkeno mine. In 1948, Yukon Galena Mines Limited produced 36 tonnes. From 1953 to 1955, Makeno Mines Ltd produced 57,856 tonnes of ore. From 1956 to 1957, Galkeno Mines Ltd produced 47,015 tonnes and from 1959 to 1966, and again from 1978 to 1980, United Keno Hill Mines Ltd produced  26,382 tonnes of ore. Total production from the mine was 167,063 tonnes at a grade of 932.57 g/t silver (27.2 oz/t), 5.22% lead and 2.69% zinc to produce 141,338,613 grams of silver (4,544,142 oz), 7,909,476 kg of lead, 8,999,204 kg of zinc and 39,146 kg of cadmium. ////// closed between 2019 and 2020",0,1,1,https://www.mindat.org/loc-11268.html,https://data.geology.gov.yk.ca/Occurrence/16994#InfoTab,,Cadmium
Oreo Resources Inc. ,Donalda Mines Ltd. ,Metall Mining Corporation and Thunderwood Resources Inc.,Kerralda Mines Ltd.,,,Donalda (Keralda),Rouyn-Noranda,Quebec,48.262661,-78.98609,1948,1956,1970,1971,1994,1995,,0,1,1,https://www.mindat.org/loc-256823.html,https://www.globexmining.com/property.php?id=26,,Lead
Oreo Resources Inc. ,Donalda Mines Ltd. ,Metall Mining Corporation and Thunderwood Resources Inc.,Kerralda Mines Ltd.,,,Donalda (Keralda),Rouyn-Noranda,Quebec,48.262661,-78.98609,1948,1956,1970,1971,1994,1995,,0,1,1,https://www.mindat.org/loc-256823.html,https://www.globexmining.com/property.php?id=26,,Copper
Oreo Resources Inc. ,Donalda Mines Ltd. ,Metall Mining Corporation and Thunderwood Resources Inc.,Kerralda Mines Ltd.,,,Donalda (Keralda),Rouyn-Noranda,Quebec,48.262661,-78.98609,1948,1956,1970,1971,1994,1995,,0,1,1,https://www.mindat.org/loc-256823.html,https://www.globexmining.com/property.php?id=26,,Gold
Oreo Resources Inc. ,Donalda Mines Ltd. ,Metall Mining Corporation and Thunderwood Resources Inc.,Kerralda Mines Ltd.,,,Donalda (Keralda),Rouyn-Noranda,Quebec,48.262661,-78.98609,1948,1956,1970,1971,1994,1995,,0,1,1,https://www.mindat.org/loc-256823.html,https://www.globexmining.com/property.php?id=26,,Silver
Oreo Resources Inc. ,Donalda Mines Ltd. ,Metall Mining Corporation and Thunderwood Resources Inc.,Kerralda Mines Ltd.,,,Donalda (Keralda),Rouyn-Noranda,Quebec,48.262661,-78.98609,1948,1956,1970,1971,1994,1995,,0,1,1,https://www.mindat.org/loc-256823.html,https://www.globexmining.com/property.php?id=26,,Zinc
Avon Coal Co. Ltd.,,,,,,,Minto ,New Brunswick,46.128611,-66.081944,1950,1971,,,,,,0,1,1,https://www1.gnb.ca/0078/GeoscienceDatabase/IndustrialMinerals/qryIndMinSummary-e.asp?Num=568,,,Coal
Noranda Inc.,Brunswick Mining and Smelting Corporation Limited and Noranda Minerals Inc,,,,,Stratmat (Halfmile),,New Brunswick,47.30527778,-66.32,1951,open,,,,,indigenous participation,0,1,1,https://www.nrcan.gc.ca/sites/www.nrcan.gc.ca/files/mineralsmetals/files/pdf/rmd-rrm/Halfmile%20Mine%20Development%20Project.pdf,,,Lead
Noranda Inc.,Brunswick Mining and Smelting Corporation Limited and Noranda Minerals Inc,,,,,Stratmat (Halfmile),,New Brunswick,47.30527778,-66.32,1951,open,,,,,indigenous participation,0,1,1,https://www.nrcan.gc.ca/sites/www.nrcan.gc.ca/files/mineralsmetals/files/pdf/rmd-rrm/Halfmile%20Mine%20Development%20Project.pdf,,,Gold
Noranda Inc.,Brunswick Mining and Smelting Corporation Limited and Noranda Minerals Inc,,,,,Stratmat (Halfmile),,New Brunswick,47.30527778,-66.32,1951,open,,,,,indigenous participation,0,1,1,https://www.nrcan.gc.ca/sites/www.nrcan.gc.ca/files/mineralsmetals/files/pdf/rmd-rrm/Halfmile%20Mine%20Development%20Project.pdf,,,Copper
Noranda Inc.,Brunswick Mining and Smelting Corporation Limited and Noranda Minerals Inc,,,,,Stratmat (Halfmile),,New Brunswick,47.30527778,-66.32,1951,open,,,,,indigenous participation,0,1,1,https://www.nrcan.gc.ca/sites/www.nrcan.gc.ca/files/mineralsmetals/files/pdf/rmd-rrm/Halfmile%20Mine%20Development%20Project.pdf,,,Silver
Noranda Inc.,Brunswick Mining and Smelting Corporation Limited and Noranda Minerals Inc,,,,,Stratmat (Halfmile),,New Brunswick,47.30527778,-66.32,1951,open,,,,,indigenous participation,0,1,1,https://www.nrcan.gc.ca/sites/www.nrcan.gc.ca/files/mineralsmetals/files/pdf/rmd-rrm/Halfmile%20Mine%20Development%20Project.pdf,,,Zinc
Mountain Minerals Ltd. ,Mountain Mineral Co. Ltd.,Highwood Resources Ltd.,Purcell Development Co. Ltd.,,,Mountainrals Division,Brisco ,British Columbia,50.829721,-116.33055,1952,1977,,,,,"During the Second World War, barite was mined for use as ship ballast. After the war another use was found as an addition to mud for oil drilling. It was also used as a base for paint, and for the detection of ulcers under x-ray. In 1959, 9,320 tons of barite was crushed near the quarry and shipped for processing at Lethbridge. It was hard to quarry because of the way the faults ran, as well as the swelling and pinching of the barite ore body. As a result, the size of the quarry was restricted.",0,1,1,https://windermeredistricthistoricalsociety.files.wordpress.com/2018/01/mines-in-the-windermere-valley.pdf,,,Barite
Cassiar Asbestos Corporation Ltd. ,Cassiar Mining Corporation,Minroc Mines Inc.,Brinco Mining Ltd.,,,,Cassiar ,British Columbia,59.324999,-129.81805,1952,1998,,,,,legal case,0,1,1,https://www.brownlawyers.ca/canadian-asbestos-mines.html,,,Chrysotile
Cassiar Asbestos Corporation Ltd. ,Cassiar Mining Corporation,Minroc Mines Inc.,Brinco Mining Ltd.,,,,Cassiar ,British Columbia,59.324999,-129.81805,1952,1998,,,,,legal case,0,1,1,https://www.brownlawyers.ca/canadian-asbestos-mines.html,,,Gemstones
Cassiar Asbestos Corporation Ltd. ,Cassiar Mining Corporation,Minroc Mines Inc.,Brinco Mining Ltd.,,,,Cassiar ,British Columbia,59.324999,-129.81805,1952,1998,,,,,legal case,0,1,1,https://www.brownlawyers.ca/canadian-asbestos-mines.html,,,Magnesium
Cassiar Asbestos Corporation Ltd. ,Cassiar Mining Corporation,Minroc Mines Inc.,Brinco Mining Ltd.,,,,Cassiar ,British Columbia,59.324999,-129.81805,1952,1998,,,,,legal case,0,1,1,https://www.brownlawyers.ca/canadian-asbestos-mines.html,,,Asbestos
Cassiar Asbestos Corporation Ltd. ,Cassiar Mining Corporation,Minroc Mines Inc.,Brinco Mining Ltd.,,,,Cassiar ,British Columbia,59.324999,-129.81805,1952,1998,,,,,legal case,0,1,1,https://www.brownlawyers.ca/canadian-asbestos-mines.html,,,Nephrite
Cassiar Asbestos Corporation Ltd. ,Cassiar Mining Corporation,Minroc Mines Inc.,Brinco Mining Ltd.,,,,Cassiar ,British Columbia,59.324999,-129.81805,1952,1998,,,,,legal case,0,1,1,https://www.brownlawyers.ca/canadian-asbestos-mines.html,,,Jade
Century Coals Ltd.,,,,,,,,Alberta,51.2783727,-112.5293468,1954,1965,,,,,"""Site Two is located approximately four miles to the south / south-east of the lower preparation plant. At the second site is the shaft and slope openings of Century Coals Ltd. begun in 1954. Structures include buildings (a machine shop apparently still in use) and the shaft hoist structure. A small amount of coal does presently find its way to local markets."" from https://hermis.alberta.ca/ARHP/Details.aspx?DeptID=2&ObjectID=HS%2033696",0,1,1,,,,Coal
Marban Gold Mines Ltd.,Maudore Minerals Ltd.,Abcourt Mines Inc.,North American Palladium Ltd.,,,,Norrie ,Quebec,48.137067,-77.97919,1961,1974,,,,,"Marban (formerly Marbenor) gold mines, northwestern Quebec",0,1,1,https://depositum.uqat.ca/id/eprint/424/1/cahierhist6.pdf,,,Silver
Marban Gold Mines Ltd.,Maudore Minerals Ltd.,Abcourt Mines Inc.,North American Palladium Ltd.,,,,Norrie ,Quebec,48.137067,-77.97919,1961,1974,,,,,"Marban (formerly Marbenor) gold mines, northwestern Quebec",0,1,1,https://depositum.uqat.ca/id/eprint/424/1/cahierhist6.pdf,,,Gold
Steep Rock Iron Mines Ltd.,OMYA (Canada) Inc.,,,,,Calcite Division,Perth,Ontario,45.149689,-76.498756,1962,open,,,,,,0,1,1,http://www.geologyontario.mndm.gov.on.ca/mndmfiles/mdi/data/records/MDI31F01NW00006.html,,,Calcium Carbonate
Cupra Mines Ltd.,Sullivan Mining Group Ltd,,,,,Cupra (Mine Cupra-d'Estrie),Stratford ,Quebec,45.771559,-71.309266,1965,1977,,,,,,0,1,1,https://www.mindat.org/loc-131315.html,,,Lead
Cupra Mines Ltd.,Sullivan Mining Group Ltd,,,,,Cupra (Mine Cupra-d'Estrie),Stratford ,Quebec,45.771559,-71.309266,1965,1977,,,,,,0,1,1,https://www.mindat.org/loc-131315.html,,,Gold
Cupra Mines Ltd.,Sullivan Mining Group Ltd,,,,,Cupra (Mine Cupra-d'Estrie),Stratford ,Quebec,45.771559,-71.309266,1965,1977,,,,,,0,1,1,https://www.mindat.org/loc-131315.html,,,Copper
Cupra Mines Ltd.,Sullivan Mining Group Ltd,,,,,Cupra (Mine Cupra-d'Estrie),Stratford ,Quebec,45.771559,-71.309266,1965,1977,,,,,,0,1,1,https://www.mindat.org/loc-131315.html,,,Silver
Cupra Mines Ltd.,Sullivan Mining Group Ltd,,,,,Cupra (Mine Cupra-d'Estrie),Stratford ,Quebec,45.771559,-71.309266,1965,1977,,,,,,0,1,1,https://www.mindat.org/loc-131315.html,,,Bismuth
Cupra Mines Ltd.,Sullivan Mining Group Ltd,,,,,Cupra (Mine Cupra-d'Estrie),Stratford ,Quebec,45.771559,-71.309266,1965,1977,,,,,,0,1,1,https://www.mindat.org/loc-131315.html,,,Cadmium
Cupra Mines Ltd.,Sullivan Mining Group Ltd,,,,,Cupra (Mine Cupra-d'Estrie),Stratford ,Quebec,45.771559,-71.309266,1965,1977,,,,,,0,1,1,https://www.mindat.org/loc-131315.html,,,Zinc
New Imperial Mines Ltd. ,Whitehorse Copper Mines Ltd.,,,,,,Whitehorse ,Yukon,60.73673403,-135.0834051,1967,1982,,,,,"The mine was also in operation from 1900 to 1920. //// 25 to 200 workers - unclear unclear see p.65 many fluctuation in employment Source 	ReSDA Atlas Yukon Mine summary cover.pdf (gov.yk.ca) https://emrlibrary.gov.yk.ca/ebooks/Northern%20Research%20Institute/ReSDA-Atlas-Yukon-Mine-summaries.pdf",0,1,1,https://www.mindat.org/loc-108063.html,,,Copper
Madeleine Mines Ltd,,,,,,Madeleine,Ste. Anne des Monts ,Quebec,49,-66.01667,1969,1976,1979,1979,,,,0,1,1,https://www.mindat.org/loc-195494.html,,,Copper
Sherritt Gordon Mines Ltd. ,Hudson Bay Mining and Smelting Co. Limited,,,,,Ruttan,Leaf Rapids,Manitoba,56.475,-99.63722222,1973,2001,,,,,,0,1,1,https://www.manitoba.ca/iem/min-ed/mbhistory/mininv/595.htm,,,Zinc
Sherritt Gordon Mines Ltd. ,Hudson Bay Mining and Smelting Co. Limited,,,,,Ruttan,Leaf Rapids,Manitoba,56.475,-99.63722222,1973,2001,,,,,,0,1,1,https://www.manitoba.ca/iem/min-ed/mbhistory/mininv/595.htm,,,Copper
Marietta Resources International Ltd.,Lacana Mines Inc.,Zemex Corporation,Suzorite Mica products of Boucherville,,,Parent Mica Deposit,Suzor,Quebec,47.93841183,-74.63460245,1976,open,,,,,"Changed name in Lacana Mines Inc. ""In late 1985, Lacana Mines Inc. of Toronto, Ontario, (now International Corona) purchased the Marietta Suzorite operation. In September 1994, Zemex Corp. of Toronto purchased the company from Whittaker Clark and Daniels of New Jersey. Zemex also controls the Feldspar Corporation in Spruce Pine, North Carolina. "" see p.13 ///////// Suzorite Mica products of Boucherville, Quebec, has maintained profits in the face of this growing competition. Seen as a strong cash generator, the company was purchased by Zemex Corporation from Lacana Inc. in 1993.18 Both of its previous owners (Marietta Resources and Lacana Petroleum) invested heavily in Suzorite's future. In 1985 CDN$14 million dollars was spent on facilities that ultimately produced delaminated HAR (high aspect ratio)mica grades for the plastics industry.19 With capital, proper technical expertise, and aggressive marketing its profitability can be maintained. With mica's use changing from that of a bulk filler to a functional filler, it is no longer subject to falling resin prices. Also, mica becomes a necessity rather than a mineral that can be substituted with cheaper alternatives. Lastly, mica is a necessity in most polypropylene applications.  Polypropylene is poised to dominate the resin market. In October of 1994, ""Modem Plastics  International"" reported that polypropylene is set to capture a large share of the resin market due to its low price. But perhaps the best attribute of polypropylene is its diversity of  applications (Roskill notes that in Europe polypropylene has the fastest growing resin market share). ",0,1,1,https://cmscontent.nrs.gov.bc.ca/geoscience/PublicationCatalogue/OpenFile/BCGS_OF1995-26.pdf,https://gq.mines.gouv.qc.ca/documents/examine/GM27489/GM27489.pdf,,Mica
Baskatong Quartz Products Ltd.,Sitec Quartz Inc.,SKW Canada Inc.,Hogan Holdings Inc.,,,Charlevoix,Charlevoix (Saint-Urbain),Quebec,47.7499003,-70.69671076,1977,open,,,,,,0,1,1,https://gq.mines.gouv.qc.ca/documents/examine/ET9904/ET9904PLAN.pdf,https://www.globenewswire.com/news-release/2017/01/05/1119833/0/en/MacDonald-Mines-Begins-Exploration-at-its-Charlevoix-Silica-Property.html,,Silica
Long Lac Minerals Ltd. ,Lac Minerals Ltd. ,,,,,Bousquet (No. 1 and 2),Cadillac ,Quebec,48.253881,-78.452902,1978,2002,,,,,,0,1,1,https://www.mindat.org/loc-206837.html,http://portergeo.com.au/database/mineinfo.asp?mineid=mn085,,Silver
Long Lac Minerals Ltd. ,Lac Minerals Ltd. ,,,,,Bousquet (No. 1 and 2),Cadillac ,Quebec,48.253881,-78.452902,1978,2002,,,,,,0,1,1,https://www.mindat.org/loc-206837.html,http://portergeo.com.au/database/mineinfo.asp?mineid=mn085,,Zinc
Long Lac Minerals Ltd. ,Lac Minerals Ltd. ,,,,,Bousquet (No. 1 and 2),Cadillac ,Quebec,48.253881,-78.452902,1978,2002,,,,,,0,1,1,https://www.mindat.org/loc-206837.html,http://portergeo.com.au/database/mineinfo.asp?mineid=mn085,,Copper
Long Lac Minerals Ltd. ,Lac Minerals Ltd. ,,,,,Bousquet (No. 1 and 2),Cadillac ,Quebec,48.253881,-78.452902,1978,2002,,,,,,0,1,1,https://www.mindat.org/loc-206837.html,http://portergeo.com.au/database/mineinfo.asp?mineid=mn085,,Gold
Luscar Stereo Ltd.,Luscar Sterco Ltd.,,Westmoreland Coal Company,,,Coal Valley,Edson (Coal Valley),Alberta,53.04688892,-116.7098687,1978,open,,,,,brief suspension of activities between 2020 and 2021,0,1,1,https://www.miningnorth.com/_rsc/site-content/library/NWT_Mines_History_RSilke2009.pdf,,,Coal
Long Lac Minerals Ltd. ,IAMGOLD Corporation,Quebec Mining Exploration Company (SOQUEM),Silverstack Mines Ltd.,,,Doyon or Silverstack,Cadillac ,Quebec,48.2557,-78.519197,1980,2009,,,,,"Even more companies : Barrick Gold, Cambior, ...The Doyon site was the subject of more intense prospecting in the 1960’s by the prospector Arthur Doyon. In 1972, it became the co-property of Silverstack Mines Company Ltd and of SOQUEM, which carried out exploration works between 1972 and 1975. In 1977, Long Lac Mineral Exploration Ltd (Lac Minerals Ltd) took over Silverstack Mines Ltd, and a drilling survey of 120 holes brought the Doyon deposit into production in February 1980. In 1983, a surface exploration campaign led to the discovery of Doyon West Zones.
The Cadillac-Bousquet region in northwestern Québec has been a productive mining centre for over 100 years and still holds great potential. In 1972, it became the co-property of Silverstack Mines Company Ltd. and the Québec government controlled Soquem Inc., which carried out exploration between 1972 and 1975. In 1975 Long Lac Mineral Exploration Ltd (Lac Minerals Ltd), took over Silverstack’s interest. Commercial open pit mining began at the Doyon Mine in 1980, and while underground mining commenced in 1985, the full transition to a wholly underground operation was completed in early 1989. The Doyon Gold Mine has been a significant producer of gold for the past 30 years having produced over 5 million ounces of gold.
 
In 1986, Cambior Inc. acquired an initial 50% interest in the Doyon Gold Mine and 100% of the Mouska property in connection with the privatisation of most of Soquem’s assets. Cambior became the sole owner of the Doyon Gold Mine by acquiring the remaining 50% interest from Barrick Gold in 1998.
 
Underground exploration at Mouska began in October 1987, pre-production development followed in May 1990 and commercial production commenced in July 1991.  IAMGOLD acquired the Doyon Division including both the Doyon Gold Mine and Mouska Gold Mine through its merger with Cambior in November 2006.
 
The Doyon mine ended operations in December 2009. In the fourth quarter of 2009, the Company approved a program to extend the life of the Mouska Mine to early 2012, through the use of paste backfill produced from the Doyon paste plant.",0,1,1,https://www.mindat.org/loc-256959.html,https://mininglifeonline.net/company-article/doyon-division-gold-mines--qu--bec/3013,https://www.sec.gov/Archives/edgar/data/1203464/000119312514010943/d654919dex991.htm,Gold
Canamax Resources Inc.,Hollinger Consolidated Gold Mines,Algoma Exploration and Development Company,Patricia Mines Ltd.,,,Kremzar ,,Ontario,51.05136,-94.24474,1981,1988,,,,,,0,1,1,https://www.mindat.org/loc-261631.html,http://www.geologyontario.mndm.gov.on.ca/mndmfiles/mdi/data/records/MDI42C08SW00007.html,,Gold
Global Stone (Ingersoll) Ltd.,Stelco (Steel Company of Canada Ltd.) Steel ,,,,,,Ingersoll,Ontario,43.03784371,-80.88413506,1990,2000,,,,,unclear ownership as for other Ingersoll entry,0,1,1,https://www.northernminer.com/subscribe-login/?id=1000178244,http://www.geologyontario.mndm.gov.on.ca/mndmfiles/mdi/data/records/MDI40P02SW00005.html,,Lime
Xstrata Nickel Canada,,,,,,Onaping/Craig,,Ontario,46.6441,-81.3669,1994,2009,,,,,,0,1,1,https://www.mindat.org/loc-230771.html,https://im-mining.com/2022/05/27/glencore-reveals-bev-mining-fleet-order-for-onaping-depth-all-electric-nickel-copper-mine/,,Nickel
Xstrata Nickel Canada,,,,,,Onaping/Craig,,Ontario,46.6441,-81.3669,1994,2009,,,,,,0,1,1,https://www.mindat.org/loc-230771.html,https://im-mining.com/2022/05/27/glencore-reveals-bev-mining-fleet-order-for-onaping-depth-all-electric-nickel-copper-mine/,,Tellurium
Xstrata Nickel Canada,,,,,,Onaping/Craig,,Ontario,46.6441,-81.3669,1994,2009,,,,,,0,1,1,https://www.mindat.org/loc-230771.html,https://im-mining.com/2022/05/27/glencore-reveals-bev-mining-fleet-order-for-onaping-depth-all-electric-nickel-copper-mine/,,Cobalt
Xstrata Nickel Canada,,,,,,Onaping/Craig,,Ontario,46.6441,-81.3669,1994,2009,,,,,,0,1,1,https://www.mindat.org/loc-230771.html,https://im-mining.com/2022/05/27/glencore-reveals-bev-mining-fleet-order-for-onaping-depth-all-electric-nickel-copper-mine/,,Gold
Xstrata Nickel Canada,,,,,,Onaping/Craig,,Ontario,46.6441,-81.3669,1994,2009,,,,,,0,1,1,https://www.mindat.org/loc-230771.html,https://im-mining.com/2022/05/27/glencore-reveals-bev-mining-fleet-order-for-onaping-depth-all-electric-nickel-copper-mine/,,Copper
Xstrata Nickel Canada,,,,,,Onaping/Craig,,Ontario,46.6441,-81.3669,1994,2009,,,,,,0,1,1,https://www.mindat.org/loc-230771.html,https://im-mining.com/2022/05/27/glencore-reveals-bev-mining-fleet-order-for-onaping-depth-all-electric-nickel-copper-mine/,,Silver
Xstrata Nickel Canada,,,,,,Onaping/Craig,,Ontario,46.6441,-81.3669,1994,2009,,,,,,0,1,1,https://www.mindat.org/loc-230771.html,https://im-mining.com/2022/05/27/glencore-reveals-bev-mining-fleet-order-for-onaping-depth-all-electric-nickel-copper-mine/,,Selenium
Xstrata Nickel Canada,,,,,,Onaping/Craig,,Ontario,46.6441,-81.3669,1994,2009,,,,,,0,1,1,https://www.mindat.org/loc-230771.html,https://im-mining.com/2022/05/27/glencore-reveals-bev-mining-fleet-order-for-onaping-depth-all-electric-nickel-copper-mine/,,Platinum
South-Malartic Exploration Inc.,,,,,,Croinor,Val d'Or,Quebec,48.110195,-77.018181,2004,2005,,,,,p. 21 'history' https://assets.website-files.com/5787b0e39bdd7b7161e7fd98/5dcc7ee1547376573adff622_MQR_2019_AIF.pdf,0,1,1,,,,Gold
Hudson Bay Mining and Smelting Co. Ltd. ,Potash Corporation of Saskatchewan (Rocanville Division),Agrium Inc.,,,,Vascoy (Rocanville Division),Vanscoy,Saskatchewan,52.01,-107.08,1971,2014,2015,open,,,,0,1,0,,,,Salt
Hudson Bay Mining and Smelting Co. Ltd. ,Potash Corporation of Saskatchewan (Rocanville Division),Agrium Inc.,,,,Vascoy (Rocanville Division),Vanscoy,Saskatchewan,52.01,-107.08,1971,2014,2015,open,,,,0,1,0,,,,Potash
COGEMA Resources Inc.,Denison Mines Limited,"OURD (Canada) Co., Ltd. ",AREVA Resources Canada Inc.,,,McClean Lake,McMahon,Saskatchewan,58.261669,-103.8030548,1999,2010,,,,,,0,1,0,,,,Uranium
Dumbarton Mines Ltd.,,,,,,,Bird River,Manitoba,50.469166666666666,-95.44555556,1922,1974,,,,,,0,1,0,,,,Nickel
Dumbarton Mines Ltd.,,,,,,,Bird River,Manitoba,50.469166666666666,-95.44555556,1922,1974,,,,,,0,1,0,,,,Copper
Hudson Bay Mining and Smelting Co. Ltd. ,,,,,,Flin Flon,Flin Flon ,Manitoba,56.7545,-101.069493,1929,1990,,,,,,0,1,0,,,,Tellerium
Hudson Bay Mining and Smelting Co. Ltd. ,,,,,,Flin Flon,Flin Flon ,Manitoba,56.7545,-101.069493,1929,1990,,,,,,0,1,0,,,,Slerium
Hudson Bay Mining and Smelting Co. Ltd. ,,,,,,Flin Flon,Flin Flon ,Manitoba,56.7545,-101.069493,1929,1990,,,,,,0,1,0,,,,Gold
Hudson Bay Mining and Smelting Co. Ltd. ,,,,,,Flin Flon,Flin Flon ,Manitoba,56.7545,-101.069493,1929,1990,,,,,,0,1,0,,,,Copper
Hudson Bay Mining and Smelting Co. Ltd. ,,,,,,Flin Flon,Flin Flon ,Manitoba,56.7545,-101.069493,1929,1990,,,,,,0,1,0,,,,Selenium
Hudson Bay Mining and Smelting Co. Ltd. ,,,,,,Flin Flon,Flin Flon ,Manitoba,56.7545,-101.069493,1929,1990,,,,,,0,1,0,,,,Zinc
Nystone Chemicals Ltd.,,,,,,Brookfield,Truro,Nova Scotia,45.272512,-63.24060185,1944,2008,,,,,"Re-opening of barite mine by Nystone Chemicals, Brookfield, Nova Scotia",0,1,0,,,,Barite
Nystone Chemicals Ltd.,,,,,,Brookfield,Truro,Nova Scotia,45.272512,-63.24060185,1944,2008,,,,,"Re-opening of barite mine by Nystone Chemicals, Brookfield, Nova Scotia",0,1,0,,,,Siderite
Nystone Chemicals Ltd.,,,,,,Brookfield,Truro,Nova Scotia,45.272512,-63.24060185,1944,2008,,,,,"Re-opening of barite mine by Nystone Chemicals, Brookfield, Nova Scotia",0,1,0,,,,Barium
Icon Syndicate,,,,,,Icon Sullivan,Chibougamau ,Quebec,50.238014,-73.811065,1967,1976,,,,,,0,1,0,,,,Silver
Icon Syndicate,,,,,,Icon Sullivan,Chibougamau ,Quebec,50.238014,-73.811065,1967,1976,,,,,,0,1,0,,,,Zinc
Icon Syndicate,,,,,,Icon Sullivan,Chibougamau ,Quebec,50.238014,-73.811065,1967,1976,,,,,,0,1,0,,,,Copper
Sodium Sulphate (Saskatchewan) Ltd. ,Hudson Bay Mining and Smelting Co. Ltd.,Agassiz Resources Ltd.,,,,,Alsask ,Saskatchewan,51.339285,-109.8651447,1967,1971,,,,,,0,1,0,,,,Sodium Sulphate
Share Mines and Oils Ltd. ,,,,,,Hanson Lake,Hanson Lake ,Saskatchewan,54.67499654,-102.8494419,1967,1969,,,,,,0,1,0,,,,Silver
Share Mines and Oils Ltd. ,,,,,,Hanson Lake,Hanson Lake ,Saskatchewan,54.67499654,-102.8494419,1967,1969,,,,,,0,1,0,,,,Lead
Share Mines and Oils Ltd. ,,,,,,Hanson Lake,Hanson Lake ,Saskatchewan,54.67499654,-102.8494419,1967,1969,,,,,,0,1,0,,,,Zinc
Share Mines and Oils Ltd. ,,,,,,Hanson Lake,Hanson Lake ,Saskatchewan,54.67499654,-102.8494419,1967,1969,,,,,,0,1,0,,,,Copper
British Columbia Molybdenum,Amax of Canada Ltd.,,,,,Alice Arm,Kitsault ,British Columbia,55.421943,-129.41944,1967,1982,,,,,,0,1,0,,,,Lead
British Columbia Molybdenum,Amax of Canada Ltd.,,,,,Alice Arm,Kitsault ,British Columbia,55.421943,-129.41944,1967,1982,,,,,,0,1,0,,,,Copper
British Columbia Molybdenum,Amax of Canada Ltd.,,,,,Alice Arm,Kitsault ,British Columbia,55.421943,-129.41944,1967,1982,,,,,,0,1,0,,,,Silver
British Columbia Molybdenum,Amax of Canada Ltd.,,,,,Alice Arm,Kitsault ,British Columbia,55.421943,-129.41944,1967,1982,,,,,,0,1,0,,,,Molybdenum
British Columbia Molybdenum,Amax of Canada Ltd.,,,,,Alice Arm,Kitsault ,British Columbia,55.421943,-129.41944,1967,1982,,,,,,0,1,0,,,,Tungsten
British Columbia Molybdenum,Amax of Canada Ltd.,,,,,Alice Arm,Kitsault ,British Columbia,55.421943,-129.41944,1967,1982,,,,,,0,1,0,,,,Zinc
Wasamac Mines Ltd. ,,,,,,Wasamac 2,Arntfield ,Quebec,48.212151,-79.198681,1968,1988,1998,2001,,,,0,1,0,,,,Silver
Wasamac Mines Ltd. ,,,,,,Wasamac 2,Arntfield ,Quebec,48.212151,-79.198681,1968,1988,1998,2001,,,,0,1,0,,,,Copper
Wasamac Mines Ltd. ,,,,,,Wasamac 2,Arntfield ,Quebec,48.212151,-79.198681,1968,1988,1998,2001,,,,0,1,0,,,,Gold
Tantalum Mining Corporation of Canada Ltd.,,,,,,Bernic Lake,Lac du Bonnet ,Manitoba,50.42861111111111,-95.4525,1969,2016,,,,,,0,1,0,,,,Tantalum
Tantalum Mining Corporation of Canada Ltd.,,,,,,Bernic Lake,Lac du Bonnet ,Manitoba,50.42861111111111,-95.4525,1969,2016,,,,,,0,1,0,,,,Cesium
Cape Breton Development Corp.,,,,,,Phalen,New Waterford,Nova Scotia,46.25314274,-60.09054688,1970,1976,,,,,"Closing of Devco’s Phalen Colliery, New Waterford, Cape Breton Island, Nova Scotia 1999 ",0,1,0,,,,Coal
Noranda Mines Ltd.,,,,,,,Cadillac ,Quebec,48.24999,-79.0164,1970,1980,,,,,,0,1,0,,,,Tellurium
Noranda Mines Ltd.,,,,,,,Cadillac ,Quebec,48.24999,-79.0164,1970,1980,,,,,,0,1,0,,,,Gold
Noranda Mines Ltd.,,,,,,,Cadillac ,Quebec,48.24999,-79.0164,1970,1980,,,,,,0,1,0,,,,Copper
Noranda Mines Ltd.,,,,,,,Cadillac ,Quebec,48.24999,-79.0164,1970,1980,,,,,,0,1,0,,,,Silver
Noranda Mines Ltd.,,,,,,,Cadillac ,Quebec,48.24999,-79.0164,1970,1980,,,,,,0,1,0,,,,Selenium
Noranda Mines Ltd.,,,,,,,Cadillac ,Quebec,48.24999,-79.0164,1970,1980,,,,,,0,1,0,,,,Pyrite
Chesbar Iron Powder Ltd.,,,,,,,,Quebec,49.452351,-76.502154,1970,1971,,,,,,0,1,0,,,,Iron
"Canadian Salt Company, Ltd.",,,,,,,Belle Plaine ,Saskatchewan,50.39373442,-105.1557625,1970,open,,,,,,0,1,0,,,,Salt
Potash Corporation of Saskatchewan Inc.,,,,,,Rocanville Division,Rocanville,Saskatchewan,50.458098,-101.5334994,1970,open,,,,,,0,1,0,,,,Potash
Falconbridge Nickel Mines Ltd. ,,,,,,Manibridge,Wabowden,Manitoba,54.702222222222225,-98.83722222,1971,1977,,,,,,0,1,0,,,,Nickel
Falconbridge Nickel Mines Ltd. ,,,,,,Manibridge,Wabowden,Manitoba,54.702222222222225,-98.83722222,1971,1977,,,,,,0,1,0,,,,Copper
Dawson Eldorado Gold Explorations Ltd.,,,,,,Plata ,,Yukon,63.58583333333333,-132.0319444,1972,2009,,,,,,0,1,0,,,,Silver
Dawson Eldorado Gold Explorations Ltd.,,,,,,Plata ,,Yukon,63.58583333333333,-132.0319444,1972,2009,,,,,,0,1,0,,,,Lead
Dawson Eldorado Gold Explorations Ltd.,,,,,,Plata ,,Yukon,63.58583333333333,-132.0319444,1972,2009,,,,,,0,1,0,,,,Gold
"Miller Minerals, a division of Miller Paving Limited",Dymond Clay Products Ltd.,,,,,Haileybury,Lake Timiskaming ,Ontario,47.45408113,-79.67363424,1991,open,,,,,,0,1,0,,,,Limestone
"Miller Minerals, a division of Miller Paving Limited",Dymond Clay Products Ltd.,,,,,Haileybury,Lake Timiskaming ,Ontario,47.45408113,-79.67363424,1991,open,,,,,,0,1,0,,,,Lime
"Miller Minerals, a division of Miller Paving Limited",Dymond Clay Products Ltd.,,,,,Haileybury,Lake Timiskaming ,Ontario,47.45408113,-79.67363424,1991,open,,,,,,0,1,0,,,,lime
Luscar Ltd.,,,,,,Shand,Estevan ,Saskatchewan,49.100149,-102.8797397,1992,open,,,,,,0,1,0,,,,Coal
Brogan Mining Company Limited,Greenhills Development Ltd.,,,,,Sullivan Creek or Florence,Florence ,Nova Scotia,46.27066384,-60.28226058,1997,2010,,,,,"Rio Algom constructing plant for tin mine, near Yarmouth, Nova Scotia",0,1,0,,,,Coal
Richmont Mines Inc.,Rambler Metals and Mining PLC,,,,,Nugget Pond,Baie Verte ,Newfoundland-and-Labrador,49.84502134,-55.77535906,1997,2010,,,,,,0,1,0,,,,Copper
Richmont Mines Inc.,Rambler Metals and Mining PLC,,,,,Nugget Pond,Baie Verte ,Newfoundland-and-Labrador,49.84502134,-55.77535906,1997,2010,,,,,,0,1,0,,,,Gold
Comox Mining Co. Ltd. ,Canadian Collieries (Dunsmuir) Ltd. ,,,,,,,British Columbia,49.631388,-125.03805,1888,1967,,,,,,0,0,1,https://www.memorybc.ca/canadian-collieries-dunsmuir,,,Fireclay
Comox Mining Co. Ltd. ,Canadian Collieries (Dunsmuir) Ltd. ,,,,,,,British Columbia,49.631388,-125.03805,1888,1967,,,,,,0,0,1,https://www.memorybc.ca/canadian-collieries-dunsmuir,,,Coal
Kiena Gold Mines Ltd.,Placer Dome Inc.,,,,,Kiena,Val d’Or ,Quebec,48.120858,-77.917978,1936,1996,2005,2013,2021,open,"Contradictory information: ""1981
• Production begins, Kiena gold mine, Val-d’Or, Quebec"" from https://publications.gc.ca/collections/Collection/M39-78-2001E.pdf",0,0,1,https://www.mindat.org/loc-195148.html,https://plus.lapresse.ca/screens/4549dde9-a343-488b-9ad8-1d67d6f58eda%7C_0.html,https://www.canadianminingjournal.com/featured-article/wesdome-reopens-kiena-mine/,Gold
Elder Mines Ltd. ,Peel-Elder Mine Ltd.,Abcourt Mines Inc.,,,,Peel-Elder,Beauchastel,Quebec,48.286378,-79.130486,1944,1966,2016,open,,,,0,0,1,https://publications.gc.ca/collections/Collection/M39-78-2001E.pdf,https://www.mindat.org/loc-256811.html,,Silica
Elder Mines Ltd. ,Peel-Elder Mine Ltd.,Abcourt Mines Inc.,,,,Peel-Elder,Beauchastel,Quebec,48.286378,-79.130486,1944,1966,2016,open,,,,0,0,1,https://publications.gc.ca/collections/Collection/M39-78-2001E.pdf,https://www.mindat.org/loc-256811.html,,Lead
Elder Mines Ltd. ,Peel-Elder Mine Ltd.,Abcourt Mines Inc.,,,,Peel-Elder,Beauchastel,Quebec,48.286378,-79.130486,1944,1966,2016,open,,,,0,0,1,https://publications.gc.ca/collections/Collection/M39-78-2001E.pdf,https://www.mindat.org/loc-256811.html,,Copper
Elder Mines Ltd. ,Peel-Elder Mine Ltd.,Abcourt Mines Inc.,,,,Peel-Elder,Beauchastel,Quebec,48.286378,-79.130486,1944,1966,2016,open,,,,0,0,1,https://publications.gc.ca/collections/Collection/M39-78-2001E.pdf,https://www.mindat.org/loc-256811.html,,Gold
Elder Mines Ltd. ,Peel-Elder Mine Ltd.,Abcourt Mines Inc.,,,,Peel-Elder,Beauchastel,Quebec,48.286378,-79.130486,1944,1966,2016,open,,,,0,0,1,https://publications.gc.ca/collections/Collection/M39-78-2001E.pdf,https://www.mindat.org/loc-256811.html,,Silver
Mclntyre Coal Mines Ltd.,CST Canada Coal Limited,Up Energy Development Group Ltd.,,,,,Grande Cache ,Alberta,53.93860907,-119.1783886,1967,1972,2004,2015,2018,2020,,0,0,1,https://www.gem.wiki/Grande_Cache_Coal,,,Coal
Cusac Industries Ltd. ,Erikson Gold Mining Corp.,Total Erikson Resources Ltd.,,,,"Table Mountain, Cassiar Gold Property, Erikson, Jennie,(…) McDame Lake",Cassiar,British Columbia,59.195555,-129.68499,1978,1988,1994,2007,,,Lots of prospection and sampling since then,0,0,1,https://minfile.gov.bc.ca/summary.aspx?minfilno=104P%20%20029,,,Lead
Cusac Industries Ltd. ,Erikson Gold Mining Corp.,Total Erikson Resources Ltd.,,,,"Table Mountain, Cassiar Gold Property, Erikson, Jennie,(…) McDame Lake",Cassiar,British Columbia,59.195555,-129.68499,1978,1988,1994,2007,,,Lots of prospection and sampling since then,0,0,1,https://minfile.gov.bc.ca/summary.aspx?minfilno=104P%20%20029,,,Copper
Cusac Industries Ltd. ,Erikson Gold Mining Corp.,Total Erikson Resources Ltd.,,,,"Table Mountain, Cassiar Gold Property, Erikson, Jennie,(…) McDame Lake",Cassiar,British Columbia,59.195555,-129.68499,1978,1988,1994,2007,,,Lots of prospection and sampling since then,0,0,1,https://minfile.gov.bc.ca/summary.aspx?minfilno=104P%20%20029,,,Gold
Cusac Industries Ltd. ,Erikson Gold Mining Corp.,Total Erikson Resources Ltd.,,,,"Table Mountain, Cassiar Gold Property, Erikson, Jennie,(…) McDame Lake",Cassiar,British Columbia,59.195555,-129.68499,1978,1988,1994,2007,,,Lots of prospection and sampling since then,0,0,1,https://minfile.gov.bc.ca/summary.aspx?minfilno=104P%20%20029,,,Silver
Cusac Industries Ltd. ,Erikson Gold Mining Corp.,Total Erikson Resources Ltd.,,,,"Table Mountain, Cassiar Gold Property, Erikson, Jennie,(…) McDame Lake",Cassiar,British Columbia,59.195555,-129.68499,1978,1988,1994,2007,,,Lots of prospection and sampling since then,0,0,1,https://minfile.gov.bc.ca/summary.aspx?minfilno=104P%20%20029,,,Bismuth
Cusac Industries Ltd. ,Erikson Gold Mining Corp.,Total Erikson Resources Ltd.,,,,"Table Mountain, Cassiar Gold Property, Erikson, Jennie,(…) McDame Lake",Cassiar,British Columbia,59.195555,-129.68499,1978,1988,1994,2007,,,Lots of prospection and sampling since then,0,0,1,https://minfile.gov.bc.ca/summary.aspx?minfilno=104P%20%20029,,,Cadmium
Cusac Industries Ltd. ,Erikson Gold Mining Corp.,Total Erikson Resources Ltd.,,,,"Table Mountain, Cassiar Gold Property, Erikson, Jennie,(…) McDame Lake",Cassiar,British Columbia,59.195555,-129.68499,1978,1988,1994,2007,,,Lots of prospection and sampling since then,0,0,1,https://minfile.gov.bc.ca/summary.aspx?minfilno=104P%20%20029,,,Zinc
Cusac Industries Ltd. ,Erikson Gold Mining Corp.,Total Erikson Resources Ltd.,,,,"Table Mountain, Cassiar Gold Property, Erikson, Jennie,(…) McDame Lake",Cassiar,British Columbia,59.195555,-129.68499,1978,1988,1994,2007,,,Lots of prospection and sampling since then,0,0,1,https://minfile.gov.bc.ca/summary.aspx?minfilno=104P%20%20029,,,Antimony
Ressources Nottaway Inc.,,,,,,Vezza,,Quebec,49.5329,-77.76671,1986,1988,1993,1997,2016,2019,Also other periods with significan exploration at the mine.,0,0,1,https://www.sec.gov/Archives/edgar/data/887701/000114420411019323/v215932_ex1-1.htm,,,Silver
Ressources Nottaway Inc.,,,,,,Vezza,,Quebec,49.5329,-77.76671,1986,1988,1993,1997,2016,2019,Also other periods with significan exploration at the mine.,0,0,1,https://www.sec.gov/Archives/edgar/data/887701/000114420411019323/v215932_ex1-1.htm,,,Gold
Conuma Coal Resources Ltd.,"Walter Energy, Inc.",,,,,Wolverine or Perry Creek,,British Columbia,55.0861,-121.2453,2006,2014,2017,open,,,https://www.gem.wiki/Wolverine_mine,0,0,1,,,,Coal
Bighorn Mining Ltd.,,,,,,Vista,,Alberta,53.403506,-117.36642,2019,open,,,,,Possibly producing for a period before,0,0,1,https://thenarwhal.ca/alberta-coal-mine-vista-coalspur-finances/,,,Coal
Graybec Inc.,Graybec Calc Inc.,,,,,Domlin,Marbleton,Quebec,45.617966,-71.604558,1824,open,,,,,,0,0,1,https://gq.mines.gouv.qc.ca/documents/examine/DV200102/DV200102.pdf,,,Lime
Johnson's Asbestos Co. ,Asbestos Corporation Inc. ,,,,,,Thetford Mines ,Quebec,46.07861,-71.30056,1878,1964,,,,,,0,0,1,https://www.brownlawyers.ca/canadian-asbestos-mines.html,https://www.mindat.org/loc-207981.html,,Asbestos
McKinney Gold Mines Ltd.,Pioneer Gold Mines of B.C. Ltd,Highland-Bell Ltd.,,,,Cariboo-Amelia or Camps McKinney Gold,,British Columbia,49.0625,-119.13861,1887,1962,,,,,many more producers listed here https://minfile.gov.bc.ca/summary.aspx?minfilno=082ESW020,0,0,1,https://minfile.gov.bc.ca/summary.aspx?minfilno=082ESW020,https://www.ximenminingcorp.com/project/amelia-gold-mine/,,Lead
McKinney Gold Mines Ltd.,Pioneer Gold Mines of B.C. Ltd,Highland-Bell Ltd.,,,,Cariboo-Amelia or Camps McKinney Gold,,British Columbia,49.0625,-119.13861,1887,1962,,,,,many more producers listed here https://minfile.gov.bc.ca/summary.aspx?minfilno=082ESW020,0,0,1,https://minfile.gov.bc.ca/summary.aspx?minfilno=082ESW020,https://www.ximenminingcorp.com/project/amelia-gold-mine/,,Silica
McKinney Gold Mines Ltd.,Pioneer Gold Mines of B.C. Ltd,Highland-Bell Ltd.,,,,Cariboo-Amelia or Camps McKinney Gold,,British Columbia,49.0625,-119.13861,1887,1962,,,,,many more producers listed here https://minfile.gov.bc.ca/summary.aspx?minfilno=082ESW020,0,0,1,https://minfile.gov.bc.ca/summary.aspx?minfilno=082ESW020,https://www.ximenminingcorp.com/project/amelia-gold-mine/,,Copper
McKinney Gold Mines Ltd.,Pioneer Gold Mines of B.C. Ltd,Highland-Bell Ltd.,,,,Cariboo-Amelia or Camps McKinney Gold,,British Columbia,49.0625,-119.13861,1887,1962,,,,,many more producers listed here https://minfile.gov.bc.ca/summary.aspx?minfilno=082ESW020,0,0,1,https://minfile.gov.bc.ca/summary.aspx?minfilno=082ESW020,https://www.ximenminingcorp.com/project/amelia-gold-mine/,,Gold
McKinney Gold Mines Ltd.,Pioneer Gold Mines of B.C. Ltd,Highland-Bell Ltd.,,,,Cariboo-Amelia or Camps McKinney Gold,,British Columbia,49.0625,-119.13861,1887,1962,,,,,many more producers listed here https://minfile.gov.bc.ca/summary.aspx?minfilno=082ESW020,0,0,1,https://minfile.gov.bc.ca/summary.aspx?minfilno=082ESW020,https://www.ximenminingcorp.com/project/amelia-gold-mine/,,Silver
McKinney Gold Mines Ltd.,Pioneer Gold Mines of B.C. Ltd,Highland-Bell Ltd.,,,,Cariboo-Amelia or Camps McKinney Gold,,British Columbia,49.0625,-119.13861,1887,1962,,,,,many more producers listed here https://minfile.gov.bc.ca/summary.aspx?minfilno=082ESW020,0,0,1,https://minfile.gov.bc.ca/summary.aspx?minfilno=082ESW020,https://www.ximenminingcorp.com/project/amelia-gold-mine/,,Pyrophyllite
McKinney Gold Mines Ltd.,Pioneer Gold Mines of B.C. Ltd,Highland-Bell Ltd.,,,,Cariboo-Amelia or Camps McKinney Gold,,British Columbia,49.0625,-119.13861,1887,1962,,,,,many more producers listed here https://minfile.gov.bc.ca/summary.aspx?minfilno=082ESW020,0,0,1,https://minfile.gov.bc.ca/summary.aspx?minfilno=082ESW020,https://www.ximenminingcorp.com/project/amelia-gold-mine/,,Zinc
"Cape Breton Development Corp., (DEVCO),",,,,,,No. 26 Colliery,Glace Bay ,Nova Scotia,46.17451388,-59.94872442,1900,1984,,,,,"Closing of Number 26 Colliery, Glace Bay, Nova Scotia.",0,0,1,https://publications.gc.ca/collections/Collection/M39-78-2001E.pdf,,,Coal
Kerr Addison Gold Mines Ltd. ,Deak Resources Corp.,,,,,,Virginiatown ,Ontario,48.13708,-79.58034,1900,1963,1990,1996,,,,0,0,1,https://www.geologyontario.mndm.gov.on.ca/mndmfiles/mdi/data/records/MDI32D04SE00011.html,,,Gold
Sheep Creek Gold Mines Ltd. ,Aetna Investment Corp. Ltd.,,,,,Sheep Creek (Queen or Yellowstone),,British Columbia,49.143055,-117.13444,1900,1989,,,,,,0,0,1,https://bcgoldadventures.com/sheep-creek-mining-camp/,,,Silica
Sheep Creek Gold Mines Ltd. ,Aetna Investment Corp. Ltd.,,,,,Sheep Creek (Queen or Yellowstone),,British Columbia,49.143055,-117.13444,1900,1989,,,,,,0,0,1,https://bcgoldadventures.com/sheep-creek-mining-camp/,,,Lead
Sheep Creek Gold Mines Ltd. ,Aetna Investment Corp. Ltd.,,,,,Sheep Creek (Queen or Yellowstone),,British Columbia,49.143055,-117.13444,1900,1989,,,,,,0,0,1,https://bcgoldadventures.com/sheep-creek-mining-camp/,,,Gold
Sheep Creek Gold Mines Ltd. ,Aetna Investment Corp. Ltd.,,,,,Sheep Creek (Queen or Yellowstone),,British Columbia,49.143055,-117.13444,1900,1989,,,,,,0,0,1,https://bcgoldadventures.com/sheep-creek-mining-camp/,,,Silver
Sheep Creek Gold Mines Ltd. ,Aetna Investment Corp. Ltd.,,,,,Sheep Creek (Queen or Yellowstone),,British Columbia,49.143055,-117.13444,1900,1989,,,,,,0,0,1,https://bcgoldadventures.com/sheep-creek-mining-camp/,,,Zinc
London Pride Silver Mines Ltd. ,,,,,,Cork-Province,slocan,British Columbia,49.907222,-117.07527,1900,1966,,,,,,0,0,1,https://cmscontent.nrs.gov.bc.ca/geoscience/PropertyFile/NMI/082F14_Zn4.pdf,,,Lead
London Pride Silver Mines Ltd. ,,,,,,Cork-Province,slocan,British Columbia,49.907222,-117.07527,1900,1966,,,,,,0,0,1,https://cmscontent.nrs.gov.bc.ca/geoscience/PropertyFile/NMI/082F14_Zn4.pdf,,,Gold
London Pride Silver Mines Ltd. ,,,,,,Cork-Province,slocan,British Columbia,49.907222,-117.07527,1900,1966,,,,,,0,0,1,https://cmscontent.nrs.gov.bc.ca/geoscience/PropertyFile/NMI/082F14_Zn4.pdf,,,Copper
London Pride Silver Mines Ltd. ,,,,,,Cork-Province,slocan,British Columbia,49.907222,-117.07527,1900,1966,,,,,,0,0,1,https://cmscontent.nrs.gov.bc.ca/geoscience/PropertyFile/NMI/082F14_Zn4.pdf,,,Silver
London Pride Silver Mines Ltd. ,,,,,,Cork-Province,slocan,British Columbia,49.907222,-117.07527,1900,1966,,,,,,0,0,1,https://cmscontent.nrs.gov.bc.ca/geoscience/PropertyFile/NMI/082F14_Zn4.pdf,,,Cadmium
London Pride Silver Mines Ltd. ,,,,,,Cork-Province,slocan,British Columbia,49.907222,-117.07527,1900,1966,,,,,,0,0,1,https://cmscontent.nrs.gov.bc.ca/geoscience/PropertyFile/NMI/082F14_Zn4.pdf,,,Zinc
Bras D'Or Coal Co. Ltd.,,,,,,,Broughton ,Nova Scotia,46.08324017,-59.97585717,1901,1969,,,,,many mines operated between 1901 and 1969 and it then became a ghost town (source3),0,0,1,https://notyourgrandfathersmining.ca/ghost-town-broughton,,,Coal
Highland-Bell Ltd. ,Mastodon-Highland Bell Mines Ltd. ,Leitch Mines Ltd.,Teck Corporation,,,,Beaverdell ,British Columbia,49.429166,-119.06222,1901,1978,,,,,,0,0,1,https://cmscontent.nrs.gov.bc.ca/geoscience/PropertyFile/NMI/082E6_Ag1.pdf,,,Silver
Highland-Bell Ltd. ,Mastodon-Highland Bell Mines Ltd. ,Leitch Mines Ltd.,Teck Corporation,,,,Beaverdell ,British Columbia,49.429166,-119.06222,1901,1978,,,,,,0,0,1,https://cmscontent.nrs.gov.bc.ca/geoscience/PropertyFile/NMI/082E6_Ag1.pdf,,,Lead
Highland-Bell Ltd. ,Mastodon-Highland Bell Mines Ltd. ,Leitch Mines Ltd.,Teck Corporation,,,,Beaverdell ,British Columbia,49.429166,-119.06222,1901,1978,,,,,,0,0,1,https://cmscontent.nrs.gov.bc.ca/geoscience/PropertyFile/NMI/082E6_Ag1.pdf,,,Zinc
Highland-Bell Ltd. ,Mastodon-Highland Bell Mines Ltd. ,Leitch Mines Ltd.,Teck Corporation,,,,Beaverdell ,British Columbia,49.429166,-119.06222,1901,1978,,,,,,0,0,1,https://cmscontent.nrs.gov.bc.ca/geoscience/PropertyFile/NMI/082E6_Ag1.pdf,,,Gold
Canadian Gypsum Co. Ltd.,CGC Inc.,,,,,,Hagersville ,Ontario,43.01223,-80.01629,1902,open,,,,,,0,0,1,http://www.geologyontario.mndm.gov.on.ca/mndmfiles/MDI/data/records/MDI40P01SE00002.html,https://www.usg.com/content/usgcom/en_CA_east/about-cgc/history-of-cgc.html,,Gypsum
Silver Summit Mines Ltd.,Consolidated Summit Mines Limited,Barrick Resources Corporation,,,,Savage (Silver Summit),,Ontario,47.37574,-79.68324,1903,1964,,,,,,0,0,1,https://digital.library.mcgill.ca/hrcorpreports/search/detail.php?company=Barrick%20Gold%20Corporation&ID=643,https://www.mindat.org/loc-21599.html,,Silver
Canadian Refractories Ltd. ,"Dresser Industries Canada, Ltd.. (Canadian Refractories Division) (1975)",,,,,Kilmar or Dobbie?,Kilmar ,Quebec,45.75139,-74.61833,1907,1993,,,,,"Formerly: Kilmar Mine, Kilmar, Grenville township, Argenteuil Co., Québec, Canada

Mining started during World War I.The deposit was originally mined as an open pit. Underground mining began by means of adits from the open pit and then continued via a shaft sunk in 1937, reaching a depth of 700 feet in 1942.",0,0,1,https://www.mindat.org/loc-72867.html,https://www.mdpi.com/2075-163X/9/9/554,,Magnesitic Dolomite
Harrison-Hibbert Mines Ltd. ,,,,,,Mud,,Ontario,47.41481,-79.62552,1907,1965,,,,,,0,0,1,https://www.mindat.org/loc-11757.html,,,Silver
Giant Mascot Mines Ltd. ,Golden Giant Mines Company,Siscoe Mines Limited,Baroid of Canada Ltd,,,Giant Mascot,Hope,British Columbia,49.46444,-121.51361,1908,1983,,,,,,0,0,1,https://inthewindermere.home.blog/2021/06/23/giant-mine-1/,https://www.mindat.org/loc-11356.html,,Lead
Giant Mascot Mines Ltd. ,Golden Giant Mines Company,Siscoe Mines Limited,Baroid of Canada Ltd,,,Giant Mascot,Hope,British Columbia,49.46444,-121.51361,1908,1983,,,,,,0,0,1,https://inthewindermere.home.blog/2021/06/23/giant-mine-1/,https://www.mindat.org/loc-11356.html,,Copper
Giant Mascot Mines Ltd. ,Golden Giant Mines Company,Siscoe Mines Limited,Baroid of Canada Ltd,,,Giant Mascot,Hope,British Columbia,49.46444,-121.51361,1908,1983,,,,,,0,0,1,https://inthewindermere.home.blog/2021/06/23/giant-mine-1/,https://www.mindat.org/loc-11356.html,,Silver
Giant Mascot Mines Ltd. ,Golden Giant Mines Company,Siscoe Mines Limited,Baroid of Canada Ltd,,,Giant Mascot,Hope,British Columbia,49.46444,-121.51361,1908,1983,,,,,,0,0,1,https://inthewindermere.home.blog/2021/06/23/giant-mine-1/,https://www.mindat.org/loc-11356.html,,Cadmium
Giant Mascot Mines Ltd. ,Golden Giant Mines Company,Siscoe Mines Limited,Baroid of Canada Ltd,,,Giant Mascot,Hope,British Columbia,49.46444,-121.51361,1908,1983,,,,,,0,0,1,https://inthewindermere.home.blog/2021/06/23/giant-mine-1/,https://www.mindat.org/loc-11356.html,,Barite
Giant Mascot Mines Ltd. ,Golden Giant Mines Company,Siscoe Mines Limited,Baroid of Canada Ltd,,,Giant Mascot,Hope,British Columbia,49.46444,-121.51361,1908,1983,,,,,,0,0,1,https://inthewindermere.home.blog/2021/06/23/giant-mine-1/,https://www.mindat.org/loc-11356.html,,Zinc
Giant Mascot Mines Ltd. ,Golden Giant Mines Company,Siscoe Mines Limited,Baroid of Canada Ltd,,,Giant Mascot,Hope,British Columbia,49.46444,-121.51361,1908,1983,,,,,,0,0,1,https://inthewindermere.home.blog/2021/06/23/giant-mine-1/,https://www.mindat.org/loc-11356.html,,Antimony
HiHo Silver Mines Ltd. ,Ontario Government,Cleopatra Mining Co. Ltd.,La Rose Mines Ltd.,Silver Miller Mines Ltd.,Glen Lake Silver Mines Ltd.,,Cobalt ,Ontario,47.37083,-79.66541,1909,1970,,,,,"Glen Lake Silver Mines Ltd. Was another entry with overlap, but classified as the same and same location on the map. ",0,0,1,https://www.geologyontario.mndm.gov.on.ca/mndmfiles/mdi/data/records/MDI31M05SE00073.html,,,Silver
McIntyre Porcupine Mines Ltd. ,,,,,,McIntyre,,Ontario,47.69009,-80.67301,1911,1984,,,,,,0,0,1,https://www.mindat.org/loc-8344.html,https://www.mcintyrepowderproject.com/,https://ominous.app/browse/site/2365,Silver
McIntyre Porcupine Mines Ltd. ,,,,,,McIntyre,,Ontario,47.69009,-80.67301,1911,1984,,,,,,0,0,1,https://www.mindat.org/loc-8344.html,https://www.mcintyrepowderproject.com/,https://ominous.app/browse/site/2365,Cobalt
Malagash Salt Co. Ltd. ,"Canadian Rock Salt Co. Ltd., The ",,,,,Malagash salt,Malagash,Nova Scotia,45.79235,-63.32344,1918,1961,,,,,The currently entered coordinates are for the museum (see link attached),0,0,1,https://www.mindat.org/loc-290980.html,,,Salt
Red Deer Valley Coal Co. Ltd. ,,,,,,Foothills,,Alberta,53.06878004,-116.7956893,1918,1961,,,,,,0,0,1,https://issuu.com/experiencetravelguides/docs/experience_our_coal_history,,,Coal
Reliance Fluorspar Mining Syndicate Ltd. ,Canadian Industrial Minerals Limited,Wood Land Mineral Company,,,,Howard,Huntingdon Township,Ontario,44.48671,-77.48011,1920,1951,,,,,,0,0,1,https://www.mindat.org/loc-233915.html,http://www.geologyontario.mndm.gov.on.ca/mndmfiles/pub/data/imaging/IMR012//IMR012.pdf,,Fluorspar
Westmin Resources Ltd.,American Smelting and Refining Company,Blermah Mines Ltd.,Ascot Resources Ltd ,,,Premier,Silbak Premier Mine,British Columbia,56.054722,-130.0075,1921,1967,1989,1996,2009,open,many more owners,0,0,1,http://www.stewartbc.com/page59.html,https://minfile.gov.bc.ca/summary.aspx?minfilno=104B%20%20054,,Lead
Westmin Resources Ltd.,American Smelting and Refining Company,Blermah Mines Ltd.,Ascot Resources Ltd ,,,Premier,Silbak Premier Mine,British Columbia,56.054722,-130.0075,1921,1967,1989,1996,2009,open,many more owners,0,0,1,http://www.stewartbc.com/page59.html,https://minfile.gov.bc.ca/summary.aspx?minfilno=104B%20%20054,,Copper
Westmin Resources Ltd.,American Smelting and Refining Company,Blermah Mines Ltd.,Ascot Resources Ltd ,,,Premier,Silbak Premier Mine,British Columbia,56.054722,-130.0075,1921,1967,1989,1996,2009,open,many more owners,0,0,1,http://www.stewartbc.com/page59.html,https://minfile.gov.bc.ca/summary.aspx?minfilno=104B%20%20054,,Gold
Westmin Resources Ltd.,American Smelting and Refining Company,Blermah Mines Ltd.,Ascot Resources Ltd ,,,Premier,Silbak Premier Mine,British Columbia,56.054722,-130.0075,1921,1967,1989,1996,2009,open,many more owners,0,0,1,http://www.stewartbc.com/page59.html,https://minfile.gov.bc.ca/summary.aspx?minfilno=104B%20%20054,,Silver
Westmin Resources Ltd.,American Smelting and Refining Company,Blermah Mines Ltd.,Ascot Resources Ltd ,,,Premier,Silbak Premier Mine,British Columbia,56.054722,-130.0075,1921,1967,1989,1996,2009,open,many more owners,0,0,1,http://www.stewartbc.com/page59.html,https://minfile.gov.bc.ca/summary.aspx?minfilno=104B%20%20054,,Zinc
Battle Mountain Canada Ltd. and Teddy Bear Valley Mines Limited,,Kirkland Lake Gold Ltd.,,,,Holloway,Matheson,Ontario,48.523515,-79.74788,1922,1950,1996,2016,,,,0,0,1,http://www.geologyontario.mndm.gov.on.ca/mndmfiles/mdi/data/records/MDI32D12SE00186.html,,,Gold
Timmins Nickel Inc.,,,,,,Dome Mountain,Smithers,British Columbia,54.740333,-126.620667,1923,open,,,,,,0,0,1,https://minfile.gov.bc.ca/summary.aspx?minfilno=093L%20%20276,https://bluelagoonresources.com/dome-mountain/,,Silver
Timmins Nickel Inc.,,,,,,Dome Mountain,Smithers,British Columbia,54.740333,-126.620667,1923,open,,,,,,0,0,1,https://minfile.gov.bc.ca/summary.aspx?minfilno=093L%20%20276,https://bluelagoonresources.com/dome-mountain/,,Lead
Timmins Nickel Inc.,,,,,,Dome Mountain,Smithers,British Columbia,54.740333,-126.620667,1923,open,,,,,,0,0,1,https://minfile.gov.bc.ca/summary.aspx?minfilno=093L%20%20276,https://bluelagoonresources.com/dome-mountain/,,Zinc
Timmins Nickel Inc.,,,,,,Dome Mountain,Smithers,British Columbia,54.740333,-126.620667,1923,open,,,,,,0,0,1,https://minfile.gov.bc.ca/summary.aspx?minfilno=093L%20%20276,https://bluelagoonresources.com/dome-mountain/,,Gold
"Yukon Consolidated Gold Corp. Ltd., The ",,,,,,,Dawson,Yukon,64.06435697,-139.4326899,1926,1966,,,,,,0,0,1,https://albertaonrecord.ca/yukon-consolidated-gold-corporation-limited-fonds,https://emrlibrary.gov.yk.ca/ygs/ebooks/yukon-mineral-industry-1941-59.pdf,,Gold
Sylvanite Gold Mines Ltd. ,,,,,,,,Ontario,48.15626,-80.02613,1927,1961,,,,,,0,0,1,http://www.geologyontario.mndm.gov.on.ca/mndmfiles/mdi/data/records/MDI42A08NW00111.html,,,Gold
Natural Sodium Products Ltd. ,,,,,,,Dunkirk,Saskatchewan,50.03489906,-105.714431,1930,1950,,,,,,0,0,1,https://emrlibrary.gov.yk.ca/ebooks/canadian-mineral-industry/1936.pdf,,,Sodium Sulphate
Miramichi Lumber Co. Ltd. ,,,,,,,Minto ,New Brunswick,46.08333333,-66.01666667,1932,2009,,,,,labour // Miramichi lumber strike and the strike in the MINTO coalfields in October 1937 forced the province to re-evaluate its labour relations policy and consequently to introduce new labour legislation in 1938. (link1) //// https://archives.gnb.ca/LHTNB/Categories/Labour_Landmarks/Minto_1932/Story_en-CA.aspx,0,0,1,https://www.thecanadianencyclopedia.ca/en/article/miramichi-lumber-strike,https://www1.gnb.ca/0078/GeoscienceDatabase/IndustrialMinerals/qryIndMinSummary-e.asp?Num=568,https://mynewbrunswick.ca/village-of-minto/,Coal
"Canadian Salt Co. Ltd., The ",,,,,,,Neepawa ,Manitoba,50.236111111111114,-99.46388889,1932,1970,,,,,,0,0,1,https://mrsearch.gov.mb.ca/dbtw-wpd/exec/dbtwpub.dll?AC=GET_RECORD&XC=/dbtw-wpd/exec/dbtwpub.dll&BU=https%3A%2F%2Fmrsearch.gov.mb.ca%2FItm-cat%2Fweb%2Fminsearch.html&GI=&TN=mineralinventorycard&SN=AUTO14253&SE=244&RN=5&MR=0&TR=0&TX=1000&ES=0&XP=&RF=Web%3A+Brief&EF=Basic+Record+Form&DF=Viewing+PrintingWeb&RL=1&EL=1&DL=1&NP=3&ID=&MF=&DT=&ST=0&IR=836&NR=0&NB=0&SV=0&SS=1&BG=&FG=&QS=minsearch,,,Salt
Victoria Gypsum Co. Ltd. ,,,,,,,,Nova Scotia,46.89361,-60.48389,1933,1955,,,,, gypsum mine called National Gypsum Company quarries operated between 1933 and 1955. The closure match the info of the Index of Producing Mines (source3),0,0,1,https://www.mindat.org/loc-16847.html,,,Gypsum
Eldorado Mining and Refining Ltd. ,,,,,,Eldorado,,Northwest Territories,66.08384,-118.03657,1933,1960,1975,1982,,,"(see source3, p.223)",0,0,1,https://www.miningnorth.com/_rsc/site-content/library/NWT_Mines_History_RSilke2009.pdf,,,Radium
Eldorado Mining and Refining Ltd. ,,,,,,Eldorado,,Northwest Territories,66.08384,-118.03657,1933,1960,1975,1982,,,"(see source3, p.223)",0,0,1,https://www.miningnorth.com/_rsc/site-content/library/NWT_Mines_History_RSilke2009.pdf,,,Silver
Eldorado Mining and Refining Ltd. ,,,,,,Eldorado,,Northwest Territories,66.08384,-118.03657,1933,1960,1975,1982,,,"(see source3, p.223)",0,0,1,https://www.miningnorth.com/_rsc/site-content/library/NWT_Mines_History_RSilke2009.pdf,,,Uranium
Eldorado Mining and Refining Ltd. ,,,,,,Eldorado,,Northwest Territories,66.08384,-118.03657,1933,1960,1975,1982,,,"(see source3, p.223)",0,0,1,https://www.miningnorth.com/_rsc/site-content/library/NWT_Mines_History_RSilke2009.pdf,,,Copper
Union Mintere Exploration & Mining Corp. Ltd.,,,,,,,Pickle Lake,Ontario,51.46378453,-90.18529027,1935,1960,,,,,might reopen with indigenous participation,0,0,1,http://www.geologyontario.mndm.gov.on.ca/mndmfiles/afri/data/imaging/20000005718/20008076.pdf,,,Nickel
Union Mintere Exploration & Mining Corp. Ltd.,,,,,,,Pickle Lake,Ontario,51.46378453,-90.18529027,1935,1960,,,,,might reopen with indigenous participation,0,0,1,http://www.geologyontario.mndm.gov.on.ca/mndmfiles/afri/data/imaging/20000005718/20008076.pdf,,,Copper
Burwash Mining Co. Ltd. ,,,,,,,,Yukon,62.462500000000006,-114.3166667,1935,1952,,,,,gold rush,0,0,1,https://publications.gc.ca/collections/collection_2015/aadnc-aandc/R71-9-1959-1-eng.pdf,,,Gold
West Canadian Collieries Ltd. ,,,,,,,,Alberta,49.59245398,-114.4052802,1937,1961,,,,,,0,0,1,https://publications.gc.ca/collections/collection_2018/statcan/26-206/CS26-206-1956-eng.pdf,https://digitalcollections.ucalgary.ca/CS.aspx?VP3=DamView&VBID=2R3BXZ7608XLZ&PN=12&DocRID=2R3BF1FHNRUY&FR_=1&W=1280&H=520,,Coal
Canadian Industrial Minerals Ltd.,Magnet Cove Barium Corp.,,,,,,Walton ,Nova Scotia,45.23057047,-64.00633151,1941,1979,,,,,,0,0,1,https://archives.novascotia.ca/meninmines/timeline/,https://www.mindat.org/loc-7275.html,,Silver
Canadian Industrial Minerals Ltd.,Magnet Cove Barium Corp.,,,,,,Walton ,Nova Scotia,45.23057047,-64.00633151,1941,1979,,,,,,0,0,1,https://archives.novascotia.ca/meninmines/timeline/,https://www.mindat.org/loc-7275.html,,Barite
Canadian Industrial Minerals Ltd.,Magnet Cove Barium Corp.,,,,,,Walton ,Nova Scotia,45.23057047,-64.00633151,1941,1979,,,,,,0,0,1,https://archives.novascotia.ca/meninmines/timeline/,https://www.mindat.org/loc-7275.html,,Lead
Canadian Industrial Minerals Ltd.,Magnet Cove Barium Corp.,,,,,,Walton ,Nova Scotia,45.23057047,-64.00633151,1941,1979,,,,,,0,0,1,https://archives.novascotia.ca/meninmines/timeline/,https://www.mindat.org/loc-7275.html,,Zinc
Broulan Reef Mines Ltd. ,,,,,,,,Ontario,48.51388,-81.21363,1944,1965,,,,,,0,0,1,http://www.geologyontario.mndm.gov.on.ca/mndmfiles/mdi/data/records/MDI42A11SE00021.html,https://www.mindat.org/loc-254728.html,,Gold
Yukon Explorations Ltd. ,,,,,,,close to forty mills,Yukon,64.23529521,-140.6717583,1946,1954,,,,,about 30 workers in the first years,0,0,1,https://explorenorth.com/library/mining/sixtymile_gold_dredge.html,https://emrlibrary.gov.yk.ca/ygs/ebooks/yukon-mineral-industry-1941-59.pdf,,Gold
Hugh-Pam Porcupine Mines Ltd. ,,,,,,,,Ontario,48.51106,-81.17272,1948,1963,,,,,also more production pre-1950,0,0,1,https://www.geologyontario.mndm.gov.on.ca/mndmfiles/mdi/data/records/MDI42A11SE00020.html,,,Gold
Discovery Mines Ltd.,Transcontinental Resources Ltd.,Arctic Red Resources Corporation,,,,La Forma ,,Yukon,63.1875,-113.8958333,1950,1969,,,,,It also produced in the late 1930s https://www.cambridge.org/core/journals/polar-record/article/abs/notes-on-mining-development-reindeer-husbandry-the-eiderdown-industry-in-the-canadian-arctic/FA995FBBD19E425E800252F382721327,0,0,1,https://data.geology.gov.yk.ca/Occurrence/14287#InfoTab,,,Gold
Copperfields Mining Corp. Ltd. ,Temagami Mining Co. Ltd. ,,,,,,Temagami,Ontario,46.96242,-80.03778,1952,1977,,,,,Alternative Name Temagami Mine  closed (abandoned),0,0,1,https://www.geologyontario.mndm.gov.on.ca/mndmfiles/mdi/data/records/MDI41I16NE00004.html,,,Nickel
Copperfields Mining Corp. Ltd. ,Temagami Mining Co. Ltd. ,,,,,,Temagami,Ontario,46.96242,-80.03778,1952,1977,,,,,Alternative Name Temagami Mine  closed (abandoned),0,0,1,https://www.geologyontario.mndm.gov.on.ca/mndmfiles/mdi/data/records/MDI41I16NE00004.html,,,Cobalt
Copperfields Mining Corp. Ltd. ,Temagami Mining Co. Ltd. ,,,,,,Temagami,Ontario,46.96242,-80.03778,1952,1977,,,,,Alternative Name Temagami Mine  closed (abandoned),0,0,1,https://www.geologyontario.mndm.gov.on.ca/mndmfiles/mdi/data/records/MDI41I16NE00004.html,,,Gold
Copperfields Mining Corp. Ltd. ,Temagami Mining Co. Ltd. ,,,,,,Temagami,Ontario,46.96242,-80.03778,1952,1977,,,,,Alternative Name Temagami Mine  closed (abandoned),0,0,1,https://www.geologyontario.mndm.gov.on.ca/mndmfiles/mdi/data/records/MDI41I16NE00004.html,,,Copper
Copperfields Mining Corp. Ltd. ,Temagami Mining Co. Ltd. ,,,,,,Temagami,Ontario,46.96242,-80.03778,1952,1977,,,,,Alternative Name Temagami Mine  closed (abandoned),0,0,1,https://www.geologyontario.mndm.gov.on.ca/mndmfiles/mdi/data/records/MDI41I16NE00004.html,,,Silver
Copperfields Mining Corp. Ltd. ,Temagami Mining Co. Ltd. ,,,,,,Temagami,Ontario,46.96242,-80.03778,1952,1977,,,,,Alternative Name Temagami Mine  closed (abandoned),0,0,1,https://www.geologyontario.mndm.gov.on.ca/mndmfiles/mdi/data/records/MDI41I16NE00004.html,,,Palladium
Copperfields Mining Corp. Ltd. ,Temagami Mining Co. Ltd. ,,,,,,Temagami,Ontario,46.96242,-80.03778,1952,1977,,,,,Alternative Name Temagami Mine  closed (abandoned),0,0,1,https://www.geologyontario.mndm.gov.on.ca/mndmfiles/mdi/data/records/MDI41I16NE00004.html,,,Platinum
"International Nickel Co. of Canada, Ltd., The",Inco Metals Company,Inco Limited,,,,Shebandowan ,Thunder Bay ,Ontario,48.596789,-90.247925,1952,1995,,,,,,0,0,1,https://www.geologyontario.mndm.gov.on.ca/mndmfiles/mdi/data/records/MDI52B09SE00003.html,,,Nickel
"International Nickel Co. of Canada, Ltd., The",Inco Metals Company,Inco Limited,,,,Shebandowan ,Thunder Bay ,Ontario,48.596789,-90.247925,1952,1995,,,,,,0,0,1,https://www.geologyontario.mndm.gov.on.ca/mndmfiles/mdi/data/records/MDI52B09SE00003.html,,,Copper
Iron Ore Co. of Canada,,,,,,Carol Lake project or Knob Lake,Schefferville ,Newfoundland-and-Labrador,54.791688,-66.80881,1954,1983,,,,,very large working force - 2300 workers/ 650 workers,0,0,1,https://www.ironore.ca/en/who-we-are/history-of-ioc,,,Iron
Anaconda American Brass Ltd.,Blue Note Mining Inc.,,,,,Heath Steele,Restigouche,New Brunswick,47.29292,-66.06779,1955,1999,2007,2008,,,,0,0,1,https://www.mindat.org/loc-11777.html,https://www.mindat.org/feature-12096448.html,,Silver
Anaconda American Brass Ltd.,Blue Note Mining Inc.,,,,,Heath Steele,Restigouche,New Brunswick,47.29292,-66.06779,1955,1999,2007,2008,,,,0,0,1,https://www.mindat.org/loc-11777.html,https://www.mindat.org/feature-12096448.html,,Lead
Anaconda American Brass Ltd.,Blue Note Mining Inc.,,,,,Heath Steele,Restigouche,New Brunswick,47.29292,-66.06779,1955,1999,2007,2008,,,,0,0,1,https://www.mindat.org/loc-11777.html,https://www.mindat.org/feature-12096448.html,,Zinc
Anaconda American Brass Ltd.,Blue Note Mining Inc.,,,,,Heath Steele,Restigouche,New Brunswick,47.29292,-66.06779,1955,1999,2007,2008,,,,0,0,1,https://www.mindat.org/loc-11777.html,https://www.mindat.org/feature-12096448.html,,Copper
Lyndhurst Mining Co. Ltd. ,,,,,,,,Quebec,48.572282,-78.959584,1955,1957,,,,,,0,0,1,https://depositum.uqat.ca/id/eprint/420/1/cahierhist2.pdf,,,Lead
Lyndhurst Mining Co. Ltd. ,,,,,,,,Quebec,48.572282,-78.959584,1955,1957,,,,,,0,0,1,https://depositum.uqat.ca/id/eprint/420/1/cahierhist2.pdf,,,Gold
Lyndhurst Mining Co. Ltd. ,,,,,,,,Quebec,48.572282,-78.959584,1955,1957,,,,,,0,0,1,https://depositum.uqat.ca/id/eprint/420/1/cahierhist2.pdf,,,Copper
Lyndhurst Mining Co. Ltd. ,,,,,,,,Quebec,48.572282,-78.959584,1955,1957,,,,,,0,0,1,https://depositum.uqat.ca/id/eprint/420/1/cahierhist2.pdf,,,Silver
Lyndhurst Mining Co. Ltd. ,,,,,,,,Quebec,48.572282,-78.959584,1955,1957,,,,,,0,0,1,https://depositum.uqat.ca/id/eprint/420/1/cahierhist2.pdf,,,Zinc
Gaspe Copper Mines Ltd. ,,,,,,,Murdochville ,Quebec,48.97056,-65.52028,1955,1999,1984,2002,,,"city founded in 1951. There was a fire at the mine in 1987 and the production stopped until 1989. However, after 1987, the mine exited the list of principal mines (see wikipedia of Murdochville). Trade unions very imporant. March: Miners’ strike lasts seven and a half months making it the longest conflict in the unionization period in Quebec.
closure voted by referendum",0,0,1,https://www.mindat.org/loc-11307.html,https://www.cbc.ca/news/canada/montreal/murdochville-65-1.4757118,https://qahn.org/article/noranda-mines-gaspe-division-historical-highlights,Copper
Consolidated Denison Mines Ltd.,Denison Mines Ltd.,Rio Algom Mines Ltd. ,,,,Denison,Elliot Lake ,Ontario,46.495597,-82.600236,1957,1992,,,,,,0,0,1,https://www.mindat.org/loc-23378.html,https://www.wikiwand.com/en/Stanrock_Mine,https://presentlywandering.wordpress.com/2015/05/21/stanrock-mine-townsite/,Uranium
Beauce Placer Mining Co. Ltd.,,,,,,,,Quebec,46.21785,-70.77873,1958,1963,,,,,"(see source3, p.15)",0,0,1,https://www.hpqSilica.com/wp-content/uploads/2017/11/HPQ-NI-43-101-V8B-BEAUCE-GOLD-FIELDS-FINAL-25-09-2017.pdf,,,Gold
"Canadian Rock Salt Co. Ltd., The ",,,,,,Pugwash,Cumberland County (Pugwash),Nova Scotia,45.84167,-63.65389,1959,open,,,,,,0,0,1,https://www.mindat.org/loc-234609.html,,,Salt
Northgate Patino Mines Inc.,Northgate Exploration,Patino Mining Corp,Copper Rand Chibougamau Mines Ltd. ,Campbell Resources Inc.,,Copper Rand,Chibougamau ,Quebec,49.889332,-74.275314,1959,1997,2004,2008,,,https://collections.banq.qc.ca/ark:/52327/bs20585,0,0,1,https://www.dorecopper.com/en/projects/copper-rand/,https://www.mindat.org/loc-10337.html,http://www.chibougamaumines.com/documents/Technical_Reports_lac_chibougamau_SEDAR_000.pdf,Silver
Northgate Patino Mines Inc.,Northgate Exploration,Patino Mining Corp,Copper Rand Chibougamau Mines Ltd. ,Campbell Resources Inc.,,Copper Rand,Chibougamau ,Quebec,49.889332,-74.275314,1959,1997,2004,2008,,,https://collections.banq.qc.ca/ark:/52327/bs20585,0,0,1,https://www.dorecopper.com/en/projects/copper-rand/,https://www.mindat.org/loc-10337.html,http://www.chibougamaumines.com/documents/Technical_Reports_lac_chibougamau_SEDAR_000.pdf,Gold
Northgate Patino Mines Inc.,Northgate Exploration,Patino Mining Corp,Copper Rand Chibougamau Mines Ltd. ,Campbell Resources Inc.,,Copper Rand,Chibougamau ,Quebec,49.889332,-74.275314,1959,1997,2004,2008,,,https://collections.banq.qc.ca/ark:/52327/bs20585,0,0,1,https://www.dorecopper.com/en/projects/copper-rand/,https://www.mindat.org/loc-10337.html,http://www.chibougamaumines.com/documents/Technical_Reports_lac_chibougamau_SEDAR_000.pdf,Copper
Akasaba Gold Mines Ltd.,,,,,,,,Quebec,48.042094,-77.581074,1960,1963,,,,,,0,0,1,https://depositum.uqat.ca/id/eprint/424/1/cahierhist6.pdf,,,Gold
VenCan Gold Corporation and River Gold Mines Ltd,,,,,,Edwards,Wawa ,Ontario,48.31628,-84.3574,1960,2001,,,,,The mine was also in operation from 1933 to 1939,0,0,1,https://s24.q4cdn.com/779615370/files/doc_downloads/island_reports/08/IG-Phase-III-Technical-Report-Final.pdf,,,Gold
Baroid of Canada Ltd.,,,,,,,Onoway ,Alberta,53.70356602,-114.1930729,1960,1989,,,,,"In recent years there have been three sodium bentonite producers in Canada, one in Saskatchewan and two in Alberta. The Alberta operations (located in Rosalind and Onoway) traditionally produced very small quantities of bentonite for local oil-industry use. As of 1989 neither of these operations was in production, although the Rosalind operation resumed limited production in 1990. The Saskatchewan bentonite mining and processing plant, located near Avonlea, is smaller than the American operations. It has undergone a number of changes in ownership in the past twenty years, some of which, including the most recent one (1989-1991), have resulted in the complete shutdown of the operation for extended periods. Customers requiring the product have had to go to the somewhat more stable U.S.
suppliers. The Canadian bentonite also has some limitations in its use and availability, as discussed in later sections of this report",0,0,1,https://inis.iaea.org/collection/NCLCollectionStore/_Public/25/011/25011663.pdf,https://static.ags.aer.ca/files/document/ESR/ESR_1966_02.pdf,,Bentonite
Coast Copper Co. Ltd. ,Imasco Minerals Inc.,,,,,,Benson Lake ,British Columbia,59.58272,-133.65358,1960,1973,1985,2016,,,The mine at its second opening produced limestone,0,0,1,https://minfile.gov.bc.ca/summary.aspx?minfilno=092L%20%20091,https://minfile.gov.bc.ca/Summary.aspx?minfilno=092L++295,,Magnetite
Coast Copper Co. Ltd. ,Imasco Minerals Inc.,,,,,,Benson Lake ,British Columbia,59.58272,-133.65358,1960,1973,1985,2016,,,The mine at its second opening produced limestone,0,0,1,https://minfile.gov.bc.ca/summary.aspx?minfilno=092L%20%20091,https://minfile.gov.bc.ca/Summary.aspx?minfilno=092L++295,,Gold
Coast Copper Co. Ltd. ,Imasco Minerals Inc.,,,,,,Benson Lake ,British Columbia,59.58272,-133.65358,1960,1973,1985,2016,,,The mine at its second opening produced limestone,0,0,1,https://minfile.gov.bc.ca/summary.aspx?minfilno=092L%20%20091,https://minfile.gov.bc.ca/Summary.aspx?minfilno=092L++295,,Copper
Coast Copper Co. Ltd. ,Imasco Minerals Inc.,,,,,,Benson Lake ,British Columbia,59.58272,-133.65358,1960,1973,1985,2016,,,The mine at its second opening produced limestone,0,0,1,https://minfile.gov.bc.ca/summary.aspx?minfilno=092L%20%20091,https://minfile.gov.bc.ca/Summary.aspx?minfilno=092L++295,,Limestone
Coast Copper Co. Ltd. ,Imasco Minerals Inc.,,,,,,Benson Lake ,British Columbia,59.58272,-133.65358,1960,1973,1985,2016,,,The mine at its second opening produced limestone,0,0,1,https://minfile.gov.bc.ca/summary.aspx?minfilno=092L%20%20091,https://minfile.gov.bc.ca/Summary.aspx?minfilno=092L++295,,Silver
Coast Copper Co. Ltd. ,Imasco Minerals Inc.,,,,,,Benson Lake ,British Columbia,59.58272,-133.65358,1960,1973,1985,2016,,,The mine at its second opening produced limestone,0,0,1,https://minfile.gov.bc.ca/summary.aspx?minfilno=092L%20%20091,https://minfile.gov.bc.ca/Summary.aspx?minfilno=092L++295,,Iron
Bestwall Gypsum Co. ,Georgia Pacific Corps.,Bestwall Gypsum Division,Macleod Resources Limited,,,River Denys,River Denys ,Nova Scotia,45.83693,-61.17805,1964,2012,,,,,Info on working years here http://nsminerals.atspace.com/LakeEnon.html,0,0,1,https://archives.novascotia.ca/meninmines/archives/?ID=406,https://novascotia.ca/nse/ea/kennedymarble/kbbrmdoc1.pdf,,Gypsum
Raymo Processing Limited,Consolidated Rambler Mines Ltd. ,,,,,Rambler Tailings,Baie Verte ,Newfoundland-and-Labrador,49.88333,-56.08333,1964,1982,1996,1997,,,It employed approximately 200 men. ,0,0,1,https://www.gov.nl.ca/iet/files/mines-production-rambler-phase1esa05mar31.pdf,,,Lead
Raymo Processing Limited,Consolidated Rambler Mines Ltd. ,,,,,Rambler Tailings,Baie Verte ,Newfoundland-and-Labrador,49.88333,-56.08333,1964,1982,1996,1997,,,It employed approximately 200 men. ,0,0,1,https://www.gov.nl.ca/iet/files/mines-production-rambler-phase1esa05mar31.pdf,,,Gold
Raymo Processing Limited,Consolidated Rambler Mines Ltd. ,,,,,Rambler Tailings,Baie Verte ,Newfoundland-and-Labrador,49.88333,-56.08333,1964,1982,1996,1997,,,It employed approximately 200 men. ,0,0,1,https://www.gov.nl.ca/iet/files/mines-production-rambler-phase1esa05mar31.pdf,,,Copper
Raymo Processing Limited,Consolidated Rambler Mines Ltd. ,,,,,Rambler Tailings,Baie Verte ,Newfoundland-and-Labrador,49.88333,-56.08333,1964,1982,1996,1997,,,It employed approximately 200 men. ,0,0,1,https://www.gov.nl.ca/iet/files/mines-production-rambler-phase1esa05mar31.pdf,,,Silver
Raymo Processing Limited,Consolidated Rambler Mines Ltd. ,,,,,Rambler Tailings,Baie Verte ,Newfoundland-and-Labrador,49.88333,-56.08333,1964,1982,1996,1997,,,It employed approximately 200 men. ,0,0,1,https://www.gov.nl.ca/iet/files/mines-production-rambler-phase1esa05mar31.pdf,,,Cadmium
Raymo Processing Limited,Consolidated Rambler Mines Ltd. ,,,,,Rambler Tailings,Baie Verte ,Newfoundland-and-Labrador,49.88333,-56.08333,1964,1982,1996,1997,,,It employed approximately 200 men. ,0,0,1,https://www.gov.nl.ca/iet/files/mines-production-rambler-phase1esa05mar31.pdf,,,Zinc
Norbeau Mines (Quebec) Ltd. ,,,,,,Norbeau,Chibougamau ,Quebec,49.959221,-74.305286,1965,1969,,,,,,0,0,1,https://www.mindat.org/loc-194143.html,https://www.globenewswire.com/en/news-release/2021/03/22/2196798/0/en/Dor%C3%A9-Copper-Consolidates-and-Options-the-High-Grade-Norbeau-Gold-Properties-in-the-Chibougamau-Mining-Camp-Quebec.html,https://www.ontrackexploration.com/OnTrackExploration/index.php?option=com_content&view=article&id=22,Arsenic
Norbeau Mines (Quebec) Ltd. ,,,,,,Norbeau,Chibougamau ,Quebec,49.959221,-74.305286,1965,1969,,,,,,0,0,1,https://www.mindat.org/loc-194143.html,https://www.globenewswire.com/en/news-release/2021/03/22/2196798/0/en/Dor%C3%A9-Copper-Consolidates-and-Options-the-High-Grade-Norbeau-Gold-Properties-in-the-Chibougamau-Mining-Camp-Quebec.html,https://www.ontrackexploration.com/OnTrackExploration/index.php?option=com_content&view=article&id=22,Silver
Norbeau Mines (Quebec) Ltd. ,,,,,,Norbeau,Chibougamau ,Quebec,49.959221,-74.305286,1965,1969,,,,,,0,0,1,https://www.mindat.org/loc-194143.html,https://www.globenewswire.com/en/news-release/2021/03/22/2196798/0/en/Dor%C3%A9-Copper-Consolidates-and-Options-the-High-Grade-Norbeau-Gold-Properties-in-the-Chibougamau-Mining-Camp-Quebec.html,https://www.ontrackexploration.com/OnTrackExploration/index.php?option=com_content&view=article&id=22,Copper
Norbeau Mines (Quebec) Ltd. ,,,,,,Norbeau,Chibougamau ,Quebec,49.959221,-74.305286,1965,1969,,,,,,0,0,1,https://www.mindat.org/loc-194143.html,https://www.globenewswire.com/en/news-release/2021/03/22/2196798/0/en/Dor%C3%A9-Copper-Consolidates-and-Options-the-High-Grade-Norbeau-Gold-Properties-in-the-Chibougamau-Mining-Camp-Quebec.html,https://www.ontrackexploration.com/OnTrackExploration/index.php?option=com_content&view=article&id=22,Gold
Chemical Lime Company,Texada Lime Ltd.,,,,,,Fort Langley,British Columbia,49.18952188,-122.6606314,1970,open,,,,,"Chemical Lime Company Of Canada Formerly Known As Texada Lime Was Established In 1970. The Company Was Purchased In 1992 By The Chemical Lime Company (Lhoist North America) With Corporate Offices In Fort Worth Texas. Chemical Lime Company Is The Leading Manufacturer Of Lime Based Products In North America. The Manufacturing Plant Is Located In Langley BC. Products Produced At This Location Include Quicklime (Calcium Oxide), Hydrated Lime (Calcium Hydroxide And Limestone (Calcium Carbonate). These Products Are Used In The Mining, Pulp & Paper Industries, Agricultural, Construction And Environmental Applications.",0,0,1,https://www.ctidirectory.com/search/company.cfm?company=22620,https://cmscontent.nrs.gov.bc.ca/geoscience/publicationcatalogue/OpenFile/BCGS_OF1992-18.pdf,,Lime
Gibraltar Mines Ltd.,Westmin Resources limited and Boliden Westmin (Canada) Limited,Taseco Mines Limited and Ledcor Mining Ltd. ,Placer Development Ltd.,,,Gibraltar,McLeese Lake,British Columbia,52.529808,-122.286536,1972,1998,2004,open,,,,0,0,1,https://minfile.gov.bc.ca/Summary.aspx?minfilno=093B%20%20012,https://www.tasekomines.com/properties/gibraltar/project-summary,,Molybdenum
Gibraltar Mines Ltd.,Westmin Resources limited and Boliden Westmin (Canada) Limited,Taseco Mines Limited and Ledcor Mining Ltd. ,Placer Development Ltd.,,,Gibraltar,McLeese Lake,British Columbia,52.529808,-122.286536,1972,1998,2004,open,,,,0,0,1,https://minfile.gov.bc.ca/Summary.aspx?minfilno=093B%20%20012,https://www.tasekomines.com/properties/gibraltar/project-summary,,Copper
Bradina Joint Venture,Pacific Houston,Equity Metals Corporation,,,,Silver Queen,Owen Lake,British Columbia,54.083333,-126.716111,1972,open,,,,,,0,0,1,https://minfile.gov.bc.ca/Summary.aspx?minfilno=093L++002,"https://equitymetalscorporation.com/projects/silver-queen-project/#:~:text=The%20Silver%20Queen%20gold%2Dsilver,km%20south%20of%20Houston%20BC.",,Lead
Bradina Joint Venture,Pacific Houston,Equity Metals Corporation,,,,Silver Queen,Owen Lake,British Columbia,54.083333,-126.716111,1972,open,,,,,,0,0,1,https://minfile.gov.bc.ca/Summary.aspx?minfilno=093L++002,"https://equitymetalscorporation.com/projects/silver-queen-project/#:~:text=The%20Silver%20Queen%20gold%2Dsilver,km%20south%20of%20Houston%20BC.",,Copper
Bradina Joint Venture,Pacific Houston,Equity Metals Corporation,,,,Silver Queen,Owen Lake,British Columbia,54.083333,-126.716111,1972,open,,,,,,0,0,1,https://minfile.gov.bc.ca/Summary.aspx?minfilno=093L++002,"https://equitymetalscorporation.com/projects/silver-queen-project/#:~:text=The%20Silver%20Queen%20gold%2Dsilver,km%20south%20of%20Houston%20BC.",,Gold
Bradina Joint Venture,Pacific Houston,Equity Metals Corporation,,,,Silver Queen,Owen Lake,British Columbia,54.083333,-126.716111,1972,open,,,,,,0,0,1,https://minfile.gov.bc.ca/Summary.aspx?minfilno=093L++002,"https://equitymetalscorporation.com/projects/silver-queen-project/#:~:text=The%20Silver%20Queen%20gold%2Dsilver,km%20south%20of%20Houston%20BC.",,Silver
Bradina Joint Venture,Pacific Houston,Equity Metals Corporation,,,,Silver Queen,Owen Lake,British Columbia,54.083333,-126.716111,1972,open,,,,,,0,0,1,https://minfile.gov.bc.ca/Summary.aspx?minfilno=093L++002,"https://equitymetalscorporation.com/projects/silver-queen-project/#:~:text=The%20Silver%20Queen%20gold%2Dsilver,km%20south%20of%20Houston%20BC.",,Zinc
Calcitherm Nederland BV,Carmeuse North America Group,Beachville Ltd.,,,,Plant,Ingersoll,Ontario,43.09166447,-80.84047676,1973,open,,,,,,0,0,1,http://www.companylisting.ca/Carmeuse_Lime_Canada_Limited_Beachville_Operations/default.aspx,,,Lime
Luzenac Inc.,,,,,,Penhorwood,Penhorwood Township,Ontario,48.19416,-82.09663,1973,1994,,,,,,0,0,1,https://mininglifeonline.net/company-page/penhorwood-mine/477,https://www.geologyontario.mndm.gov.on.ca/mndmfiles/mdi/data/records/MDI42B01NE00009.html,,Talc
Westroc Industries Limited,,,,,,Drumbo,Clarkson ,Ontario,43.22479,-80.61253,1978,1994,,,,,unclear ownership sequence (and dates) as for other Ingersoll entry,0,0,1,https://www.geologyontario.mndm.gov.on.ca/mndmfiles/mdi/data/records/MDI40P02NE00002.html,,,Gypsum
Yava Mines Ltd.,,,,,,Silvermines ,"Salmon River area, Cape Breton",Nova Scotia,45.8665,-60.4023,1979,1981,,,,,"Discovered in 1962: Production begins, Yava mine, Salmon River area, Cape Breton, Nova Scotia.",0,0,1,https://mrdata.usgs.gov/mrds/show-mrds.php?dep_id=10133502,https://publications.gc.ca/collections/Collection/M39-78-2001E.pdf,,Lead
Armand Sicotte et Fils,Les Sables Silco Inc.,,,,,Sainte-Clotilde (Armand Sicotte) or Marcil Quarry,Howick/Saint-Clothilde,Quebec,45.138417,-73.644215,1980,open,,,,,,0,0,1,https://www.mindat.org/loc-187929.html,,,Silica
Westar Mining Corporation,Kaiser Resource,Teck Cominco Limited,B.C Coal,,,"Elkview, formely Balmer",Sparwood,British Columbia,49.78611,-114.82749,1980,2015,,,,,strike in 1980-1 (link1),0,0,1,https://www.upi.com/Archives/1981/07/23/Officials-at-BC-Coal-Ltds-coal-operations-in-Sparwood/2563364708800/,https://open.library.ubc.ca/media/stream/pdf/831/1.0096357/1,https://minfile.gov.bc.ca/Summary.aspx?minfilno=082GNE014,Coal
Gregg River Resources Ltd. ,,,,,,Gregg River,Hinton,Alberta,53.09308204,-117.5087097,1980,2000,,,,,,0,0,1,https://www.cclmportal.ca/resource/reclamation-gregg-river-mine-canada,,,Coal
Obed Mountain Coal Co. Ltd. ,,,,,,Obed-Marsh,Hinton,Alberta,53.60719525,-117.4604471,1980,2003,,,,,,0,0,1,https://www.canadianminingjournal.com/news/coal-mining-news-luscar-suspends-production-at-obed-mountain/,,,Coal
Orofino Resources Ltd.,Westfield Minerals Limited,,,,,Grandoro,Davis Twp. ,Ontario,46.65107,-80.61542,1981,1988,,,,,The mine was also in production from 1899 to 1941. //// It is one of three main occurrences forming the historic Orofino Mountain gold camp.,0,0,1,https://minfile.gov.bc.ca/summary.aspx?minfilno=082ESW011,https://minfile.gov.bc.ca/Summary.aspx?minfilno=082ESW010,,Copper
Orofino Resources Ltd.,Westfield Minerals Limited,,,,,Grandoro,Davis Twp. ,Ontario,46.65107,-80.61542,1981,1988,,,,,The mine was also in production from 1899 to 1941. //// It is one of three main occurrences forming the historic Orofino Mountain gold camp.,0,0,1,https://minfile.gov.bc.ca/summary.aspx?minfilno=082ESW011,https://minfile.gov.bc.ca/Summary.aspx?minfilno=082ESW010,,Gold
Kidd Creek Mines Ltd.,Falconbridge Ltd.,"Placer Dome (CLA) Limited and Kinross Gold Corporation, Porcupine Joint Venture",,,,Owl Creek,Timmins ,Ontario,48.55056,-81.13944,1981,1990,,,,,,0,0,1,https://www.mindat.org/loc-194803.html,https://publications.gc.ca/collections/Collection/M39-78-2001E.pdf,https://bc-mlard.ca/files/presentations/2016-1-MARTIN-ETAL-owl-creek-part1.pdf,Gold
Zenmac Metal Mines Ltd.,,,,,,,Schreiber ,Ontario,48.97755,-87.36555,1981,1998,,,,,,0,0,1,http://www.geologyontario.mndm.gov.on.ca/mndmfiles/mdi/data/records/MDI42D14NW00015.html,,,Zinc
Ateba Mines Inc.,Teck Corporation,Norex Mines Ltd,Beardmore Gold Mines Ltd.,,,,Beardmore,Ontario,49.610917,-87.938508,1981,1989,,,,,"The mine was also in production from 1926 to 1941 ///// more companies: Pancontinental Mining (Canada) Ltd. And Roxmark and Ontex Resources Ltd. /// Northern Empire Mine - 1939, Pancontinental - 1984, Pan-Empire - 1984, Beardmore Gold Mines - 1926",0,0,1,http://www.geologyontario.mndm.gov.on.ca/mndmfiles/mdi/data/records/MDI42E12SW00002.html,http://www.geologyontario.mndm.gov.on.ca/mndmfiles/mdi/data/records/MDI42E12SW00002.html,,Gold
Potash Company of America,Potash Company of America Inc. (a Division of Rio Algom Limited),,,,,Sussex (Lower Millstream Potash),Sussex ,New Brunswick,45.4435,-65.27,1983,open,,,,,,0,0,1,https://www1.gnb.ca/0078/GeoscienceDatabase/IndustrialMinerals/qryIndMinSummary-e.asp?Num=240,,,Salt
Potash Company of America,Potash Company of America Inc. (a Division of Rio Algom Limited),,,,,Sussex (Lower Millstream Potash),Sussex ,New Brunswick,45.4435,-65.27,1983,open,,,,,,0,0,1,https://www1.gnb.ca/0078/GeoscienceDatabase/IndustrialMinerals/qryIndMinSummary-e.asp?Num=240,,,Potash
New Privateer Mine Ltd.,,,,,,New Privateer,Zeballos ,British Columbia,50.03028,-126.81889,1983,1991,,,,,,0,0,1,https://minfile.gov.bc.ca/summary.aspx?minfilno=092L%20%20008,,,Gold
Quinsam Coal Ltd.,Hillsborough Resources Limited,,,,,Quinsam,Quinsam Mine,British Columbia,49.935277,-125.48749,1986,2015,2017,open,,,,0,0,1,https://publications.gc.ca/collections/collection_2017/statcan/44-250/CS44-250-1989.pdf,,,Fireclay
Quinsam Coal Ltd.,Hillsborough Resources Limited,,,,,Quinsam,Quinsam Mine,British Columbia,49.935277,-125.48749,1986,2015,2017,open,,,,0,0,1,https://publications.gc.ca/collections/collection_2017/statcan/44-250/CS44-250-1989.pdf,,,Clay
Quinsam Coal Ltd.,Hillsborough Resources Limited,,,,,Quinsam,Quinsam Mine,British Columbia,49.935277,-125.48749,1986,2015,2017,open,,,,0,0,1,https://publications.gc.ca/collections/collection_2017/statcan/44-250/CS44-250-1989.pdf,,,Coal
Audrey Resources Inc. ,Breakwater Resources Ltd.,,,,,Mobrun (Bouchard-Hebert) ,Rouyn-Noranda,Quebec,48.389454,-78.901713,1987,1992,1996,2005,,,https://www.mindat.org/loc-244581.html,0,0,1,https://mrdata.usgs.gov/mrds/show-mrds.php?dep_id=10230614,http://www.24hgold.com/english/project.aspx?id=3132160D5010,https://www.woodmac.com/reports/metals-bouchard-hebert-closed-zinc-mine-16200547/,Silver
Audrey Resources Inc. ,Breakwater Resources Ltd.,,,,,Mobrun (Bouchard-Hebert) ,Rouyn-Noranda,Quebec,48.389454,-78.901713,1987,1992,1996,2005,,,https://www.mindat.org/loc-244581.html,0,0,1,https://mrdata.usgs.gov/mrds/show-mrds.php?dep_id=10230614,http://www.24hgold.com/english/project.aspx?id=3132160D5010,https://www.woodmac.com/reports/metals-bouchard-hebert-closed-zinc-mine-16200547/,Gold
Audrey Resources Inc. ,Breakwater Resources Ltd.,,,,,Mobrun (Bouchard-Hebert) ,Rouyn-Noranda,Quebec,48.389454,-78.901713,1987,1992,1996,2005,,,https://www.mindat.org/loc-244581.html,0,0,1,https://mrdata.usgs.gov/mrds/show-mrds.php?dep_id=10230614,http://www.24hgold.com/english/project.aspx?id=3132160D5010,https://www.woodmac.com/reports/metals-bouchard-hebert-closed-zinc-mine-16200547/,Zinc
Audrey Resources Inc. ,Breakwater Resources Ltd.,,,,,Mobrun (Bouchard-Hebert) ,Rouyn-Noranda,Quebec,48.389454,-78.901713,1987,1992,1996,2005,,,https://www.mindat.org/loc-244581.html,0,0,1,https://mrdata.usgs.gov/mrds/show-mrds.php?dep_id=10230614,http://www.24hgold.com/english/project.aspx?id=3132160D5010,https://www.woodmac.com/reports/metals-bouchard-hebert-closed-zinc-mine-16200547/,Copper
Reiss Lime Co. of Canada Ltd. ,Koch Minerals Company (Reiss Lime),Northern Lime Limited,Lafarge Canada Inc.,,,Reiss Lime,Spragge,Ontario,46.20152355,-82.6931354,1988,open,,,,,"It is more local production. This might be a problematic point because it is an indirect industry to a copper and uranium mines that closes during these years : see ""Carmeuse Lime Limited and Lafarge Canada Inc., formerly Reiss Lime Co. of Canada Ltd., was
established in Long Township during the 1970's to serve a resurgent uranium industry. With a dock accessible by Great Lake freighters, Carmeuse receives shipments of limestone, coal, and coke to make lime for the mining industry. The company has expanded to include storage for sulphuric acid for redistribution and is a major trans-shipment point for road salt that is distributed throughout Northern Ontario. Lafarge Canada Inc. produces a slag cement product used for backfilling in area mines.
During the 1980's, the population and, as a direct result, the service industries diminished appreciably in step with the declining uranium industry. During this time market prices for ore were lower than the production costs, and as a result contracts were lost. With depleting ore reserves, closure of the mines was inevitable and the impact on the area from 1991-1996 was drastic, with the local economy being hit hard. Despite this setback the area continues to thrive in its own way."" from https://townshipofthenorthshore.ca/documents/assets/uploads/files/en/historical_sketch.pdf",0,0,1,http://www.geologyontario.mndm.gov.on.ca/mndmfiles/pub/data/imaging/NSP001//nsp001.pdf,,,Lime
Dumagami Mines Ltd. ,Agnico Eagle Mines Limited,Delfer Gold Mines Inc.,Agnico-Eagle Mines Ltd. (Donald LaRonde Mine),,,LaRonde,Cadillac ,Quebec,48.250795,-78.441603,1988,open,,,,,"This is the Terrex which is part of Agnico Eagle's Laronde Mine and is 100% owned. The Terrex property consists of 21 mining claims that cover in total 424.4 hectares. In 2003, exploration work started to extend outside of the LaRonde property onto the Terrex property where a down-plunge extension of Zone 20 North was discovered. The Terrex property is subject to a 5% net profits royalty to Delfer Gold Mines Inc. and a 2% net smelter return royalty to Barrick. The Company does not expect to pay royalties on this part of the property in 2011. //// El Coco and Terrex properties (collectively the ""LaRonde Mine""),",0,0,1,https://www.canadianminingjournal.com/featured-article/getting-down-and-dirty-at-laronde/,https://www.agnicoeagle.com/English/operations/operations/laronde/default.aspx,http://wikimapia.org/30642990/Terrex-Property,Lead
Dumagami Mines Ltd. ,Agnico Eagle Mines Limited,Delfer Gold Mines Inc.,Agnico-Eagle Mines Ltd. (Donald LaRonde Mine),,,LaRonde,Cadillac ,Quebec,48.250795,-78.441603,1988,open,,,,,"This is the Terrex which is part of Agnico Eagle's Laronde Mine and is 100% owned. The Terrex property consists of 21 mining claims that cover in total 424.4 hectares. In 2003, exploration work started to extend outside of the LaRonde property onto the Terrex property where a down-plunge extension of Zone 20 North was discovered. The Terrex property is subject to a 5% net profits royalty to Delfer Gold Mines Inc. and a 2% net smelter return royalty to Barrick. The Company does not expect to pay royalties on this part of the property in 2011. //// El Coco and Terrex properties (collectively the ""LaRonde Mine""),",0,0,1,https://www.canadianminingjournal.com/featured-article/getting-down-and-dirty-at-laronde/,https://www.agnicoeagle.com/English/operations/operations/laronde/default.aspx,http://wikimapia.org/30642990/Terrex-Property,Copper
Dumagami Mines Ltd. ,Agnico Eagle Mines Limited,Delfer Gold Mines Inc.,Agnico-Eagle Mines Ltd. (Donald LaRonde Mine),,,LaRonde,Cadillac ,Quebec,48.250795,-78.441603,1988,open,,,,,"This is the Terrex which is part of Agnico Eagle's Laronde Mine and is 100% owned. The Terrex property consists of 21 mining claims that cover in total 424.4 hectares. In 2003, exploration work started to extend outside of the LaRonde property onto the Terrex property where a down-plunge extension of Zone 20 North was discovered. The Terrex property is subject to a 5% net profits royalty to Delfer Gold Mines Inc. and a 2% net smelter return royalty to Barrick. The Company does not expect to pay royalties on this part of the property in 2011. //// El Coco and Terrex properties (collectively the ""LaRonde Mine""),",0,0,1,https://www.canadianminingjournal.com/featured-article/getting-down-and-dirty-at-laronde/,https://www.agnicoeagle.com/English/operations/operations/laronde/default.aspx,http://wikimapia.org/30642990/Terrex-Property,Gold
Dumagami Mines Ltd. ,Agnico Eagle Mines Limited,Delfer Gold Mines Inc.,Agnico-Eagle Mines Ltd. (Donald LaRonde Mine),,,LaRonde,Cadillac ,Quebec,48.250795,-78.441603,1988,open,,,,,"This is the Terrex which is part of Agnico Eagle's Laronde Mine and is 100% owned. The Terrex property consists of 21 mining claims that cover in total 424.4 hectares. In 2003, exploration work started to extend outside of the LaRonde property onto the Terrex property where a down-plunge extension of Zone 20 North was discovered. The Terrex property is subject to a 5% net profits royalty to Delfer Gold Mines Inc. and a 2% net smelter return royalty to Barrick. The Company does not expect to pay royalties on this part of the property in 2011. //// El Coco and Terrex properties (collectively the ""LaRonde Mine""),",0,0,1,https://www.canadianminingjournal.com/featured-article/getting-down-and-dirty-at-laronde/,https://www.agnicoeagle.com/English/operations/operations/laronde/default.aspx,http://wikimapia.org/30642990/Terrex-Property,Silver
Dumagami Mines Ltd. ,Agnico Eagle Mines Limited,Delfer Gold Mines Inc.,Agnico-Eagle Mines Ltd. (Donald LaRonde Mine),,,LaRonde,Cadillac ,Quebec,48.250795,-78.441603,1988,open,,,,,"This is the Terrex which is part of Agnico Eagle's Laronde Mine and is 100% owned. The Terrex property consists of 21 mining claims that cover in total 424.4 hectares. In 2003, exploration work started to extend outside of the LaRonde property onto the Terrex property where a down-plunge extension of Zone 20 North was discovered. The Terrex property is subject to a 5% net profits royalty to Delfer Gold Mines Inc. and a 2% net smelter return royalty to Barrick. The Company does not expect to pay royalties on this part of the property in 2011. //// El Coco and Terrex properties (collectively the ""LaRonde Mine""),",0,0,1,https://www.canadianminingjournal.com/featured-article/getting-down-and-dirty-at-laronde/,https://www.agnicoeagle.com/English/operations/operations/laronde/default.aspx,http://wikimapia.org/30642990/Terrex-Property,Zinc
Saskatoon Chemicals Ltd.,,,,,,,Saskatoon,Saskatchewan,52.15826771,-106.6747102,1989,1991,,,,,"In Saskatchewan, Mosaic Potash Esterhazy Limited Partnership (formerly IMC Esterhazy Canada Limited Partnership) supplies by-product rock salt from its potash operation at Esterhazy to Kayway Salt, which distributes it locally for road de-icing. Saskatoon Chemicals (“SaskChem,” a division of Sterling Chemicals Holdings, Inc.) produces brines from wells near Saskatoon for the manufacture of caustic soda, chlorine, and sodium chlorate to be used internally for its pulp chemicals operations.",0,0,1,https://natural-resources.canada.ca/sites/www.nrcan.gc.ca/files/mineralsmetals/pdf/mms-smm/busi-indu/cmy-amc/2008revu/pdf/sal-sel-eng.pdf,,,Salt
Aur Resources Inc. ,Novicourt Inc. ,Teck (Cominco Limited) Corporation,,,,Louvicourt,Val d'Or,Quebec,48.1003,-77.502718,1994,2005,,,,,,0,0,1,https://www.onemine.org/document/abstract.cfm?docid=230009,https://open.library.ubc.ca/soa/cIRcle/collections/59367/items/1.0042600,,Lead
Aur Resources Inc. ,Novicourt Inc. ,Teck (Cominco Limited) Corporation,,,,Louvicourt,Val d'Or,Quebec,48.1003,-77.502718,1994,2005,,,,,,0,0,1,https://www.onemine.org/document/abstract.cfm?docid=230009,https://open.library.ubc.ca/soa/cIRcle/collections/59367/items/1.0042600,,Gold
Aur Resources Inc. ,Novicourt Inc. ,Teck (Cominco Limited) Corporation,,,,Louvicourt,Val d'Or,Quebec,48.1003,-77.502718,1994,2005,,,,,,0,0,1,https://www.onemine.org/document/abstract.cfm?docid=230009,https://open.library.ubc.ca/soa/cIRcle/collections/59367/items/1.0042600,,Copper
Aur Resources Inc. ,Novicourt Inc. ,Teck (Cominco Limited) Corporation,,,,Louvicourt,Val d'Or,Quebec,48.1003,-77.502718,1994,2005,,,,,,0,0,1,https://www.onemine.org/document/abstract.cfm?docid=230009,https://open.library.ubc.ca/soa/cIRcle/collections/59367/items/1.0042600,,Silver
Aur Resources Inc. ,Novicourt Inc. ,Teck (Cominco Limited) Corporation,,,,Louvicourt,Val d'Or,Quebec,48.1003,-77.502718,1994,2005,,,,,,0,0,1,https://www.onemine.org/document/abstract.cfm?docid=230009,https://open.library.ubc.ca/soa/cIRcle/collections/59367/items/1.0042600,,Zinc
MarFred Minerals Ltd.,Extender Minerals of Canada Ltd.,,,,,Tracey Lake,,Ontario,47.4162,-81.023788,2000,2017,,,,,,0,0,1,http://www.geologyontario.mndm.gov.on.ca/mndmfiles/mdi/data/records/MDI41P06NE00005.html,,,Barite
Bell Allard Mines Ltd.,,,,,,Bell Allard,Matagami ,Quebec,49.700976,-77.725148,2000,2004,,,,,link2 for different dates,0,0,1,https://www.canadianminingjournal.com/featured-article/zinc-division-new-mine-different-strategy-bell-allard-mine/,https://www.mindat.org/loc-186823.html,https://collections.banq.qc.ca/ark:/52327/bs20585,Lead
Bell Allard Mines Ltd.,,,,,,Bell Allard,Matagami ,Quebec,49.700976,-77.725148,2000,2004,,,,,link2 for different dates,0,0,1,https://www.canadianminingjournal.com/featured-article/zinc-division-new-mine-different-strategy-bell-allard-mine/,https://www.mindat.org/loc-186823.html,https://collections.banq.qc.ca/ark:/52327/bs20585,Gold
Bell Allard Mines Ltd.,,,,,,Bell Allard,Matagami ,Quebec,49.700976,-77.725148,2000,2004,,,,,link2 for different dates,0,0,1,https://www.canadianminingjournal.com/featured-article/zinc-division-new-mine-different-strategy-bell-allard-mine/,https://www.mindat.org/loc-186823.html,https://collections.banq.qc.ca/ark:/52327/bs20585,Copper
Bell Allard Mines Ltd.,,,,,,Bell Allard,Matagami ,Quebec,49.700976,-77.725148,2000,2004,,,,,link2 for different dates,0,0,1,https://www.canadianminingjournal.com/featured-article/zinc-division-new-mine-different-strategy-bell-allard-mine/,https://www.mindat.org/loc-186823.html,https://collections.banq.qc.ca/ark:/52327/bs20585,Silver
Bell Allard Mines Ltd.,,,,,,Bell Allard,Matagami ,Quebec,49.700976,-77.725148,2000,2004,,,,,link2 for different dates,0,0,1,https://www.canadianminingjournal.com/featured-article/zinc-division-new-mine-different-strategy-bell-allard-mine/,https://www.mindat.org/loc-186823.html,https://collections.banq.qc.ca/ark:/52327/bs20585,Zinc
Black Bull Resources Inc.,,,,,,White Rock,Shelburne ,Nova Scotia,44.10752,-65.694008,2002,2011,,,,,"Closing of Devco’s Phalen Colliery, New Waterford, Cape Breton Island, Nova Scotia 1999 ..?",0,0,1,https://novascotia.ca/nse/ea/bbullwhiterock1.asp,,,Quartz
"River Gold Mines Ltd., ",,,,,,Mishi,Wawa ,Ontario,48.10967,-85.45982,2002,open,,,,,,0,0,1,https://miningdataonline.com/property/1238/Mishi-Mine.aspx,https://mininglifeonline.net/company-article/mishi-open-pit-mine/8918,,Gold
Brogan Mining Company Limited,Old Sydney Collieries Ltd.,,,,,Little Pond,Alder Point,Nova Scotia,45.31685,-62.04859,2004,2005,,,,,"Brogan operated at Little Pond on the site of the former Alexander and No. 7 mines from 1999 to 2003, subsequently moving North to Merritt Point, immediately South of the Cape Crushing operation, producing for a short time, 2004-2005. from https://notyourgrandfathersmining.ca/sullivan-creek",0,0,1,https://novascotia.ca/natr/meb/data/pubs/06re01/Appendix01.pdf,,,Coal
Falconbridge Limited,Xstrata,Glencore,,,,Montcalm,Timmins,Ontario,48.6659,-82.09741,2004,2009,,,,,"The former Montcalm Mine, currently owned by Glencore, was discovered and developed based on a single airborne electromagnetic anomaly identified in the 1970s"" from https://voltagemetals.com/montcalm-project/",0,0,1,https://ero.ontario.ca/notice/019-2192,https://www.mindat.org/loc-259836.html,,Nickel
Falconbridge Limited,Xstrata,Glencore,,,,Montcalm,Timmins,Ontario,48.6659,-82.09741,2004,2009,,,,,"The former Montcalm Mine, currently owned by Glencore, was discovered and developed based on a single airborne electromagnetic anomaly identified in the 1970s"" from https://voltagemetals.com/montcalm-project/",0,0,1,https://ero.ontario.ca/notice/019-2192,https://www.mindat.org/loc-259836.html,,Cobalt
Falconbridge Limited,Xstrata,Glencore,,,,Montcalm,Timmins,Ontario,48.6659,-82.09741,2004,2009,,,,,"The former Montcalm Mine, currently owned by Glencore, was discovered and developed based on a single airborne electromagnetic anomaly identified in the 1970s"" from https://voltagemetals.com/montcalm-project/",0,0,1,https://ero.ontario.ca/notice/019-2192,https://www.mindat.org/loc-259836.html,,Copper
Falconbridge Limited,Xstrata,Glencore,,,,Montcalm,Timmins,Ontario,48.6659,-82.09741,2004,2009,,,,,"The former Montcalm Mine, currently owned by Glencore, was discovered and developed based on a single airborne electromagnetic anomaly identified in the 1970s"" from https://voltagemetals.com/montcalm-project/",0,0,1,https://ero.ontario.ca/notice/019-2192,https://www.mindat.org/loc-259836.html,,Gold
Falconbridge Limited,Xstrata,Glencore,,,,Montcalm,Timmins,Ontario,48.6659,-82.09741,2004,2009,,,,,"The former Montcalm Mine, currently owned by Glencore, was discovered and developed based on a single airborne electromagnetic anomaly identified in the 1970s"" from https://voltagemetals.com/montcalm-project/",0,0,1,https://ero.ontario.ca/notice/019-2192,https://www.mindat.org/loc-259836.html,,Silver
Falconbridge Limited,Xstrata,Glencore,,,,Montcalm,Timmins,Ontario,48.6659,-82.09741,2004,2009,,,,,"The former Montcalm Mine, currently owned by Glencore, was discovered and developed based on a single airborne electromagnetic anomaly identified in the 1970s"" from https://voltagemetals.com/montcalm-project/",0,0,1,https://ero.ontario.ca/notice/019-2192,https://www.mindat.org/loc-259836.html,,Platinum
Hurley Slate Works Company Inc.,,,,,,Hurley or Burgoyne's Cove quarry,Trinity Bay,Newfoundland-and-Labrador,47.51756381,-52.95939564,2005,2010,,,,,Hurley Slate Works Company Inc. operated a slate quarrying and processing operation in Burgoyne’s Cove that shut down in August 2010.,0,0,1,https://www.cbc.ca/landandseanl/2010/07/the-story-of-a-quarry.html,,,Dimension Stone
De Beers,,,,,,Victor Diamond,James Bay Lowland,Ontario,52.82667,-83.88528,2008,2019,,,,,"environmental impact with impact on various First Nations
 500 full-time employees with 100 from Attawapiskat First Nation",0,0,1,https://www.mindat.org/loc-205700.html,,,Diamond
Lafarge Canada Inc.,,,,,,Woodstock,,Ontario,43.0987,-80.903,1956,2008,,,,,,0,0,0,,,,Limestone
Vale Canada Limited,,,,,,Birchtree,,Manitoba,55.701479,-97.927009,1965,1978,1989,2017,,,,0,0,0,,,,Nickel
Vale Canada Limited,,,,,,Birchtree,,Manitoba,55.701479,-97.927009,1965,1978,1989,2017,,,,0,0,0,,,,Platinum
Vale Canada Limited,,,,,,Birchtree,,Manitoba,55.701479,-97.927009,1965,1978,1989,2017,,,,0,0,0,,,,Cobalt
Vale Canada Limited,,,,,,Birchtree,,Manitoba,55.701479,-97.927009,1965,1978,1989,2017,,,,0,0,0,,,,Copper
First Nickel Inc.,Falconbrigde Ltd,,,,,Lockerby,,Ontario,46.433,-81.3238,1971,2008,2011,open,,,,0,0,0,,,,Nickel
First Nickel Inc.,Falconbrigde Ltd,,,,,Lockerby,,Ontario,46.433,-81.3238,1971,2008,2011,open,,,,0,0,0,,,,Tellurium
First Nickel Inc.,Falconbrigde Ltd,,,,,Lockerby,,Ontario,46.433,-81.3238,1971,2008,2011,open,,,,0,0,0,,,,Cobalt
First Nickel Inc.,Falconbrigde Ltd,,,,,Lockerby,,Ontario,46.433,-81.3238,1971,2008,2011,open,,,,0,0,0,,,,Gold
First Nickel Inc.,Falconbrigde Ltd,,,,,Lockerby,,Ontario,46.433,-81.3238,1971,2008,2011,open,,,,0,0,0,,,,Copper
First Nickel Inc.,Falconbrigde Ltd,,,,,Lockerby,,Ontario,46.433,-81.3238,1971,2008,2011,open,,,,0,0,0,,,,Silver
First Nickel Inc.,Falconbrigde Ltd,,,,,Lockerby,,Ontario,46.433,-81.3238,1971,2008,2011,open,,,,0,0,0,,,,Selenium
First Nickel Inc.,Falconbrigde Ltd,,,,,Lockerby,,Ontario,46.433,-81.3238,1971,2008,2011,open,,,,0,0,0,,,,Platinum
Teck Resources Limited,,,,,,Cardinal River (Cheviot),,Alberta,53.0667,-117.4,2005,2020,,,,,,0,0,0,,,,Coal
Anglo American plc,,,,,,Trend,,British Columbia,54.898333,-120.961706,2005,2014,,,,,,0,0,0,,,,Coal
Richmont Mines Inc.,,,,,,Island Gold,,Ontario,48.297,-84.4429,2007,open,,,,,,0,0,0,,,,Gold
Liberty Mines Inc.,Northern Sun Mining Corp.,,,,,Redstone,,Ontario,48.31694444,-81.16472222,2007,open,,,,,with puntual suspension of activities,0,0,0,,,,Nickel
First Metals Inc.,,,,,,Fabie Bay,,Quebec,48.4407,-79.3526,2007,2009,,,,,,0,0,0,,,,Silver
First Metals Inc.,,,,,,Fabie Bay,,Quebec,48.4407,-79.3526,2007,2009,,,,,,0,0,0,,,,Gold
First Metals Inc.,,,,,,Fabie Bay,,Quebec,48.4407,-79.3526,2007,2009,,,,,,0,0,0,,,,Zinc
First Metals Inc.,,,,,,Fabie Bay,,Quebec,48.4407,-79.3526,2007,2009,,,,,,0,0,0,,,,Copper
Teck Cominco Limited,,,,,,Duck Pond,,Newfoundland-and-Labrador,48.630978,-56.50069,2007,2015,,,,,,0,0,0,,,,Zinc
Teck Cominco Limited,,,,,,Duck Pond,,Newfoundland-and-Labrador,48.630978,-56.50069,2007,2015,,,,,,0,0,0,,,,Copper
Forty Two Metals Inc. (Roca Mines Inc.),,,,,,MAX,,British Columbia,50.6457,-117.586,2007,2010,2011,open,,,,0,0,0,,,,Molybdenum
San Gold Corporation,,,,,,San Gold No. 1,,Manitoba,51.0258,-95.6216,2007,2008,,,,,,0,0,0,,,,Gold
Sherwood Copper Corporation,Capstone Mining Corporation,,,,,Minto,,Yukon,62.6167,-137.249,2007,2018,,,,,,0,0,0,,,,Gold
Sherwood Copper Corporation,Capstone Mining Corporation,,,,,Minto,,Yukon,62.6167,-137.249,2007,2018,,,,,,0,0,0,,,,Copper
De Beers Canada Inc.,,,,,,Snap Lake,,Northwest Territories,63.6027,-110.869,2007,2015,,,,,,0,0,0,,,,Diamond
FNX Mining Company Inc.,KGHM Polska Miedz S.A.,,,,,Podolsky,,Ontario,46.7775,-80.8763,2008,2013,,,,,,0,0,0,,,,Nickel
FNX Mining Company Inc.,KGHM Polska Miedz S.A.,,,,,Podolsky,,Ontario,46.7775,-80.8763,2008,2013,,,,,,0,0,0,,,,PM
FNX Mining Company Inc.,KGHM Polska Miedz S.A.,,,,,Podolsky,,Ontario,46.7775,-80.8763,2008,2013,,,,,,0,0,0,,,,Copper
Agnico-Eagle Mines Limited,,,,,,Goldex,,Quebec,48.0926,-77.8733,2008,2011,2013,open,,,,0,0,0,,,,Silver
Agnico-Eagle Mines Limited,,,,,,Goldex,,Quebec,48.0926,-77.8733,2008,2011,2013,open,,,,0,0,0,,,,Gold
Alexis Minerals Corporation,QMX Gold Corporation,,,,,Lac Herbin,,Quebec,48.1361,-77.6539,2008,2015,,,,,,0,0,0,,,,Silver
Alexis Minerals Corporation,QMX Gold Corporation,,,,,Lac Herbin,,Quebec,48.1361,-77.6539,2008,2015,,,,,,0,0,0,,,,Gold
Beaver Brook Antimony Mine Inc.,China Minmetals Rare Earth Group Co. Ltd.,,,,,Beaver Brook,,Newfoundland-and-Labrador,48.4253,-55.1126,2008,2013,2021,open,,,,0,0,0,,,,Antimony
Metanor Resources Inc.,,,,,,Barry,,Quebec,48.9903,-75.766,2008,open,,,,,,0,0,0,,,,Silver
Metanor Resources Inc.,,,,,,Barry,,Quebec,48.9903,-75.766,2008,open,,,,,,0,0,0,,,,Gold
Merit Mining Corp.,,,,,,Lexington-Grenoble,,British Columbia,49.0088,-118.614,2008,2008,,,,,,0,0,0,,,,Gold
Merit Mining Corp.,,,,,,Lexington-Grenoble,,British Columbia,49.0088,-118.614,2008,2008,,,,,,0,0,0,,,,Copper
Xstrata Zinc Canada,Glencore plc,,,,,Perseverance,,Quebec,49.716,-77.7189,2008,2013,,,,,,0,0,0,,,,Silver
Xstrata Zinc Canada,Glencore plc,,,,,Perseverance,,Quebec,49.716,-77.7189,2008,2013,,,,,,0,0,0,,,,Gold
Xstrata Zinc Canada,Glencore plc,,,,,Perseverance,,Quebec,49.716,-77.7189,2008,2013,,,,,,0,0,0,,,,Zinc
Xstrata Zinc Canada,Glencore plc,,,,,Perseverance,,Quebec,49.716,-77.7189,2008,2013,,,,,,0,0,0,,,,Copper
Anaconda Mining Inc.,,,,,,Pine Cove,,Newfoundland-and-Labrador,49.9597,-56.1295,2008,open,,,,,,0,0,0,,,,Gold
De Beers Canada Inc.,,,,,,Victor,,Ontario,52.8206,-83.8817,2008,2019,,,,,,0,0,0,,,,Diamond
Agnico-Eagle Mines Limited,,,,,,Lapa,,Quebec,48.22957,-78.288149,2009,2018,,,,,,0,0,0,,,,Gold
Liberty Mines Inc.,,,,,,McWatters,,Ontario,48.311227,-81.03661,2009,2012,,,,,operation suspended in 2011 ,0,0,0,,,,Nickel
Apollo Gold Corporation,,,,,,Black Fox,,Ontario,48.534362,-80.340814,2009,open,,,,,,0,0,0,,,,Gold
San Gold Corporation,,,,,,Hinge,,Manitoba,51.0258,-95.6216,2009,2015,,,,,,0,0,0,,,,Gold
Champion Irons Ltd,Consolidated Thompson Iron Mines Ltd.,Cliffs Natural Resources Inc.,,,,Bloom Lake,,Quebec,52.84,-67.28,2009,2010,2015,2018,,,,0,0,0,,,,Iron
Crowflight Minerals Inc.,CaNickel Mining Limited,,,,,Bucko,,Manitoba,54.878,-98.6576,2009,2012,,,,,,0,0,0,,,,Nickel
Crowflight Minerals Inc.,CaNickel Mining Limited,,,,,Bucko,,Manitoba,54.878,-98.6576,2009,2012,,,,,,0,0,0,,,,Platinum
Crowflight Minerals Inc.,CaNickel Mining Limited,,,,,Bucko,,Manitoba,54.878,-98.6576,2009,2012,,,,,,0,0,0,,,,Cobalt
Crowflight Minerals Inc.,CaNickel Mining Limited,,,,,Bucko,,Manitoba,54.878,-98.6576,2009,2012,,,,,,0,0,0,,,,Copper
URSA Major Minerals Inc.,Prophecy Platinum Corp.,,,,,Shakespeare,,Ontario,46.33417,-81.85944,2010,2012,,,,,,0,0,0,,,,Nickel
URSA Major Minerals Inc.,Prophecy Platinum Corp.,,,,,Shakespeare,,Ontario,46.33417,-81.85944,2010,2012,,,,,,0,0,0,,,,Cobalt
URSA Major Minerals Inc.,Prophecy Platinum Corp.,,,,,Shakespeare,,Ontario,46.33417,-81.85944,2010,2012,,,,,,0,0,0,,,,Gold
URSA Major Minerals Inc.,Prophecy Platinum Corp.,,,,,Shakespeare,,Ontario,46.33417,-81.85944,2010,2012,,,,,,0,0,0,,,,Copper
URSA Major Minerals Inc.,Prophecy Platinum Corp.,,,,,Shakespeare,,Ontario,46.33417,-81.85944,2010,2012,,,,,,0,0,0,,,,Platinum
St. Andrew Goldfields Ltd.,,,,,,Hislop,,Ontario,48.34389,-80.30611,2010,2014,,,,,,0,0,0,,,,Gold
Agnico-Eagle Mines Ltd.,,,,,,Meadowbank,,Nunavut,65.025,-96.04889,2010,open,,,,,,0,0,0,,,,Gold
Osisko Mining Corporation,,,,,,Canadian Malartic,,Quebec,48.129852,-78.100285,2011,open,,,,,,0,0,0,,,,Silver
Osisko Mining Corporation,,,,,,Canadian Malartic,,Quebec,48.129852,-78.100285,2011,open,,,,,,0,0,0,,,,Gold
Lake Shore Gold Corp.,,,,,,Timmins,,Ontario,48.383275,-81.549826,2011,open,,,,,,0,0,0,,,,Gold
Kirkland Lake Gold Ltd.,St. Andrew Goldfields Ltd.,,,,,Holloway-Holt,,Ontario,48.513,-79.74,2011,2020,,,,,This might be the merger of two mines,0,0,0,,,,Gold
Bralorne Gold Mines Ltd.,,,,,,Bralorne-Pioneer,,British Columbia,50.777947,-122.821412,2011,2015,,,,,,0,0,0,,,,Gold
Labrador Iron Mines Holdings Limited,,,,,,James,,Newfoundland-and-Labrador,54.781569,-66.865862,2011,2013,,,,,,0,0,0,,,,Iron
Claude Resources Inc.,,,,,,Santoy 8,,Saskatchewan,55.66778,-103.414571,2011,open,,,,,,0,0,0,,,,Gold
Golden Band Resources Inc.,,,,,,Roy Lloyd/Bingo,,Saskatchewan,55.70167,-104.73361,2011,2014,,,,,,0,0,0,,,,Gold
Yukon Zinc Corp.,,,,,,Wolverine,,Yukon,61.41667,-130.1,2011,2015,,,,,,0,0,0,,,,Lead
Yukon Zinc Corp.,,,,,,Wolverine,,Yukon,61.41667,-130.1,2011,2015,,,,,,0,0,0,,,,Gold
Yukon Zinc Corp.,,,,,,Wolverine,,Yukon,61.41667,-130.1,2011,2015,,,,,,0,0,0,,,,Copper
Yukon Zinc Corp.,,,,,,Wolverine,,Yukon,61.41667,-130.1,2011,2015,,,,,,0,0,0,,,,Silver
Yukon Zinc Corp.,,,,,,Wolverine,,Yukon,61.41667,-130.1,2011,2015,,,,,,0,0,0,,,,Zinc
Alexco Resource Corp.,,,,,,Bellekeno,,Yukon,63.905576,-135.258268,2011,2013,,,,,,0,0,0,,,,Silver
Alexco Resource Corp.,,,,,,Bellekeno,,Yukon,63.905576,-135.258268,2011,2013,,,,,,0,0,0,,,,Lead
Alexco Resource Corp.,,,,,,Bellekeno,,Yukon,63.905576,-135.258268,2011,2013,,,,,,0,0,0,,,,Zinc
Alexco Resource Corp.,,,,,,Bellekeno,,Yukon,63.905576,-135.258268,2011,2013,,,,,,0,0,0,,,,Gold
Rocmec Mining Corporation,,,,,,Rocmec 1,,Quebec,48.245,-79.503,2012,open,,,,,,0,0,0,,,,Gold
New Gold Inc.,,,,,,New Afton,,British Columbia,50.661,-120.514,2012,open,,,,,,0,0,0,,,,Silver
New Gold Inc.,,,,,,New Afton,,British Columbia,50.661,-120.514,2012,open,,,,,,0,0,0,,,,Copper
New Gold Inc.,,,,,,New Afton,,British Columbia,50.661,-120.514,2012,open,,,,,,0,0,0,,,,Gold
Canadian Wollastonite,,,,,,St. Lawrence,,Ontario,44.460417,-76.250411,2013,open,,,,,,0,0,0,,,,Wollastonite
Richmont Mines Inc.,,,,,,Monique,,Quebec,48.188,-77.445,2013,2015,,,,,,0,0,0,,,,Gold
Metanor Resources Inc.,Bonterra Resources Inc.,,,,,Bachelor Lake,,Quebec,49.4958,-76.143,2013,2018,,,,,,0,0,0,,,,Silver
Metanor Resources Inc.,Bonterra Resources Inc.,,,,,Bachelor Lake,,Quebec,49.4958,-76.143,2013,2018,,,,,,0,0,0,,,,Gold
Glencore plc,,,,,,Bracemac-McLeod,,Quebec,49.679,-77.666,2013,open,,,,,,0,0,0,,,,Silver
Glencore plc,,,,,,Bracemac-McLeod,,Quebec,49.679,-77.666,2013,open,,,,,,0,0,0,,,,Gold
Glencore plc,,,,,,Bracemac-McLeod,,Quebec,49.679,-77.666,2013,open,,,,,,0,0,0,,,,Zinc
Glencore plc,,,,,,Bracemac-McLeod,,Quebec,49.679,-77.666,2013,open,,,,,,0,0,0,,,,Copper
Detour Gold Corporation,,,,,,Detour Lake,,Ontario,50.014,-79.71,2013,open,,,,,,0,0,0,,,,Gold
HudBay Minerals Inc.,,,,,,Lalor Lake,,Manitoba,54.862,-100.155,2013,open,,,,,,0,0,0,,,,Silver
HudBay Minerals Inc.,,,,,,Lalor Lake,,Manitoba,54.862,-100.155,2013,open,,,,,,0,0,0,,,,Gold
HudBay Minerals Inc.,,,,,,Lalor Lake,,Manitoba,54.862,-100.155,2013,open,,,,,,0,0,0,,,,Zinc
HudBay Minerals Inc.,,,,,,Lalor Lake,,Manitoba,54.862,-100.155,2013,open,,,,,,0,0,0,,,,Copper
Vale,,,,,,Totten,,Ontario,46.381174,-81.454839,2014,open,,,,,,0,0,0,,,,Nickel
Vale,,,,,,Totten,,Ontario,46.381174,-81.454839,2014,open,,,,,,0,0,0,,,,Cobalt
Vale,,,,,,Totten,,Ontario,46.381174,-81.454839,2014,open,,,,,,0,0,0,,,,Gold
Vale,,,,,,Totten,,Ontario,46.381174,-81.454839,2014,open,,,,,,0,0,0,,,,Copper
Vale,,,,,,Totten,,Ontario,46.381174,-81.454839,2014,open,,,,,,0,0,0,,,,Platinum
Wallbridge Mining Company Limited,,,,,,Broken Hammer,,Ontario,46.764596,-81.034405,2014,open,,,,,,0,0,0,,,,Nickel
Wallbridge Mining Company Limited,,,,,,Broken Hammer,,Ontario,46.764596,-81.034405,2014,open,,,,,,0,0,0,,,,Platinum
Wallbridge Mining Company Limited,,,,,,Broken Hammer,,Ontario,46.764596,-81.034405,2014,open,,,,,,0,0,0,,,,Copper
IAMGOLD Corporation,,,,,,Westwood,,Quebec,48.256,-78.502,2014,open,,,,,,0,0,0,,,,Silver
IAMGOLD Corporation,,,,,,Westwood,,Quebec,48.256,-78.502,2014,open,,,,,,0,0,0,,,,Zinc
IAMGOLD Corporation,,,,,,Westwood,,Quebec,48.256,-78.502,2014,open,,,,,,0,0,0,,,,Copper
IAMGOLD Corporation,,,,,,Westwood,,Quebec,48.256,-78.502,2014,open,,,,,,0,0,0,,,,Gold
HudBay Minerals Inc.,,,,,,Reed,,Manitoba,54.569,-100.669,2014,2018,,,,,,0,0,0,,,,Silver
HudBay Minerals Inc.,,,,,,Reed,,Manitoba,54.569,-100.669,2014,2018,,,,,,0,0,0,,,,Gold
HudBay Minerals Inc.,,,,,,Reed,,Manitoba,54.569,-100.669,2014,2018,,,,,,0,0,0,,,,Zinc
HudBay Minerals Inc.,,,,,,Reed,,Manitoba,54.569,-100.669,2014,2018,,,,,,0,0,0,,,,Copper
Thompson Creek Mining Limited,,,,,,Mt Milligan,,British Columbia,55.118,-124.031,2014,open,,,,,,0,0,0,,,,Gold
Thompson Creek Mining Limited,,,,,,Mt Milligan,,British Columbia,55.118,-124.031,2014,open,,,,,,0,0,0,,,,Copper
ArcelorMittal Mines Canada Inc.,,,,,,Mary River,,Nunavut,71.340446,-71.340446,2014,open,,,,,,0,0,0,,,,Iron
St Andrew Goldfields Ltd.,Kirkland Lake Gold Ltd.,,,,,Taylor,,Ontario,48.56667,-80.61333,2015,2020,,,,,,0,0,0,,,,Gold
Goldcorp Inc.,,,,,,Éléonore,,Quebec,52.69889,-76.08667,2015,open,,,,,,0,0,0,,,,Gold
Banks Island Gold Ltd.,,,,,,Yellow Giant,,British Columbia,53.36257,-130.12352,2015,2015,,,,,,0,0,0,,,,Gold
Pine Valley Mining Corporation,Western Coal Corporation,Conuma Coal Resources Ltd.,"Walter Energy, Inc.",Conuma Coal Resources Ltd.,,Willow Creek,Tumbler Ridge,British Columbia,55.619443,-122.22194,2015,2010,2014,2018,open,,,0,0,0,,,,Coal
Imperial Metals Corporation,,,,,,Red Chris,,British Columbia,57.7,-129.78333,2015,open,,,,,,0,0,0,,,,Silver
Imperial Metals Corporation,,,,,,Red Chris,,British Columbia,57.7,-129.78333,2015,open,,,,,,0,0,0,,,,Copper
Imperial Metals Corporation,,,,,,Red Chris,,British Columbia,57.7,-129.78333,2015,open,,,,,,0,0,0,,,,Gold
Cameco Corporation,,,,,,Cigar Lake,,Saskatchewan,58.06819,-104.54123,2015,open,,,,,,0,0,0,,,,Uranium
Stornoway Diamond Corporation,,,,,,Renard,,Quebec,52.813913,-72.190579,2016,open,,,,,,0,0,0,,,,Diamond
Cœur Mining,,,,,,Silvertip,,British Columbia,59.92,-130.34,2016,2020,,,,,,0,0,0,,,,Silver
Cœur Mining,,,,,,Silvertip,,British Columbia,59.92,-130.34,2016,2020,,,,,,0,0,0,,,,Lead
Cœur Mining,,,,,,Silvertip,,British Columbia,59.92,-130.34,2016,2020,,,,,,0,0,0,,,,Zinc
Cœur Mining,,,,,,Silvertip,,British Columbia,59.92,-130.34,2016,2020,,,,,,0,0,0,,,,Gold
Aurelius Minerals Inc.,Maritime Dufferin Gold Corp.,,,,,Dufferin,,Nova Scotia,44.9719,-62.3929,2017,2019,,,,,,0,0,0,,,,Gold
Atlantic Gold Corp.,,,,,,Moose River Consolidated,,Nova Scotia,44.98243,-62.94292,2017,open,,,,,,0,0,0,,,,Gold
Kameron Collieries ULC,,,,,,Donkin,,Nova Scotia,46.178108,-59.825861,2017,2020,,,,,,0,0,0,,,,Coal
New Gold Inc.,,,,,,Rainy River,,Ontario,48.833,-94.012,2017,open,,,,,,0,0,0,,,,Nickel
New Gold Inc.,,,,,,Rainy River,,Ontario,48.833,-94.012,2017,open,,,,,,0,0,0,,,,Cobalt
New Gold Inc.,,,,,,Rainy River,,Ontario,48.833,-94.012,2017,open,,,,,,0,0,0,,,,Copper
New Gold Inc.,,,,,,Rainy River,,Ontario,48.833,-94.012,2017,open,,,,,,0,0,0,,,,Gold
New Gold Inc.,,,,,,Rainy River,,Ontario,48.833,-94.012,2017,open,,,,,,0,0,0,,,,Silver
K+S Potash Canada,,,,,,Bethune,,Saskatchewan,50.62917,-105.26167,2017,open,,,,,,0,0,0,,,,Potash
Pretrium Resources Inc.,,,,,,Brucejack,,British Columbia,56.47554,-130.21783,2017,open,,,,,,0,0,0,,,,Silver
Pretrium Resources Inc.,,,,,,Brucejack,,British Columbia,56.47554,-130.21783,2017,open,,,,,,0,0,0,,,,Gold
De Beers Canada Inc.,,,,,,Gahcho Kué,,Northwest Territories,63.44528,-109.21194,2017,open,,,,,,0,0,0,,,,Diamond
TMAC Resources Inc.,,,,,,Hope Bay,,Nunavut,68.137186,-106.612652,2017,open,,,,,,0,0,0,,,,Gold
Canada Fluorspar (NL) Inc.,,,,,,St. Lawrence,,Newfoundland-and-Labrador,46.9038,-55.4003,2018,open,,,,,,0,0,0,,,,Fluorspar
Agnico Eagle Mines Limited,,,,,,LaRonde - Zone 5,,Quebec,48.2516,-78.451722,2018,open,,,,,,0,0,0,,,,Gold
Contemporary Amperex Technology Co. Limited (CATL),,,,,,North American Lithium,,Quebec,48.41154,-77.80934,2018,2019,,,,,,0,0,0,,,,Lithium
Harte Gold Corp.,,,,,,Sugar Zone,,Ontario,48.80496,-85.00401,2018,open,,,,,,0,0,0,,,,Gold
Cœur Mining,,,,,,"
Silvertip",,British Columbia,59.92,-130.34,2018,open,,,,,,0,0,0,,,,Silver
Cœur Mining,,,,,,"
Silvertip",,British Columbia,59.92,-130.34,2018,open,,,,,,0,0,0,,,,Lead
Cœur Mining,,,,,,"
Silvertip",,British Columbia,59.92,-130.34,2018,open,,,,,,0,0,0,,,,Zinc
Cœur Mining,,,,,,"
Silvertip",,British Columbia,59.92,-130.34,2018,open,,,,,,0,0,0,,,,Gold
Newmont Goldcorp Corp.,,,,,,Borden,,Ontario,47.871883,-83.260981,2019,open,,,,,,0,0,0,,,,Gold
Evolution Mining Ltd.,,,,,,Cochenour,,Ontario,51.076504,-93.808445,2019,open,,,,,,0,0,0,,,,Gold
Tata Steel Minerals Canada Limited,,,,,,DSO (Goodwood),,Quebec,55.09939,-67.34778,2019,open,,,,,,0,0,0,,,,Iron
Agnico Eagle Mines Limited,,,,,,Meliadine,,Nunavut,63.031529,-92.220206,2019,open,,,,,,0,0,0,,,,Gold
Victoria Gold Corporation,,,,,,Eagle (Dublin Gulch),,Yukon,64.0322,-135.8456,2019,open,,,,,,0,0,0,,,,Gold
Agnico Eagle Mines Limited,,,,,,Amaruq,,Nunavut,65.415,-96.697,2019,open,,,,,,0,0,0,,,,Gold
Hammond River Holdings Ltd.,,,,,,Upham East,,New Brunswick,45.48334,-65.63127,2020,open,,,,,,0,0,0,,,,Gypsum
Graymont Inc.,,,,,,Springhill,,New Brunswick,46.0021,-65.3719,2021,open,,,,,,0,0,0,,,,Limestone
Graymont Inc.,,,,,,Springhill,,New Brunswick,46.0021,-65.3719,2021,open,,,,,,0,0,0,,,,Lime
Graymont Inc.,,,,,,Springhill,,New Brunswick,46.0021,-65.3719,2021,open,,,,,,0,0,0,,,,lime
Pure Gold Mining Inc.,,,,,,PureGold,,Ontario,50.96932,-93.93847,2021,open,,,,,,0,0,0,,,,Gold
Canada Talc Industries Ltd. ,CanadaTalc United,"Highwood Resources Ltd, CanadaTalc Division",,,,Henderson ,Madoc (Havelock),Ontario,44.50205,-77.45374,1896,2010,,,,,,0,0,0,,,,Talc
Bralorne Pioneer Mines Ltd.,Bralorne Mines Ltd. ,Bralorne Can-Fer Resources Ltd.,,,,Bralorne Division,Bralorne ,British Columbia,50.777777,-122.82222,1900,2014,,,,,,0,0,0,,,,Lead
Bralorne Pioneer Mines Ltd.,Bralorne Mines Ltd. ,Bralorne Can-Fer Resources Ltd.,,,,Bralorne Division,Bralorne ,British Columbia,50.777777,-122.82222,1900,2014,,,,,,0,0,0,,,,Copper
Bralorne Pioneer Mines Ltd.,Bralorne Mines Ltd. ,Bralorne Can-Fer Resources Ltd.,,,,Bralorne Division,Bralorne ,British Columbia,50.777777,-122.82222,1900,2014,,,,,,0,0,0,,,,Gold
Bralorne Pioneer Mines Ltd.,Bralorne Mines Ltd. ,Bralorne Can-Fer Resources Ltd.,,,,Bralorne Division,Bralorne ,British Columbia,50.777777,-122.82222,1900,2014,,,,,,0,0,0,,,,Silver
Bralorne Pioneer Mines Ltd.,Bralorne Mines Ltd. ,Bralorne Can-Fer Resources Ltd.,,,,Bralorne Division,Bralorne ,British Columbia,50.777777,-122.82222,1900,2014,,,,,,0,0,0,,,,Tungsten
Bralorne Pioneer Mines Ltd.,Bralorne Mines Ltd. ,Bralorne Can-Fer Resources Ltd.,,,,Bralorne Division,Bralorne ,British Columbia,50.777777,-122.82222,1900,2014,,,,,,0,0,0,,,,Zinc
Dominion Steel and Coal Corp. Ltd.,,,,,,Old Sydney Collieries Division,,Nova Scotia,46.28919087,-60.27036014,1901,1975,,,,,"Establishment of Dominion Iron and Steel, Sydney, Nova Scotia.  1901",0,0,0,,,,Coal
Phoenix Minerals Corporation and Newfoundland Barite Ltd.,,,,,,Collier Point,Trinity Bay,Newfoundland-and-Labrador,47.59125794,-53.69011331,1902,1980,1998,1998,,,18 workers,0,0,0,,,,Barite
Coldstream Copper Mines Ltd.,North Coldstream,,,,,,,Ontario,48.60196,-90.58427,1902,1967,,,,,,0,0,0,,,,Iron ore
Ottawa Silver Mines Ltd. ,Slocan Ottawa Mines Ltd. ,,,,,,,British Columbia,49.784999,-117.39611,1903,1952,,,,,,0,0,0,,,,Lead
Ottawa Silver Mines Ltd. ,Slocan Ottawa Mines Ltd. ,,,,,,,British Columbia,49.784999,-117.39611,1903,1952,,,,,,0,0,0,,,,Copper
Ottawa Silver Mines Ltd. ,Slocan Ottawa Mines Ltd. ,,,,,,,British Columbia,49.784999,-117.39611,1903,1952,,,,,,0,0,0,,,,Gold
Ottawa Silver Mines Ltd. ,Slocan Ottawa Mines Ltd. ,,,,,,,British Columbia,49.784999,-117.39611,1903,1952,,,,,,0,0,0,,,,Silver
Ottawa Silver Mines Ltd. ,Slocan Ottawa Mines Ltd. ,,,,,,,British Columbia,49.784999,-117.39611,1903,1952,,,,,,0,0,0,,,,Zinc
Langis Silver and Cobalt Mining Co. Ltd. ,,,,,,,,Ontario,47.58135,-79.58006,1908,1960,,,,,,0,0,0,,,,Silver
Bralorne Pioneer Mines Ltd. ,Pioneer Gold Mines of B.C. Ltd. ,,,,,Pioneer Division,,British Columbia,50.761111,-122.78055,1908,1983,,,,,,0,0,0,,,,Lead
Bralorne Pioneer Mines Ltd. ,Pioneer Gold Mines of B.C. Ltd. ,,,,,Pioneer Division,,British Columbia,50.761111,-122.78055,1908,1983,,,,,,0,0,0,,,,Copper
Bralorne Pioneer Mines Ltd. ,Pioneer Gold Mines of B.C. Ltd. ,,,,,Pioneer Division,,British Columbia,50.761111,-122.78055,1908,1983,,,,,,0,0,0,,,,Gold
Bralorne Pioneer Mines Ltd. ,Pioneer Gold Mines of B.C. Ltd. ,,,,,Pioneer Division,,British Columbia,50.761111,-122.78055,1908,1983,,,,,,0,0,0,,,,Silver
Bralorne Pioneer Mines Ltd. ,Pioneer Gold Mines of B.C. Ltd. ,,,,,Pioneer Division,,British Columbia,50.761111,-122.78055,1908,1983,,,,,,0,0,0,,,,Tungsten
Bralorne Pioneer Mines Ltd. ,Pioneer Gold Mines of B.C. Ltd. ,,,,,Pioneer Division,,British Columbia,50.761111,-122.78055,1908,1983,,,,,,0,0,0,,,,Zinc
Bralorne Pioneer Mines Ltd. ,Pioneer Gold Mines of B.C. Ltd. ,,,,,Pioneer Division,,British Columbia,50.761111,-122.78055,1908,1983,,,,,,0,0,0,,,,Antimony
Domtar Construction Materials Ltd.,McKay Settlement,"Georgia-Pacific Canada, Inc. (McKay Settlement)",,,,Gypsum Division,Windsor ,Nova Scotia,45.781316,-64.24137092,1909,1962,,,,,,0,0,0,,,,Gypsum
Silver-Miller Mines Ltd. ,,,,,,,Cobalt ,Ontario,47.36615,-79.63109,1910,1967,,,,,,0,0,0,,,,Silver
Hollinger Consolidated Gold Mines Ltd. ,,,,,,,,Ontario,48.023,-82.22912,1910,1968,,,,,,0,0,0,,,,Gold
Brazeau Collieries Ltd. ,,,,,,,,Alberta,52.45757816,-116.0846652,1910,1955,,,,,,0,0,0,,,,Coal
Royal Oak Mines Inc.,Goldcorp Inc.,"Holt-McDermott, Macassa Mines and Lake Shore Tailings",Giant Yellowknife Mines Ltd.,,,Pamour,Timmins,Ontario,48.52273,-81.11502,1911,2009,,,,,,0,0,0,,,,Gold
Cominco Ltd. ,"Consolidated Mining and Smelting Co. of Canada Ltd., The (H.B. Mine) ",,,,,H.B.,Salmo,British Columbia,49.152222,-117.19972,1912,1978,,,,,,0,0,0,,,,Lead
Cominco Ltd. ,"Consolidated Mining and Smelting Co. of Canada Ltd., The (H.B. Mine) ",,,,,H.B.,Salmo,British Columbia,49.152222,-117.19972,1912,1978,,,,,,0,0,0,,,,Copper
Cominco Ltd. ,"Consolidated Mining and Smelting Co. of Canada Ltd., The (H.B. Mine) ",,,,,H.B.,Salmo,British Columbia,49.152222,-117.19972,1912,1978,,,,,,0,0,0,,,,Gold
Cominco Ltd. ,"Consolidated Mining and Smelting Co. of Canada Ltd., The (H.B. Mine) ",,,,,H.B.,Salmo,British Columbia,49.152222,-117.19972,1912,1978,,,,,,0,0,0,,,,Silver
Cominco Ltd. ,"Consolidated Mining and Smelting Co. of Canada Ltd., The (H.B. Mine) ",,,,,H.B.,Salmo,British Columbia,49.152222,-117.19972,1912,1978,,,,,,0,0,0,,,,Cadmium
Cominco Ltd. ,"Consolidated Mining and Smelting Co. of Canada Ltd., The (H.B. Mine) ",,,,,H.B.,Salmo,British Columbia,49.152222,-117.19972,1912,1978,,,,,,0,0,0,,,,Talc
Cominco Ltd. ,"Consolidated Mining and Smelting Co. of Canada Ltd., The (H.B. Mine) ",,,,,H.B.,Salmo,British Columbia,49.152222,-117.19972,1912,1978,,,,,,0,0,0,,,,Zinc
"Teck-Hughes Gold Mines Ltd., The ",Lamaque Mining Co. Ltd.,,,,,Teck-Hughes,,Ontario,48.14722,-80.05266,1913,1968,,,,,,0,0,0,,,,Gold
Wright-Hargreaves Mines Ltd. ,,,,,,,,Ontario,48.15254,-80.03634,1913,1962,,,,,,0,0,0,,,,Gold
Algoma Ore Properties Ltd,,,,,,George W. MacLeod,Wawa ,Ontario,48.0256,-84.73799,1914,1998,,,,,,0,0,0,,,,Iron
Manalta Coal Ltd.,,,,,,Montgomery,Hanna,Alberta,51.47689546,-111.7076536,1914,1999,,,,,,0,0,0,,,,Coal
Trident Resources Inc.,,,,,,,Atlin,British Columbia,59.735833,-133.52166,1916,1988,,,,,,0,0,0,,,,Lead
Trident Resources Inc.,,,,,,,Atlin,British Columbia,59.735833,-133.52166,1916,1988,,,,,,0,0,0,,,,Copper
Trident Resources Inc.,,,,,,,Atlin,British Columbia,59.735833,-133.52166,1916,1988,,,,,,0,0,0,,,,Gold
Trident Resources Inc.,,,,,,,Atlin,British Columbia,59.735833,-133.52166,1916,1988,,,,,,0,0,0,,,,Silver
Trident Resources Inc.,,,,,,,Atlin,British Columbia,59.735833,-133.52166,1916,1988,,,,,,0,0,0,,,,Molybdenum
Trident Resources Inc.,,,,,,,Atlin,British Columbia,59.735833,-133.52166,1916,1988,,,,,,0,0,0,,,,Cadmium
Trident Resources Inc.,,,,,,,Atlin,British Columbia,59.735833,-133.52166,1916,1988,,,,,,0,0,0,,,,Tin
Trident Resources Inc.,,,,,,,Atlin,British Columbia,59.735833,-133.52166,1916,1988,,,,,,0,0,0,,,,Zinc
Lake Shore Mines Ltd. ,Kinross Gold Corporation,Lac Minerals Ltd.,,,,Lake Shore Tailings,Kickland Lake,Ontario,48.11871,-80.0099,1918,1964,,,,,"The closure of the mine once known as the 'Jewel box of North America' in 1965 was the result of a number of factors including a declining ore reserve picture, unfruitful exploration, increased water inflow into the workings from other closed mines exceeding pump capacity and unstable workings at depth,",0,0,0,,,,Gold
Saskatchewan Minerals (Sodium Sulphate Division) ,,,,,,,Bishopric ,Saskatchewan,50.009697,-105.7794588,1921,1984,,,,,,0,0,0,,,,Sodium Sulphate
Queenston Gold Mines Limited,,,,,,McBean,Dobie ,Ontario,48.12537,-79.81791,1927,1988,,,,,,0,0,0,,,,Gold
Selco Mining Corporation Ltd. ,,,,,,,Uchi Lake ,Ontario,51.11175,-92.67899,1927,1979,,,,,,0,0,0,,,,Zinc
Upper Canada Mines Ltd. ,,,,,,,Dobie ,Ontario,48.14179,-79.8233,1928,1971,,,,,,0,0,0,,,,Gold
Ormiston Mining & Smelting Co. Ltd. ,,,,,,Horseshoe Lake or Osmiston,Ormiston ,Saskatchewan,49.719457,-105.3551453,1930,1999,,,,,,0,0,0,,,,Sodium Sulphate
Midwest Chemicals Ltd.,Millar Western Industries,,,,,Whiteshore Lake,Palo ,Saskatchewan,52.121963,-108.2868501,1934,2008,,,,,,0,0,0,,,,Sodium Sulphate
"Consolidated Mining and Smelting Co. of Canada Ltd., The (Cominco Ltd.)",Nerco Minerals Co.,,,,,Con and Rycons,Yellowknife ,Northwest Territories,62.43333333333333,-114.3666667,1938,2003,,,,,"(source1 (Silke),p.112): 
The Con Mine first achieved gold production in 1938 and was the founding industry of Yellowknife, NWT, the city that grew up nearby. Con closed in 2003 and the mine is now under remediation. 
By the fall of 1943, when the mine shutdown for the duration of World War II, the mine employed 170 people, 80 of which were married, 15 women, and 15 natives. There were also 40 children residing in the camp. 
Con Mine became unionized in 1947 when the Local 802 of the International Union of Mine, Mill and Smelter
Workers became organized. Con management disputed the organization, citing unreasonable wage demands during a difficult period for the mine 
Total employment at Con Mine during the late 1950s was approximately 190 (mine records).
In August 2003 it was announced that mining operations were phasing down to a November closure. On October 24th 2003, a first batch of layoffs resulted in a 67 man reduction in the workforce. Ninety-four men were laid off on November 28th closure, leaving about 40 to 50 men to stay and continue with surface and milling operations. (Miramar Mining Corp. Ltd. Annual Report, 2003)",1,0,0,,,,Gold
Mountain Minerals Ltd.,Mountain Mineral Co. Ltd.,,,,,,Parson/Invermere,British Columbia,51.025277,-116.65083,1944,1992,,,,,,0,0,0,,,,Barite
New Ryan Lake Mines Ltd.,,,,,,,,Ontario,47.97179,-80.69617,1948,1964,,,,,,0,0,0,,,,Copper
Saskatchewan Minerals (Sodium Sulphate Division) ,Kam-Kotia Mines Ltd. ,Dickenson Mines Ltd.,,,,,Fox Valley,Saskatchewan,50.460916,-106.6624941,1948,open,,,,,,0,0,0,,,,Sodium Sulphate
Cuprus Mines Ltd,,,,,,,,Manitoba,54.720555555555556,-101.7108333,1948,1954,,,,,,0,0,0,,,,Silver
Cuprus Mines Ltd,,,,,,,,Manitoba,54.720555555555556,-101.7108333,1948,1954,,,,,,0,0,0,,,,Gold
Cuprus Mines Ltd,,,,,,,,Manitoba,54.720555555555556,-101.7108333,1948,1954,,,,,,0,0,0,,,,Zinc
Cuprus Mines Ltd,,,,,,,,Manitoba,54.720555555555556,-101.7108333,1948,1954,,,,,,0,0,0,,,,Copper
"Argonaut Mining Co. Ltd., The",Utah Co. of the Americas,,,,,Argonault Division,,British Columbia,49.862222,-125.54583,1951,1956,,,,,,0,0,0,,,,Limestone
"Argonaut Mining Co. Ltd., The",Utah Co. of the Americas,,,,,Argonault Division,,British Columbia,49.862222,-125.54583,1951,1956,,,,,,0,0,0,,,,Garnet
"Argonaut Mining Co. Ltd., The",Utah Co. of the Americas,,,,,Argonault Division,,British Columbia,49.862222,-125.54583,1951,1956,,,,,,0,0,0,,,,Iron
"Argonaut Mining Co. Ltd., The",Utah Co. of the Americas,,,,,Argonault Division,,British Columbia,49.862222,-125.54583,1951,1956,,,,,,0,0,0,,,,Magnetite
Flintkote Co. Of Canada Ltd.,Domtar Inc.,,,,,Flat Bay,St. Georges,Newfoundland-and-Labrador,48.38319658,-58.56058617,1952,2019,,,,,"60 workers (1988-1994)- Domtar Inc. operated from 1988 through to 1994 and under its subsidiary, St. George's Gypsum Mines Inc. form 1988-1990. Estimated annual employment was 60 people. The mine, which was located in Flat Bay, produced gypsum.",0,0,0,,,,Gypsum
Canadian Dyno Mines Ltd.,,,,,,Dyno,,Ontario,44.95006,-78.09776,1955,1960,,,,,,0,0,0,,,,Uranium
Howe Sound Co. Ltd.,Anaconda Co. (Canada) Ltd.,,,,,,Britannia Beach ,British Columbia,49.554722,-123.40083,1955,1963,,,,,,0,0,0,,,,Flagstone
Howe Sound Co. Ltd.,Anaconda Co. (Canada) Ltd.,,,,,,Britannia Beach ,British Columbia,49.554722,-123.40083,1955,1963,,,,,,0,0,0,,,,Dimension Stone
Howe Sound Co. Ltd.,Anaconda Co. (Canada) Ltd.,,,,,,Britannia Beach ,British Columbia,49.554722,-123.40083,1955,1963,,,,,,0,0,0,,,,Slate
Howe Sound Co. Ltd.,Anaconda Co. (Canada) Ltd.,,,,,,Britannia Beach ,British Columbia,49.554722,-123.40083,1955,1963,,,,,,0,0,0,,,,Building Stone
Consolidated Nicholson Mines Ltd.,,,,,,,,Saskatchewan,59.457769,-108.4322283,1955,1959,,,,,,0,0,0,,,,Uranium
Geco Mines Ltd. ,Noranda Mines Ltd.,,,,,Geco,Manitouwadge ,Ontario,49.15576,-85.79033,1957,1957,,,,,,0,0,0,,,,Zinc
Coleman Collieries Ltd. ,,,,,,,Coleman,Alberta,49.80767402,-114.5248106,1957,1981,,,,,,0,0,0,,,,Coal
"International Nickel Co. of Canada Ltd., The ",Inco,,,,,Thompson,Thompson ,Manitoba,55.71861111,-97.85388889,1957,1982,,,,,,0,0,0,,,,Nickel
"International Nickel Co. of Canada Ltd., The ",Inco,,,,,Thompson,Thompson ,Manitoba,55.71861111,-97.85388889,1957,1982,,,,,,0,0,0,,,,Cobalt
"International Nickel Co. of Canada Ltd., The ",Inco,,,,,Thompson,Thompson ,Manitoba,55.71861111,-97.85388889,1957,1982,,,,,,0,0,0,,,,Gold
"International Nickel Co. of Canada Ltd., The ",Inco,,,,,Thompson,Thompson ,Manitoba,55.71861111,-97.85388889,1957,1982,,,,,,0,0,0,,,,Copper
"International Nickel Co. of Canada Ltd., The ",Inco,,,,,Thompson,Thompson ,Manitoba,55.71861111,-97.85388889,1957,1982,,,,,,0,0,0,,,,Silver
"International Nickel Co. of Canada Ltd., The ",Inco,,,,,Thompson,Thompson ,Manitoba,55.71861111,-97.85388889,1957,1982,,,,,,0,0,0,,,,Platinum
Rio Algom Mines Ltd. ,Stanleigh Uranium Mines Ltd.,Buckles Algoma Uranium Mines Limited,,,,Stanleigh,Elliot Lake ,Ontario,46.413519,-82.63735,1958,1961,1983,1996,,,Abandoned : The site has been rehabilitated and is currently undergoing environmental monitoring.,0,0,0,,,,Uranium
Taurus Resources Ltd.,,,,,,,McDame Lake,British Columbia,59.274443,-129.68944,1960,1988,,,,,,0,0,0,,,,Copper
Taurus Resources Ltd.,,,,,,,McDame Lake,British Columbia,59.274443,-129.68944,1960,1988,,,,,,0,0,0,,,,Silver
Taurus Resources Ltd.,,,,,,,McDame Lake,British Columbia,59.274443,-129.68944,1960,1988,,,,,,0,0,0,,,,Zinc
Taurus Resources Ltd.,,,,,,,McDame Lake,British Columbia,59.274443,-129.68944,1960,1988,,,,,,0,0,0,,,,Gold
Mt. Washington Copper Co. Ltd.,,,,,,,,British Columbia,49.763333,-125.30222,1964,1966,,,,,,0,0,0,,,,Lead
Mt. Washington Copper Co. Ltd.,,,,,,,,British Columbia,49.763333,-125.30222,1964,1966,,,,,,0,0,0,,,,Gold
Mt. Washington Copper Co. Ltd.,,,,,,,,British Columbia,49.763333,-125.30222,1964,1966,,,,,,0,0,0,,,,Copper
Mt. Washington Copper Co. Ltd.,,,,,,,,British Columbia,49.763333,-125.30222,1964,1966,,,,,,0,0,0,,,,Silver
Mt. Washington Copper Co. Ltd.,,,,,,,,British Columbia,49.763333,-125.30222,1964,1966,,,,,,0,0,0,,,,Molybdenum
Mt. Washington Copper Co. Ltd.,,,,,,,,British Columbia,49.763333,-125.30222,1964,1966,,,,,,0,0,0,,,,Arsenic
Mt. Washington Copper Co. Ltd.,,,,,,,,British Columbia,49.763333,-125.30222,1964,1966,,,,,,0,0,0,,,,Zinc
Granduc Mines Ltd. ,Newmont Mines Ltd.,Canada Wide Mines Ltd.,,,,,Stewart ,British Columbia,56.211111,-130.34499,1964,1984,,,,,,0,0,0,,,,Lead
Granduc Mines Ltd. ,Newmont Mines Ltd.,Canada Wide Mines Ltd.,,,,,Stewart ,British Columbia,56.211111,-130.34499,1964,1984,,,,,,0,0,0,,,,Cobalt
Granduc Mines Ltd. ,Newmont Mines Ltd.,Canada Wide Mines Ltd.,,,,,Stewart ,British Columbia,56.211111,-130.34499,1964,1984,,,,,,0,0,0,,,,Gold
Granduc Mines Ltd. ,Newmont Mines Ltd.,Canada Wide Mines Ltd.,,,,,Stewart ,British Columbia,56.211111,-130.34499,1964,1984,,,,,,0,0,0,,,,Copper
Granduc Mines Ltd. ,Newmont Mines Ltd.,Canada Wide Mines Ltd.,,,,,Stewart ,British Columbia,56.211111,-130.34499,1964,1984,,,,,,0,0,0,,,,Silver
Granduc Mines Ltd. ,Newmont Mines Ltd.,Canada Wide Mines Ltd.,,,,,Stewart ,British Columbia,56.211111,-130.34499,1964,1984,,,,,,0,0,0,,,,Zinc
Tundra Gold Mines Ltd,,,,,,,,Northwest Territories,64.0375,-111.1791667,1964,1968,,,,,"The site was completely remediation by a government-funded program in the spring and summer of 2007. 
The camp consisted of two large buildings making up the accommodation complex. The 2-story bunkhouse had room for 62 single men, plus a small hospital, laundromat, and four staff residences for married couples. The Personal Services Building contained cookery, commissary, recreation hall, gymnasium, staff quarters, and library. The two camp buildings were connected by a short arctic-corridor, and the rest of the buildings onsite were connected by rope (life-lines) so that men would not get lost in blizzards walking to work. The mine manager had his own residence on site, and in 1964-1965 trailer units were brought in on winter road to provide additional family housing. In 1965, there were eight families residing on site. A crew of about 100 to 120 persons worked on the site. Jack Boulding was mine manager at the start of production, but was forced to retire in May 1965 due to illness. Len Dixon replaced him as manager at Tundra Mine"" (Byrne et al., 1964 cited by source1 (Silke), p.493)
 ""1968 Closure Worsening economic conditions in late 1967 convinced company officials that the Tundra Mine could no longer operate profitably. Increased costs, depressed gold market, and operational handicaps were the primary factors. The mine was closed in January 1968. On January 6th 1968 the last ore was hoisted, and the mill circuit was cleaned out to recover any remaining gold values. Most usable equipment was sent to Discovery Mine over the winter road. About 5,000 tons of broken ore remained underground, considered too low-grade for treatment in 1968. A substantial rise in the price of gold was considered necessary to reactivate the property"" (Tundra Gold Mines Ltd. Annual Report, 1968 cited by source1 (Silke), p.495)",1,0,0,,,,Gold
Echo Bay Mines Ltd. ,Cominco Limited (1933-1936),,,,,,Port Radium ,Northwest Territories,66.09583333333333,-117.9916667,1964,1974,,,,,"The mine was also in operation from 1934 to 1936. 
First underground exploration of the silver deposits occurred in the 1930s, and in 1964 the mine was brought into production. In 1976, the old Eldorado Mine was reopened and mined for its silver content when Echo Bay ores were depleted. Following the closure of the Port Radium operations in 1982, the Eldorado Mine and Echo Bay Mines were cleaned up.
CAUSE: Underground development on two adit levels began in 1933, but work ceased when the price of silver collapsed. The site remained closed until 1964 when Echo Bay Mines Limited reopened the mine workings. Silver and copper was produced from 1964 until 1976 when the orebody was depleted.
SCALE: A total of 103 persons were employed at the mine at that date. The camp consisted of two-story bunkhouses, cookery, and recreation hall, previously occupied by Eldorado Mine at Port Radium (The Western Miner, August 1968)",1,0,0,,,,Silver
Echo Bay Mines Ltd. ,Cominco Limited (1933-1936),,,,,,Port Radium ,Northwest Territories,66.09583333333333,-117.9916667,1964,1974,,,,,"The mine was also in operation from 1934 to 1936. 
First underground exploration of the silver deposits occurred in the 1930s, and in 1964 the mine was brought into production. In 1976, the old Eldorado Mine was reopened and mined for its silver content when Echo Bay ores were depleted. Following the closure of the Port Radium operations in 1982, the Eldorado Mine and Echo Bay Mines were cleaned up.
CAUSE: Underground development on two adit levels began in 1933, but work ceased when the price of silver collapsed. The site remained closed until 1964 when Echo Bay Mines Limited reopened the mine workings. Silver and copper was produced from 1964 until 1976 when the orebody was depleted.
SCALE: A total of 103 persons were employed at the mine at that date. The camp consisted of two-story bunkhouses, cookery, and recreation hall, previously occupied by Eldorado Mine at Port Radium (The Western Miner, August 1968)",1,0,0,,,,Copper
Baskatong Quartz Products Ltd.,,,,,,,Grand Remous ,Quebec,46.78468893,-75.87219071,1965,1977,,,,,,0,0,0,,,,Silica
Noranda Mines Ltd. ,Noranda Inc.,,,,,Boss Mountain Division,Hendrix Lake,British Columbia,52.096666,-120.9075,1965,1983,,,,,,0,0,0,,,,Rhenium
Noranda Mines Ltd. ,Noranda Inc.,,,,,Boss Mountain Division,Hendrix Lake,British Columbia,52.096666,-120.9075,1965,1983,,,,,,0,0,0,,,,Copper
Noranda Mines Ltd. ,Noranda Inc.,,,,,Boss Mountain Division,Hendrix Lake,British Columbia,52.096666,-120.9075,1965,1983,,,,,,0,0,0,,,,Silver
Noranda Mines Ltd. ,Noranda Inc.,,,,,Boss Mountain Division,Hendrix Lake,British Columbia,52.096666,-120.9075,1965,1983,,,,,,0,0,0,,,,Molybdenum
Noranda Mines Ltd. ,Noranda Inc.,,,,,Boss Mountain Division,Hendrix Lake,British Columbia,52.096666,-120.9075,1965,1983,,,,,,0,0,0,,,,Bismuth
Noranda Mines Ltd. ,Noranda Inc.,,,,,Boss Mountain Division,Hendrix Lake,British Columbia,52.096666,-120.9075,1965,1983,,,,,,0,0,0,,,,Tungsten
Noranda Mines Ltd. ,Noranda Inc.,,,,,Boss Mountain Division,Hendrix Lake,British Columbia,52.096666,-120.9075,1965,1983,,,,,,0,0,0,,,,Zinc
C.H. Nichols ,,,,,,,Minto ,New Brunswick,46.07595292,-66.0748075,1966,1969,,,,,Minor occurrence (limited to no exploration work),0,0,0,,,,Coal
Big Nama Creek Mines Ltd.,,,,,,,Manitouwadge ,Ontario,49.16603,-85.84594,1967,1968,,,,,,0,0,0,,,,Copper
Maritimes Mining Corp. Ltd.,First Maritime Mining Corp Ltd.,,,,,Gull Pond ,Gull Pond ,Newfoundland-and-Labrador,49.19843626,-56.15501636,1967,1971,,,,,205 workers,0,0,0,,,,Zinc
Maritimes Mining Corp. Ltd.,First Maritime Mining Corp Ltd.,,,,,Gull Pond ,Gull Pond ,Newfoundland-and-Labrador,49.19843626,-56.15501636,1967,1971,,,,,205 workers,0,0,0,,,,Lead
Maritimes Mining Corp. Ltd.,First Maritime Mining Corp Ltd.,,,,,Gull Pond ,Gull Pond ,Newfoundland-and-Labrador,49.19843626,-56.15501636,1967,1971,,,,,205 workers,0,0,0,,,,Iron
Maritimes Mining Corp. Ltd.,First Maritime Mining Corp Ltd.,,,,,Gull Pond ,Gull Pond ,Newfoundland-and-Labrador,49.19843626,-56.15501636,1967,1971,,,,,205 workers,0,0,0,,,,Copper
Cliffs of Canada Ltd.,Dofasco Inc.,,,,,Shermans,Temagami,Ontario,47.06726,-79.84031,1968,1990,,,,,,0,0,0,,,,Iron
Alwinsal Potash of Canada Ltd.,Potash Corporation of Saskatchewan (Laniga Division),,,,,Lanigan Division,Lanigan ,Saskatchewan,51.849207,-105.1962081,1968,open,,,,,,0,0,0,,,,Potash
"Jameland Mines Ltd., ",,,,,,,Timmins ,Ontario,48.57813,-81.58804,1969,1971,,,,,,0,0,0,,,,Copper
Cominco Ltd.,,,,,,Vanscoy ,Vanscoy,Saskatchewan,52.004765,-107.0739183,1969,open,,,,,,0,0,0,,,,Potash
Alberta Sulphate Ltd.,,,,,,,Metiskow ,Alberta,52.40542312,-110.6331424,1970,1991,,,,,,0,0,0,,,,Sodium Sulphate
Hudson Bay Mining and Smelting Co. Ltd. ,Dickstone Copper Mines Ltd.,,,,,,Morton Lake-Herb Lake ,Manitoba,54.855000000000004,-100.49,1970,1974,,,,,,0,0,0,,,,Zinc
Hudson Bay Mining and Smelting Co. Ltd. ,Dickstone Copper Mines Ltd.,,,,,,Morton Lake-Herb Lake ,Manitoba,54.855000000000004,-100.49,1970,1974,,,,,,0,0,0,,,,Copper
Venus Mines Ltd.,,,,,,Venus,Carcross,Yukon,60.025,-134.6347222,1970,1971,1980,1982,1980,1982,The mine was also in operation from 1906 to 1911,0,0,0,,,,Silver
Venus Mines Ltd.,,,,,,Venus,Carcross,Yukon,60.025,-134.6347222,1970,1971,1980,1982,1980,1982,The mine was also in operation from 1906 to 1911,0,0,0,,,,Gold
Kaniche'e Mining Inc.,,,,,,Ajax or Kanichee,Temagami,Ontario,47.10385,-79.84555,1973,1976,,,,,"The Kanichee Mine zone has been explored and mined discontinuously from as early as 1910. During the 20th century, it operated and closed down at least three times, with the most recent being from 1973 to 1976. To date, the discontinuous operation of Kanichee Mine has produced 4.2 million pounds of metal.",0,0,0,,,,Copper
Hope Bay Mines Ltd.,,,,,,Robert's Bay - Ida Bay Silvers,Melville Sound/ Cambridge Bay,Nunavut,68.15,-106.6666667,1973,1975,,,,,"85,000 oz silver (small producer).",0,0,0,,,,Silver
Sill Lake Silver Mine Ltd.,,,,,,,Van Koughnet Twp.,Ontario,46.76779,-84.25805,1975,1985,,,,,,0,0,0,,,,Silver
Continental Lime Ltd.,Graymont Western Canada Inc.,,,,,Marble Canyon or Pavilion Lake,Pavilion Lake,British Columbia,50.817777,-121.65444,1975,2000,2016,,,,,0,0,0,,,,Limestone
Continental Lime Ltd.,Graymont Western Canada Inc.,,,,,Marble Canyon or Pavilion Lake,Pavilion Lake,British Columbia,50.817777,-121.65444,1975,2000,2016,,,,,0,0,0,,,,Aggregate
Smoky River Holdings Ltd.,,,,,,Smoky River,Grande Cache ,Alberta,54.02862025,-119.2595334,1976,2000,,,,,,0,0,0,,,,Coal
Ulster Petroleums Ltd.,Echo Bay Mines Limited,Ulster Petroleums Limited,,,,Contact Lake,Port Radium ,Northwest Territories,65.97916666666667,-117.7458333,1977,1977,,,,,small scale production,0,0,0,,,,Silver
Ulster Petroleums Ltd.,Echo Bay Mines Limited,Ulster Petroleums Limited,,,,Contact Lake,Port Radium ,Northwest Territories,65.97916666666667,-117.7458333,1977,1977,,,,,small scale production,0,0,0,,,,Copper
Mountain Minerals Co. Ltd.,Highwood Resources Ltd.,,,,,Moberly,Golden,British Columbia,51.371666,-116.96472,1980,2009,,,,,,0,0,0,,,,Silica
Mosquito Creek Gold Mining Corp. Ltd.,,,,,,,Wells,British Columbia,53.108333,-121.59722,1980,1987,,,,,,0,0,0,,,,Lead
Mosquito Creek Gold Mining Corp. Ltd.,,,,,,,Wells,British Columbia,53.108333,-121.59722,1980,1987,,,,,,0,0,0,,,,Gold
Mosquito Creek Gold Mining Corp. Ltd.,,,,,,,Wells,British Columbia,53.108333,-121.59722,1980,1987,,,,,,0,0,0,,,,Silver
Mosquito Creek Gold Mining Corp. Ltd.,,,,,,,Wells,British Columbia,53.108333,-121.59722,1980,1987,,,,,,0,0,0,,,,Tungsten
Mosquito Creek Gold Mining Corp. Ltd.,,,,,,,Wells,British Columbia,53.108333,-121.59722,1980,1987,,,,,,0,0,0,,,,Zinc
Klondike,Teck Corporation,,,,,Klondike Operations,Whitehorse,Yukon,60.73673403,-135.0834051,1980,1998,,,,,,0,0,0,,,,Gold
Hudson Bay Mining and Smelting Co. Ltd.,,,,,,Trout Lake (Embury Lake),Flin Flon ,Manitoba,54.81944444444445,-101.8111111,1981,2002,2007,2012,,,,0,0,0,,,,Silver
Hudson Bay Mining and Smelting Co. Ltd.,,,,,,Trout Lake (Embury Lake),Flin Flon ,Manitoba,54.81944444444445,-101.8111111,1981,2002,2007,2012,,,,0,0,0,,,,Gold
Hudson Bay Mining and Smelting Co. Ltd.,,,,,,Trout Lake (Embury Lake),Flin Flon ,Manitoba,54.81944444444445,-101.8111111,1981,2002,2007,2012,,,,0,0,0,,,,Zinc
Hudson Bay Mining and Smelting Co. Ltd.,,,,,,Trout Lake (Embury Lake),Flin Flon ,Manitoba,54.81944444444445,-101.8111111,1981,2002,2007,2012,,,,0,0,0,,,,Copper
Scottie Gold Mines Ltd.,,,,,,,Stewart,British Columbia,56.219721,-130.09527,1981,1984,,,,,,0,0,0,,,,Lead
Scottie Gold Mines Ltd.,,,,,,,Stewart,British Columbia,56.219721,-130.09527,1981,1984,,,,,,0,0,0,,,,Copper
Scottie Gold Mines Ltd.,,,,,,,Stewart,British Columbia,56.219721,-130.09527,1981,1984,,,,,,0,0,0,,,,Gold
Scottie Gold Mines Ltd.,,,,,,,Stewart,British Columbia,56.219721,-130.09527,1981,1984,,,,,,0,0,0,,,,Silver
Scottie Gold Mines Ltd.,,,,,,,Stewart,British Columbia,56.219721,-130.09527,1981,1984,,,,,,0,0,0,,,,Zinc
Cominco Ltd.,Cominco Ltd. and Teck Corporation,,,,,Polaris,Little Cornwallis Island - Resolute Bay,Nunavut,75.39,-96.9,1981,2002,,,,,"2.694 Mt zinc, 0.724 Mt lead from 20.107 Mt of processed ore (Harrison, 2016). Deposit grade of 13.4% Zn, 3.6% Pb (17.0% metal), depleted, mine site reclaimed (major producer).",0,0,0,,,,Lead
Cominco Ltd.,Cominco Ltd. and Teck Corporation,,,,,Polaris,Little Cornwallis Island - Resolute Bay,Nunavut,75.39,-96.9,1981,2002,,,,,"2.694 Mt zinc, 0.724 Mt lead from 20.107 Mt of processed ore (Harrison, 2016). Deposit grade of 13.4% Zn, 3.6% Pb (17.0% metal), depleted, mine site reclaimed (major producer).",0,0,0,,,,Zinc
Carolin Mines Ltd.,,,,,,,Hope,British Columbia,49.508611,-121.28888,1982,1984,,,,,,0,0,0,,,,Silver
Carolin Mines Ltd.,,,,,,,Hope,British Columbia,49.508611,-121.28888,1982,1984,,,,,,0,0,0,,,,Zinc
Carolin Mines Ltd.,,,,,,,Hope,British Columbia,49.508611,-121.28888,1982,1984,,,,,,0,0,0,,,,Copper
Carolin Mines Ltd.,,,,,,,Hope,British Columbia,49.508611,-121.28888,1982,1984,,,,,,0,0,0,,,,Gold
Echo Bay Mines Ltd.,,,,,,Lupin,Contwoyto Lake - Kugluktuk,Nunavut,65.75,-111.25,1982,2004,,,,,"3.36 Moz gold from 1.2 Mt of processed ore, mill-head grade of 8.9 g/t Au. Mine site and infrastructure still in place due to mining industry ownership since closure (major producer).",0,0,0,,,,Gold
Teck Corporation Ltd.,Teck-Bullmoose Coal Inc.,Teck Corporation Billiton Copper Holdings Inc. And Nissho Iwai Coal Development (Canada) Ltd.,,,,Bullmoose,Tumbler Ridge,British Columbia,55.118332,-121.49472,1983,2002,,,,,,0,0,0,,,,Coal
International Marble and Stone Co. Ltd.,,,,,,,Creston,British Columbia,49.09714107,-116.5130921,1985,open,,,,,,0,0,0,,,,Limestone
International Marble and Stone Co. Ltd.,,,,,,,Creston,British Columbia,49.09714107,-116.5130921,1985,open,,,,,,0,0,0,,,,Talc
Blackdome mining Corp.,"Claimstaker Resources Ltd., MCM Minerals Ltd. And Petro Plus Inc.",,,,,Blackdome,Clinton,British Columbia,51.323888,-122.48999,1986,1990,,,,,,0,0,0,,,,Lead
Blackdome mining Corp.,"Claimstaker Resources Ltd., MCM Minerals Ltd. And Petro Plus Inc.",,,,,Blackdome,Clinton,British Columbia,51.323888,-122.48999,1986,1990,,,,,,0,0,0,,,,Copper
Blackdome mining Corp.,"Claimstaker Resources Ltd., MCM Minerals Ltd. And Petro Plus Inc.",,,,,Blackdome,Clinton,British Columbia,51.323888,-122.48999,1986,1990,,,,,,0,0,0,,,,Gold
Blackdome mining Corp.,"Claimstaker Resources Ltd., MCM Minerals Ltd. And Petro Plus Inc.",,,,,Blackdome,Clinton,British Columbia,51.323888,-122.48999,1986,1990,,,,,,0,0,0,,,,Silver
Blackdome mining Corp.,"Claimstaker Resources Ltd., MCM Minerals Ltd. And Petro Plus Inc.",,,,,Blackdome,Clinton,British Columbia,51.323888,-122.48999,1986,1990,,,,,,0,0,0,,,,Selenium
Blackdome mining Corp.,"Claimstaker Resources Ltd., MCM Minerals Ltd. And Petro Plus Inc.",,,,,Blackdome,Clinton,British Columbia,51.323888,-122.48999,1986,1990,,,,,,0,0,0,,,,Zinc
Sherritt Gordon Mines Ltd. ,LynnGold Resources Inc.,,,,,MacLellan,Lynn Lake ,Manitoba,56.88527777777778,-100.9391667,1986,1989,,,,,,0,0,0,,,,Silver
Sherritt Gordon Mines Ltd. ,LynnGold Resources Inc.,,,,,MacLellan,Lynn Lake ,Manitoba,56.88527777777778,-100.9391667,1986,1989,,,,,,0,0,0,,,,Gold
Pioneer Metals Corporation,,,,,,Puffy Lake,,Manitoba,55.03472222222222,-100.9916667,1987,1989,,,,,,0,0,0,,,,Gold
Candorado Mines Ltd. ,,,,,,Hedley,Hedley,British Columbia,49.346666,-120.07583,1988,1993,,,,,,0,0,0,,,,Silver
Candorado Mines Ltd. ,,,,,,Hedley,Hedley,British Columbia,49.346666,-120.07583,1988,1993,,,,,,0,0,0,,,,Gold
Cheni Gold Mines Inc.,,,,,,,Lawyers Mine,British Columbia,57.338333,-127.18027,1989,1992,,,,,,0,0,0,,,,Lead
Cheni Gold Mines Inc.,,,,,,,Lawyers Mine,British Columbia,57.338333,-127.18027,1989,1992,,,,,,0,0,0,,,,Copper
Cheni Gold Mines Inc.,,,,,,,Lawyers Mine,British Columbia,57.338333,-127.18027,1989,1992,,,,,,0,0,0,,,,Gold
Cheni Gold Mines Inc.,,,,,,,Lawyers Mine,British Columbia,57.338333,-127.18027,1989,1992,,,,,,0,0,0,,,,Silver
Cheni Gold Mines Inc.,,,,,,,Lawyers Mine,British Columbia,57.338333,-127.18027,1989,1992,,,,,,0,0,0,,,,Zinc
Richmont Mines Inc.,,,,,,Hammerdown,Baie Verte ,Newfoundland-and-Labrador,49.55283141,-56.24667802,2000,2004,,,,,80 workers,0,0,0,,,,Silver
Richmont Mines Inc.,,,,,,Hammerdown,Baie Verte ,Newfoundland-and-Labrador,49.55283141,-56.24667802,2000,2004,,,,,80 workers,0,0,0,,,,Gold
Western Canadian Coal Corporation,"Walter Energy, Inc.",Conuma Coal Resources Ltd.,,,,Dillon or Brule,Tumbler Ridge,British Columbia,55.386666,-121.81999,2004,2007,2014,2016,,,,0,0,0,,,,Coal
Duval Corp. of Canada,Potash Corporation of Saskatchewan Cory Ltd.,"Potash Corporation of Saskatchewan Inc., (Cory Division)",,,,Cory Division,Saskatoon ,Saskatchewan,52.089095,-106.8669061,2005,open,,,,,,0,0,0,,,,Potash
Inco Limited,,,,,,Voisey's Bay,Voisey's Bay,Newfoundland-and-Labrador,56.33134427,-62.09705672,2005,open,,,,,,0,0,0,,,,Nickel
Inco Limited,,,,,,Voisey's Bay,Voisey's Bay,Newfoundland-and-Labrador,56.33134427,-62.09705672,2005,open,,,,,,0,0,0,,,,Cobalt
Inco Limited,,,,,,Voisey's Bay,Voisey's Bay,Newfoundland-and-Labrador,56.33134427,-62.09705672,2005,open,,,,,,0,0,0,,,,Copper
Tahera Diamond Corp,,,,,,Jericho Diamond,Kugluktuk,Nunavut,65.99722222222222,-111.475,2006,2008,,,,,"0.78 M carats of diamonds from 1.2 Mt @ 0.65 cpt from open pit to -100 m, sold for $95-$105/carat. Production figures returned 24% less grade and 31% less value than -280 m resource of 5.525 Mt @ 0.85 cpt valued at $145/carat. Open-pit and mine site rehabilitation performed by federal government (modest producer).",0,0,0,,,,Diamond
Saskatchewan Power Corp.,Luscar Ltd.,,,,,Poplar River,Coronach,Saskatchewan,49.089639,-105.4519726,2011,open,,,,,,0,0,0,,,,Coal
Burnt Hill Tungsten and Metallurgical Ltd. ,,,,,,,,New Brunswick,46.56722222,-66.81388889,1868,1956,,,,,,1,1,0,,,,Molybdenum
Burnt Hill Tungsten and Metallurgical Ltd. ,,,,,,,,New Brunswick,46.56722222,-66.81388889,1868,1956,,,,,,1,1,0,,,,Tin
Burnt Hill Tungsten and Metallurgical Ltd. ,,,,,,,,New Brunswick,46.56722222,-66.81388889,1868,1956,,,,,,1,1,0,,,,Tungsten
"Canadian Salt Co. Ltd., The ",,,,,,,Windsor ,Ontario,42.28071,-83.08224,1893,open,,,,,This facility employs 110 and estimates their sales at $25–50 million a year.,1,1,0,,,,Salt
Miller Creek Concessions,Miller Creek Placers,,,,,,Mayo,Yukon,63.59427221,-135.8975643,1895,1953,,,,,about 125 workers,1,1,1,https://tile.loc.gov/storage-services/public/gdcmassbookdig/guidetoyukongold00wils/guidetoyukongold00wils.pdf,https://emrlibrary.gov.yk.ca/ygs/ebooks/yukon-mineral-industry-1941-59.pdf,https://publications.gc.ca/collections/collection_2015/aadnc-aandc/R71-9-1959-1-fra.pdf,Gold
Vale Canada Limited,,,,,,Frood or Stobie,,Ontario,46.5402,-80.9933,1900,2017,,,,,,1,1,1,https://www.cbc.ca/news/canada/sudbury/stobie-mine-demolition-1.5760846,https://www.mindat.org/loc-11253.html,,Nickel
Vale Canada Limited,,,,,,Frood or Stobie,,Ontario,46.5402,-80.9933,1900,2017,,,,,,1,1,1,https://www.cbc.ca/news/canada/sudbury/stobie-mine-demolition-1.5760846,https://www.mindat.org/loc-11253.html,,Tellurium
Vale Canada Limited,,,,,,Frood or Stobie,,Ontario,46.5402,-80.9933,1900,2017,,,,,,1,1,1,https://www.cbc.ca/news/canada/sudbury/stobie-mine-demolition-1.5760846,https://www.mindat.org/loc-11253.html,,Cobalt
Vale Canada Limited,,,,,,Frood or Stobie,,Ontario,46.5402,-80.9933,1900,2017,,,,,,1,1,1,https://www.cbc.ca/news/canada/sudbury/stobie-mine-demolition-1.5760846,https://www.mindat.org/loc-11253.html,,Gold
Vale Canada Limited,,,,,,Frood or Stobie,,Ontario,46.5402,-80.9933,1900,2017,,,,,,1,1,1,https://www.cbc.ca/news/canada/sudbury/stobie-mine-demolition-1.5760846,https://www.mindat.org/loc-11253.html,,Copper
Vale Canada Limited,,,,,,Frood or Stobie,,Ontario,46.5402,-80.9933,1900,2017,,,,,,1,1,1,https://www.cbc.ca/news/canada/sudbury/stobie-mine-demolition-1.5760846,https://www.mindat.org/loc-11253.html,,Silver
Vale Canada Limited,,,,,,Frood or Stobie,,Ontario,46.5402,-80.9933,1900,2017,,,,,,1,1,1,https://www.cbc.ca/news/canada/sudbury/stobie-mine-demolition-1.5760846,https://www.mindat.org/loc-11253.html,,Selenium
Vale Canada Limited,,,,,,Frood or Stobie,,Ontario,46.5402,-80.9933,1900,2017,,,,,,1,1,1,https://www.cbc.ca/news/canada/sudbury/stobie-mine-demolition-1.5760846,https://www.mindat.org/loc-11253.html,,Platinum
Brinco Mining Ltd.,San Antonio Gold Mines Ltd.,Harmony Gold (Canada) Inc.,,,,Rice Lake,Bissett,Manitoba,51.01777777777777,-95.66777778,1932,1968,1997,2015,,,,1,1,1,https://www.manitoba.ca/iem/min-ed/mbhistory/mininv/273.htm,,,Gold
Lamaque Gold Mines Ltd.,Teck Corporation ,Century Mining Corporation,White Tiger Gold Ltd.,,,Lamarque,Bourlamaque ,Quebec,48.1005,-77.7594,1935,1985,2007,2008,2010,2012,"In the 1973's 900A Map, this mine is reported as Lamaque Mining Co. Ltd.",1,1,1,https://www.pc.gc.ca/apps/dfhd/page_nhs_eng.aspx?id=13338,https://depositum.uqat.ca/id/eprint/424/1/cahierhist6.pdf,,Gold
Teck-Corona Operating Corp.,Homestake Canada Inc. and Teck Corporation,Barrick Gold Corporation,Ardel Exploration,Teck Corp,,David Bell,Marathon ,Ontario,48.69583,-85.88293,1949,2014,,,,,,1,1,1,http://www.geologyontario.mndm.gov.on.ca/mndmfiles/mdi/data/records/MDI42C12NW00002.html,,,Gold
Blue Note Mining Inc.,Selco ,New Jersey Zinc,,,,Restigouche,,New Brunswick,47.5041,-66.5547,1954,1998,2007,2008,,,,1,1,1,https://www.mindat.org/loc-146662.html,https://books.google.ca/books/about/Restigouche_Mine_New_Brunswick_Developme.html?id=EUc8YgEACAAJ&redir_esc=y,,Silver
Blue Note Mining Inc.,Selco ,New Jersey Zinc,,,,Restigouche,,New Brunswick,47.5041,-66.5547,1954,1998,2007,2008,,,,1,1,1,https://www.mindat.org/loc-146662.html,https://books.google.ca/books/about/Restigouche_Mine_New_Brunswick_Developme.html?id=EUc8YgEACAAJ&redir_esc=y,,Lead
Blue Note Mining Inc.,Selco ,New Jersey Zinc,,,,Restigouche,,New Brunswick,47.5041,-66.5547,1954,1998,2007,2008,,,,1,1,1,https://www.mindat.org/loc-146662.html,https://books.google.ca/books/about/Restigouche_Mine_New_Brunswick_Developme.html?id=EUc8YgEACAAJ&redir_esc=y,,Zinc
Blue Note Mining Inc.,Selco ,New Jersey Zinc,,,,Restigouche,,New Brunswick,47.5041,-66.5547,1954,1998,2007,2008,,,,1,1,1,https://www.mindat.org/loc-146662.html,https://books.google.ca/books/about/Restigouche_Mine_New_Brunswick_Developme.html?id=EUc8YgEACAAJ&redir_esc=y,,Copper
Flintkote Co. Of Canada Ltd.,Galen Gypsum Mines Limited,,,,,Coal Brook,Division No. 4 (Flat Bay St. Georges),Newfoundland-and-Labrador,48.37336915,-58.452258,1961,2009,2017,open,,,Probably an opening and closure between 1987 and 2009,1,1,1,https://www.cbc.ca/news/canada/newfoundland-labrador/gypsum-mining-flat-bay-red-moon-resources-1.4816850,,,Gypsum
Kinross Gold Corporation ,Cross Lake Minerals Ltd.,Barkerville Gold Mines Ltd.,,,,QR,Quesnel,British Columbia,52.6717,-121.791,1996,1998,2007,2009,2010,2011,,1,1,1,https://minfile.gov.bc.ca/Summary.aspx?minfilno=093A++121,,,Pumice
Bell Asbestos Mines Ltd.,Societe nationale de I’amiante,,,,,Bell Asbestos,Thetford Mines ,Quebec,46.086168,-71.300829,1888,2008,,,,,"FR: Dans les années 1980, le gouvernement du Québec a créé la Société nationale de l’amiante (SNA) et a procédé à la nationalisation de la mine Bell et de la Société Asbestos Ltée (mines British-Canadian, King-Beaver, National et Normandie). Les actifs de la SNA ont été vendus en 1992 à la société Mazarin. De 1986 jusqu’à sa faillite en 2007, c’est la société en commandite LAB Chrysotile qui a exploité les deux seules mines encore en activité : Bell et Lac d’Amiante. La société en commandite LAB Chrysotile avait comme objectif de rationaliser la production et la vente d’amiante. La commandite constitue une forme de délégation de pouvoirs où les entreprises mettent leurs actifs en commun sans perdre leur identité et remettent à un responsable le soin de gérer les affaires à leur place. Ce mode de fonctionnement a engendré la fermeture définitive de la mine National, de la mine Normandie, de la mine King-Beaver et de la mine British-Canadian.",1,1,1,https://gq.mines.gouv.qc.ca/documents/examine/DV9301/DV9301.pdf,http://www.asbestoscorporation.com/files/BAPE%20memoire%20remis%20admin%2026-2-2020.pdf,,Chrysotile
Dominion Wabana Ore Ltd.,"Dominion Steel and Coal Corp. Ltd., Dominion Wabana Ore Division ",Dosco Industries Ltd.,,,,Wabanas Division,"Bell Island, Conception Bay, Avalon Peninsula in Newfoundland",Newfoundland-and-Labrador,47.64163614,-52.95309197,1895,1966,,,,,"Even with this closure, the population continued to rise and by 1951 had reached 10,291. Of these, 1,994 were employed in ore operations and 7,499 were their dependents. These mining families made up 95 percent of the Island’s population",1,1,1,https://www.historic-wabana.com/mining-history.html,https://www.heritage.nf.ca/articles/economy/bell-island-work.php,,Iron
"Consolidated Mining and Smelting Co. of Canada Ltd., The (Bluebell)",Cominco Ltd.,,,,,Bluebell,Riondel ,British Columbia,49.7625,-116.86083,1895,1971,,,,,,1,1,1,https://minfile.gov.bc.ca/summary.aspx?minfilno=082FNE043,,,Lead
"Consolidated Mining and Smelting Co. of Canada Ltd., The (Bluebell)",Cominco Ltd.,,,,,Bluebell,Riondel ,British Columbia,49.7625,-116.86083,1895,1971,,,,,,1,1,1,https://minfile.gov.bc.ca/summary.aspx?minfilno=082FNE043,,,Copper
"Consolidated Mining and Smelting Co. of Canada Ltd., The (Bluebell)",Cominco Ltd.,,,,,Bluebell,Riondel ,British Columbia,49.7625,-116.86083,1895,1971,,,,,,1,1,1,https://minfile.gov.bc.ca/summary.aspx?minfilno=082FNE043,,,Gold
"Consolidated Mining and Smelting Co. of Canada Ltd., The (Bluebell)",Cominco Ltd.,,,,,Bluebell,Riondel ,British Columbia,49.7625,-116.86083,1895,1971,,,,,,1,1,1,https://minfile.gov.bc.ca/summary.aspx?minfilno=082FNE043,,,Silver
"Consolidated Mining and Smelting Co. of Canada Ltd., The (Bluebell)",Cominco Ltd.,,,,,Bluebell,Riondel ,British Columbia,49.7625,-116.86083,1895,1971,,,,,,1,1,1,https://minfile.gov.bc.ca/summary.aspx?minfilno=082FNE043,,,Cadmium
"Consolidated Mining and Smelting Co. of Canada Ltd., The (Bluebell)",Cominco Ltd.,,,,,Bluebell,Riondel ,British Columbia,49.7625,-116.86083,1895,1971,,,,,,1,1,1,https://minfile.gov.bc.ca/summary.aspx?minfilno=082FNE043,,,Zinc
Canadian Gypsum Co. Ltd.,,,,,,,Hillsborough ,New Brunswick,45.92,-64.67,1911,1980,,,,,The mine was also in operation from 1888 to 1892.,1,1,1,https://www.ontarioabandonedplaces.com/new-brunswick/hillsborough/hillsborough-gypsum-mine,,,Gypsum
Keymet Mines Ltd,,,,,,Keymet,"Bathurst, Gloucester County",New Brunswick,47.80611111,-65.81083333,1913,1989,,,,,,1,1,1,https://www.onemine.org/document/abstract.cfm?docid=229847,,,Lead
Keymet Mines Ltd,,,,,,Keymet,"Bathurst, Gloucester County",New Brunswick,47.80611111,-65.81083333,1913,1989,,,,,,1,1,1,https://www.onemine.org/document/abstract.cfm?docid=229847,,,Gold
Keymet Mines Ltd,,,,,,Keymet,"Bathurst, Gloucester County",New Brunswick,47.80611111,-65.81083333,1913,1989,,,,,,1,1,1,https://www.onemine.org/document/abstract.cfm?docid=229847,,,Copper
Keymet Mines Ltd,,,,,,Keymet,"Bathurst, Gloucester County",New Brunswick,47.80611111,-65.81083333,1913,1989,,,,,,1,1,1,https://www.onemine.org/document/abstract.cfm?docid=229847,,,Silver
Keymet Mines Ltd,,,,,,Keymet,"Bathurst, Gloucester County",New Brunswick,47.80611111,-65.81083333,1913,1989,,,,,,1,1,1,https://www.onemine.org/document/abstract.cfm?docid=229847,,,Zinc
Western Tungsten Copper Mines Ltd. ,,,,,,Red Rose,,British Columbia,55.136667,-127.601,1914,1954,,,,,,1,1,1,https://cmscontent.nrs.gov.bc.ca/geoscience/publicationcatalogue/OpenFile/BCGS_OF2003-03.pdf,https://minfile.gov.bc.ca/summary.aspx?minfilno=093M%20%20067,,Tungsten
Western Tungsten Copper Mines Ltd. ,,,,,,Red Rose,,British Columbia,55.136667,-127.601,1914,1954,,,,,,1,1,1,https://cmscontent.nrs.gov.bc.ca/geoscience/publicationcatalogue/OpenFile/BCGS_OF2003-03.pdf,https://minfile.gov.bc.ca/summary.aspx?minfilno=093M%20%20067,,Copper
Darius Gold Mine Inc.,O'Brien Gold Mines Ltd. ,,,,,Darius O'Brien,Cadillac ,Quebec,48.234096,-78.403513,1933,1956,1978,1981,,,,1,1,1,https://depositum.uqat.ca/id/eprint/424/1/cahierhist6.pdf,,,Gold
Sullivan Consolidated Mines Ltd.,,,,,,,,Quebec,48.128947,-77.837575,1934,1968,,,,,different dates: https://depositum.uqat.ca/id/eprint/424/1/cahierhist6.pdf,1,1,1,,,,Silver
Sullivan Consolidated Mines Ltd.,,,,,,,,Quebec,48.128947,-77.837575,1934,1968,,,,,different dates: https://depositum.uqat.ca/id/eprint/424/1/cahierhist6.pdf,1,1,1,,,,Gold
Canadian Malartic Gold Mines Ltd.,,,,,,Canadian Malartic,,Quebec,48.11333,-78.13167,1935,1965,2011,open,,,,1,1,1,https://www.mindat.org/loc-256976.html,https://www.agnicoeagle.com/English/operations/operations/canadian-malartic/default.aspx,,Silver
Canadian Malartic Gold Mines Ltd.,,,,,,Canadian Malartic,,Quebec,48.11333,-78.13167,1935,1965,2011,open,,,,1,1,1,https://www.mindat.org/loc-256976.html,https://www.agnicoeagle.com/English/operations/operations/canadian-malartic/default.aspx,,Gold
Stadacona Mines (1994) Ltd.,,,,,,Stadacona,,Quebec,48.20611111,-79.03055556,1936,1958,,,,,,1,1,1,https://www.mindat.org/loc-256899.html,,,Gold
Hallnor Mines Ltd.,,,,,,Hallnor,Pamour ,Ontario,48.51889,-81.1426,1936,1970 (see note),,,,,1936-71: Hallnor Mines Ltd. - production and underground development work. 1971: production absorbed into Pamour production. ,1,1,1,http://www.geologyontario.mndm.gov.on.ca/mndmfiles/mdi/data/records/MDI42A11SE00019.html,,,Gold
Normetal Mining Corporation Ltd.,,,,,,Abana (Normetal),Normetal ,Quebec,49.00083,-79.36639,1937,1975,,,,,,1,1,1,https://www.mindat.org/loc-194599.html,,,Gold
Normetal Mining Corporation Ltd.,,,,,,Abana (Normetal),Normetal ,Quebec,49.00083,-79.36639,1937,1975,,,,,,1,1,1,https://www.mindat.org/loc-194599.html,,,Copper
Normetal Mining Corporation Ltd.,,,,,,Abana (Normetal),Normetal ,Quebec,49.00083,-79.36639,1937,1975,,,,,,1,1,1,https://www.mindat.org/loc-194599.html,,,Silver
Normetal Mining Corporation Ltd.,,,,,,Abana (Normetal),Normetal ,Quebec,49.00083,-79.36639,1937,1975,,,,,,1,1,1,https://www.mindat.org/loc-194599.html,,,Pyrite
Normetal Mining Corporation Ltd.,,,,,,Abana (Normetal),Normetal ,Quebec,49.00083,-79.36639,1937,1975,,,,,,1,1,1,https://www.mindat.org/loc-194599.html,,,Zinc
Barnat Mines Ltd.,,,,,,Mine Barnat (Sladen),Malartic ,Quebec,48.133513,-78.106684,1938,1970,1976,1979,2019,open,,1,1,1,https://www.agnicoeagle.com/English/operations/operations/canadian-malartic/default.aspx,https://depositum.uqat.ca/id/eprint/424/1/cahierhist6.pdf,,Tellurium
Barnat Mines Ltd.,,,,,,Mine Barnat (Sladen),Malartic ,Quebec,48.133513,-78.106684,1938,1970,1976,1979,2019,open,,1,1,1,https://www.agnicoeagle.com/English/operations/operations/canadian-malartic/default.aspx,https://depositum.uqat.ca/id/eprint/424/1/cahierhist6.pdf,,Lead
Barnat Mines Ltd.,,,,,,Mine Barnat (Sladen),Malartic ,Quebec,48.133513,-78.106684,1938,1970,1976,1979,2019,open,,1,1,1,https://www.agnicoeagle.com/English/operations/operations/canadian-malartic/default.aspx,https://depositum.uqat.ca/id/eprint/424/1/cahierhist6.pdf,,Copper
Barnat Mines Ltd.,,,,,,Mine Barnat (Sladen),Malartic ,Quebec,48.133513,-78.106684,1938,1970,1976,1979,2019,open,,1,1,1,https://www.agnicoeagle.com/English/operations/operations/canadian-malartic/default.aspx,https://depositum.uqat.ca/id/eprint/424/1/cahierhist6.pdf,,Gold
Barnat Mines Ltd.,,,,,,Mine Barnat (Sladen),Malartic ,Quebec,48.133513,-78.106684,1938,1970,1976,1979,2019,open,,1,1,1,https://www.agnicoeagle.com/English/operations/operations/canadian-malartic/default.aspx,https://depositum.uqat.ca/id/eprint/424/1/cahierhist6.pdf,,Silver
Barnat Mines Ltd.,,,,,,Mine Barnat (Sladen),Malartic ,Quebec,48.133513,-78.106684,1938,1970,1976,1979,2019,open,,1,1,1,https://www.agnicoeagle.com/English/operations/operations/canadian-malartic/default.aspx,https://depositum.uqat.ca/id/eprint/424/1/cahierhist6.pdf,,Iron
Malartic GoldField Ltd. ,,,,,,,,Quebec,48.1120389,-78.13148984,1939,1965,,,,,,1,1,1,https://depositum.uqat.ca/id/eprint/424/1/cahierhist6.pdf,https://www.communitystories.ca/v2/ruees-vers-lor-malartic_gold-rush/gallery/malartic-goldfield-limited-1939-1965/,,Gold
Tulsequah Mines Ltd.,Cominco,,,,,,,British Columbia,58.735833,-133.60111,1939,1957,,,,,,1,1,1,https://www2.gov.bc.ca/gov/content/environment/air-land-water/site-permitting-compliance/tulsequah-mine,,,Lead
Tulsequah Mines Ltd.,Cominco,,,,,,,British Columbia,58.735833,-133.60111,1939,1957,,,,,,1,1,1,https://www2.gov.bc.ca/gov/content/environment/air-land-water/site-permitting-compliance/tulsequah-mine,,,Gold
Tulsequah Mines Ltd.,Cominco,,,,,,,British Columbia,58.735833,-133.60111,1939,1957,,,,,,1,1,1,https://www2.gov.bc.ca/gov/content/environment/air-land-water/site-permitting-compliance/tulsequah-mine,,,Copper
Tulsequah Mines Ltd.,Cominco,,,,,,,British Columbia,58.735833,-133.60111,1939,1957,,,,,,1,1,1,https://www2.gov.bc.ca/gov/content/environment/air-land-water/site-permitting-compliance/tulsequah-mine,,,Silver
Tulsequah Mines Ltd.,Cominco,,,,,,,British Columbia,58.735833,-133.60111,1939,1957,,,,,,1,1,1,https://www2.gov.bc.ca/gov/content/environment/air-land-water/site-permitting-compliance/tulsequah-mine,,,Cadmium
Tulsequah Mines Ltd.,Cominco,,,,,,,British Columbia,58.735833,-133.60111,1939,1957,,,,,,1,1,1,https://www2.gov.bc.ca/gov/content/environment/air-land-water/site-permitting-compliance/tulsequah-mine,,,Zinc
Broughton Soapstone and Quarry Co. Ltd.,B.S.Q. Talc Inc.,Luzcan Inc.,Luzenac Inc.,,,,St-Pierre-de-Broughton,Quebec,46.26,-71.21889,1940,2001,,,,,"Formerly: Broughton Mine (Luzcan mine; Carrière rang XV), St-Pierre-de-Broughton (West Broughton), Mégantic Co., Québec, Canada

Situated just 1 km south of the Harvey Hill Mine on the 15th Rang (Rang XV) in St-Pierre-de-Broughton, Quebec. The mine is an open pit about 500 m long by 150 m wide, and 15 m deep. A former soapstone and talc mine extracting talc from talc/carbonate schist. The deposit is associated with the Black Lake - Thetford Mines ophiolitic complex. The last operator of the mine was Luzcan, the Canadian subsidiary of Group Luzenac. It should be noted that the former name of the town was West Broughton, which still exists in older literature. L'ancienne mine Broughton est située dans la municipalité de Saint-Pierre-de-Broughton. Son gisement, découvert en 1925, a été exploité pour la stéatite, communément appelé « pierre à savon ». La production à cette mine s'est faite de manière intermittente et par différentes compagnies dont la Broughton Soapstone and Quarry Company, Limited (Talc BSQ inc.). Le site contient une excavation mesurant 500 mètres de long sur 150 mètres de large et plus de 15 mètres de profond. Celle-ci n'est pas remplie d'eau, ce qui nous permet de constater les travaux qui y ont été effectués. Dans les dernières années de son exploitation, la roche riche en talc était extraite par simple rabotage au moyen d'une pelle hydraulique Caterpillar 235. L'exploitation était faite par tranches de 3 mètres de hauteur et les travaux effectués sur deux gradins. Il est possible de voir à certains endroits les traces dans la roche qu'a laissées la pelle hydraulique.

Le gisement exposé a la forme d'un croissant. Le gisement est surtout constitué de schiste à talc et à carbonates avec un coeur de serpentinite partiellement chloritisée, talcifiée et cabonatée. Le minerai exploité est un schiste à talc et à carbonates gris verdâtre à grains moyens ou grossier. En 1985, la compagnie Luzenac a acquis le site, mais celle-ci a cessé ses activités en 2001 en raison de la présence de fibres d'amiante dans le minerai.",1,1,1,https://www.mindat.org/loc-106225.html,https://www.patrimoine-culturel.gouv.qc.ca/rpcq/detail.do?methode=consulter&id=201119&type=bien,,Soapstones
Broughton Soapstone and Quarry Co. Ltd.,B.S.Q. Talc Inc.,Luzcan Inc.,Luzenac Inc.,,,,St-Pierre-de-Broughton,Quebec,46.26,-71.21889,1940,2001,,,,,"Formerly: Broughton Mine (Luzcan mine; Carrière rang XV), St-Pierre-de-Broughton (West Broughton), Mégantic Co., Québec, Canada

Situated just 1 km south of the Harvey Hill Mine on the 15th Rang (Rang XV) in St-Pierre-de-Broughton, Quebec. The mine is an open pit about 500 m long by 150 m wide, and 15 m deep. A former soapstone and talc mine extracting talc from talc/carbonate schist. The deposit is associated with the Black Lake - Thetford Mines ophiolitic complex. The last operator of the mine was Luzcan, the Canadian subsidiary of Group Luzenac. It should be noted that the former name of the town was West Broughton, which still exists in older literature. L'ancienne mine Broughton est située dans la municipalité de Saint-Pierre-de-Broughton. Son gisement, découvert en 1925, a été exploité pour la stéatite, communément appelé « pierre à savon ». La production à cette mine s'est faite de manière intermittente et par différentes compagnies dont la Broughton Soapstone and Quarry Company, Limited (Talc BSQ inc.). Le site contient une excavation mesurant 500 mètres de long sur 150 mètres de large et plus de 15 mètres de profond. Celle-ci n'est pas remplie d'eau, ce qui nous permet de constater les travaux qui y ont été effectués. Dans les dernières années de son exploitation, la roche riche en talc était extraite par simple rabotage au moyen d'une pelle hydraulique Caterpillar 235. L'exploitation était faite par tranches de 3 mètres de hauteur et les travaux effectués sur deux gradins. Il est possible de voir à certains endroits les traces dans la roche qu'a laissées la pelle hydraulique.

Le gisement exposé a la forme d'un croissant. Le gisement est surtout constitué de schiste à talc et à carbonates avec un coeur de serpentinite partiellement chloritisée, talcifiée et cabonatée. Le minerai exploité est un schiste à talc et à carbonates gris verdâtre à grains moyens ou grossier. En 1985, la compagnie Luzenac a acquis le site, mais celle-ci a cessé ses activités en 2001 en raison de la présence de fibres d'amiante dans le minerai.",1,1,1,https://www.mindat.org/loc-106225.html,https://www.patrimoine-culturel.gouv.qc.ca/rpcq/detail.do?methode=consulter&id=201119&type=bien,,Talc
Pembina Mountain Clays Ltd.,,,,,,,Morden ,Manitoba,49.21666666666667,-98.26666667,1940,1990,,,,,,1,1,1,https://mrsearch.gov.mb.ca/dbtw-wpd/exec/dbtwpub.dll?AC=GET_RECORD&XC=/dbtw-wpd/exec/dbtwpub.dll&BU=https%3A%2F%2Fmrsearch.gov.mb.ca%2FItm-cat%2Fweb%2Fminsearch.html&GI=&TN=mineralinventorycard&SN=AUTO14818&SE=245&RN=0&MR=0&TR=0&TX=1000&ES=0&XP=&RF=Web%3A+Brief&EF=Basic+Record+Form&DF=Viewing+PrintingWeb&RL=1&EL=1&DL=1&NP=3&ID=&MF=&DT=&ST=0&IR=749&NR=0&NB=0&SV=0&SS=1&BG=&FG=&QS=minsearch,,,Bentonite
Ascot Metals Corp. Ltd. ,,,,,,,,Quebec,45.34757,-71.905729,1942,1956,,,,,,1,1,1,https://publications.gc.ca/collections/Collection/M39-78-2001E.pdf,,,Silver
Ascot Metals Corp. Ltd. ,,,,,,,,Quebec,45.34757,-71.905729,1942,1956,,,,,,1,1,1,https://publications.gc.ca/collections/Collection/M39-78-2001E.pdf,,,Lead
Ascot Metals Corp. Ltd. ,,,,,,,,Quebec,45.34757,-71.905729,1942,1956,,,,,,1,1,1,https://publications.gc.ca/collections/Collection/M39-78-2001E.pdf,,,Zinc
Ascot Metals Corp. Ltd. ,,,,,,,,Quebec,45.34757,-71.905729,1942,1956,,,,,,1,1,1,https://publications.gc.ca/collections/Collection/M39-78-2001E.pdf,,,Copper
Manitou-Barvue Mines Ltds. ,Golden Manitou Mines Ltd. ,Louvem Mining Co. Inc ,,,,Manitou-Barvue,Val d’Or ,Quebec,48.087043,-77.609176,1942,1979,1992,1994,,,,1,1,1,https://depositum.uqat.ca/id/eprint/424/1/cahierhist6.pdf,https://www.mindat.org/loc-195155.html,,Lead
Manitou-Barvue Mines Ltds. ,Golden Manitou Mines Ltd. ,Louvem Mining Co. Inc ,,,,Manitou-Barvue,Val d’Or ,Quebec,48.087043,-77.609176,1942,1979,1992,1994,,,,1,1,1,https://depositum.uqat.ca/id/eprint/424/1/cahierhist6.pdf,https://www.mindat.org/loc-195155.html,,Gold
Manitou-Barvue Mines Ltds. ,Golden Manitou Mines Ltd. ,Louvem Mining Co. Inc ,,,,Manitou-Barvue,Val d’Or ,Quebec,48.087043,-77.609176,1942,1979,1992,1994,,,,1,1,1,https://depositum.uqat.ca/id/eprint/424/1/cahierhist6.pdf,https://www.mindat.org/loc-195155.html,,Copper
Manitou-Barvue Mines Ltds. ,Golden Manitou Mines Ltd. ,Louvem Mining Co. Inc ,,,,Manitou-Barvue,Val d’Or ,Quebec,48.087043,-77.609176,1942,1979,1992,1994,,,,1,1,1,https://depositum.uqat.ca/id/eprint/424/1/cahierhist6.pdf,https://www.mindat.org/loc-195155.html,,Silver
Manitou-Barvue Mines Ltds. ,Golden Manitou Mines Ltd. ,Louvem Mining Co. Inc ,,,,Manitou-Barvue,Val d’Or ,Quebec,48.087043,-77.609176,1942,1979,1992,1994,,,,1,1,1,https://depositum.uqat.ca/id/eprint/424/1/cahierhist6.pdf,https://www.mindat.org/loc-195155.html,,Arsenic
Manitou-Barvue Mines Ltds. ,Golden Manitou Mines Ltd. ,Louvem Mining Co. Inc ,,,,Manitou-Barvue,Val d’Or ,Quebec,48.087043,-77.609176,1942,1979,1992,1994,,,,1,1,1,https://depositum.uqat.ca/id/eprint/424/1/cahierhist6.pdf,https://www.mindat.org/loc-195155.html,,Zinc
New Calumet Mines Ltd. ,,,,,,,,Quebec,45.700357,-76.67726,1943,1968,,,,,,1,1,1,https://www.mindat.org/loc-16931.html,,,Lead
New Calumet Mines Ltd. ,,,,,,,,Quebec,45.700357,-76.67726,1943,1968,,,,,,1,1,1,https://www.mindat.org/loc-16931.html,,,Copper
New Calumet Mines Ltd. ,,,,,,,,Quebec,45.700357,-76.67726,1943,1968,,,,,,1,1,1,https://www.mindat.org/loc-16931.html,,,Gold
New Calumet Mines Ltd. ,,,,,,,,Quebec,45.700357,-76.67726,1943,1968,,,,,,1,1,1,https://www.mindat.org/loc-16931.html,,,Silver
New Calumet Mines Ltd. ,,,,,,,,Quebec,45.700357,-76.67726,1943,1968,,,,,,1,1,1,https://www.mindat.org/loc-16931.html,,,Zinc
United Keno Hill Mines Ltd. ,,,,,,Elsa,,Yukon,63.91667,-135.41667,1947,1989,1996,2013,1996,2013,"The mine was also in operation from 1934 to 1940 //// 186 workers - The Keno Hill Mine closed abruptly in 1989 due to falling mineral prices. //Elsa is a ghost town with no remaining residents. The shut-down of the mine in 1989 left serious environmental impacts behind. In 2006, the Yukon Government sold the assets of the previous United Keno Hill Mine to Alexco Resource Corp, and they resumed silver mining in 2009. Alexco Resource Corp is the current owner of Elsa and the mining activity in the area, which fluctuates according to mineral prices.",1,1,1,https://www.explorenorth.com/library/mining/united_keno_hill_mines.html,,,Silver
United Keno Hill Mines Ltd. ,,,,,,Elsa,,Yukon,63.91667,-135.41667,1947,1989,1996,2013,1996,2013,"The mine was also in operation from 1934 to 1940 //// 186 workers - The Keno Hill Mine closed abruptly in 1989 due to falling mineral prices. //Elsa is a ghost town with no remaining residents. The shut-down of the mine in 1989 left serious environmental impacts behind. In 2006, the Yukon Government sold the assets of the previous United Keno Hill Mine to Alexco Resource Corp, and they resumed silver mining in 2009. Alexco Resource Corp is the current owner of Elsa and the mining activity in the area, which fluctuates according to mineral prices.",1,1,1,https://www.explorenorth.com/library/mining/united_keno_hill_mines.html,,,Lead
United Keno Hill Mines Ltd. ,,,,,,Elsa,,Yukon,63.91667,-135.41667,1947,1989,1996,2013,1996,2013,"The mine was also in operation from 1934 to 1940 //// 186 workers - The Keno Hill Mine closed abruptly in 1989 due to falling mineral prices. //Elsa is a ghost town with no remaining residents. The shut-down of the mine in 1989 left serious environmental impacts behind. In 2006, the Yukon Government sold the assets of the previous United Keno Hill Mine to Alexco Resource Corp, and they resumed silver mining in 2009. Alexco Resource Corp is the current owner of Elsa and the mining activity in the area, which fluctuates according to mineral prices.",1,1,1,https://www.explorenorth.com/library/mining/united_keno_hill_mines.html,,,Zinc
United Keno Hill Mines Ltd. ,,,,,,Elsa,,Yukon,63.91667,-135.41667,1947,1989,1996,2013,1996,2013,"The mine was also in operation from 1934 to 1940 //// 186 workers - The Keno Hill Mine closed abruptly in 1989 due to falling mineral prices. //Elsa is a ghost town with no remaining residents. The shut-down of the mine in 1989 left serious environmental impacts behind. In 2006, the Yukon Government sold the assets of the previous United Keno Hill Mine to Alexco Resource Corp, and they resumed silver mining in 2009. Alexco Resource Corp is the current owner of Elsa and the mining activity in the area, which fluctuates according to mineral prices.",1,1,1,https://www.explorenorth.com/library/mining/united_keno_hill_mines.html,,,Gold
United Montauban Mines Ltd. ,,,,,,Mountabaun,Montauban,Quebec,46.82744292,-72.34215503,1948,1955,1983,1990,,,"small scale - Alternative name since 1985 is Muscocho Explorations Ltd., Montauban ",1,1,1,https://mrdata.usgs.gov/mrds/show-mrds.php?dep_id=10084898,,,Silver
United Montauban Mines Ltd. ,,,,,,Mountabaun,Montauban,Quebec,46.82744292,-72.34215503,1948,1955,1983,1990,,,"small scale - Alternative name since 1985 is Muscocho Explorations Ltd., Montauban ",1,1,1,https://mrdata.usgs.gov/mrds/show-mrds.php?dep_id=10084898,,,Lead
United Montauban Mines Ltd. ,,,,,,Mountabaun,Montauban,Quebec,46.82744292,-72.34215503,1948,1955,1983,1990,,,"small scale - Alternative name since 1985 is Muscocho Explorations Ltd., Montauban ",1,1,1,https://mrdata.usgs.gov/mrds/show-mrds.php?dep_id=10084898,,,Zinc
United Montauban Mines Ltd. ,,,,,,Mountabaun,Montauban,Quebec,46.82744292,-72.34215503,1948,1955,1983,1990,,,"small scale - Alternative name since 1985 is Muscocho Explorations Ltd., Montauban ",1,1,1,https://mrdata.usgs.gov/mrds/show-mrds.php?dep_id=10084898,,,Gold
Kluane Dredging Co. Ltd.,,,,,,,,Yukon,61.3203636,-138.7313569,1948,1954,,,,,gold rush,1,1,1,https://publications.gc.ca/collections/collection_2015/aadnc-aandc/R71-9-1959-1-eng.pdf,https://emrlibrary.gov.yk.ca/ygs/ebooks/yukon-mineral-industry-1941-59.pdf,,Gold
Anvil Mining Corp. Ltd.,Cyprus Anvil Mining Corporation,Yukon Coal Co. Ltd.,,,,Tantalus Coal,Carmacks ,Yukon,62.12361111111111,-136.2636111,1948,1967,1970,1982,,,250 workers //Tantalus and Tantalus Butte Coal Mines,1,1,1,https://explorenorth.com/library/mining/tantaluscoal.html,,,Coal
East Sullivan Mines Ltd. ,Sullico Mines Ltd. ,,,,,Mine East Sullivan (Sullico),,Quebec,48.071491,-77.711431,1949,1967,,,,,,1,1,1,https://www.juniorminingnetwork.com/junior-miner-news/press-releases/2258-cse/tusk/81259-black-tusk-resources-inc-completes-data-compilation-mogold-project-val-d-or-quebec.html,,,Gold
East Sullivan Mines Ltd. ,Sullico Mines Ltd. ,,,,,Mine East Sullivan (Sullico),,Quebec,48.071491,-77.711431,1949,1967,,,,,,1,1,1,https://www.juniorminingnetwork.com/junior-miner-news/press-releases/2258-cse/tusk/81259-black-tusk-resources-inc-completes-data-compilation-mogold-project-val-d-or-quebec.html,,,Copper
East Sullivan Mines Ltd. ,Sullico Mines Ltd. ,,,,,Mine East Sullivan (Sullico),,Quebec,48.071491,-77.711431,1949,1967,,,,,,1,1,1,https://www.juniorminingnetwork.com/junior-miner-news/press-releases/2258-cse/tusk/81259-black-tusk-resources-inc-completes-data-compilation-mogold-project-val-d-or-quebec.html,,,Silver
East Sullivan Mines Ltd. ,Sullico Mines Ltd. ,,,,,Mine East Sullivan (Sullico),,Quebec,48.071491,-77.711431,1949,1967,,,,,,1,1,1,https://www.juniorminingnetwork.com/junior-miner-news/press-releases/2258-cse/tusk/81259-black-tusk-resources-inc-completes-data-compilation-mogold-project-val-d-or-quebec.html,,,Iron
East Sullivan Mines Ltd. ,Sullico Mines Ltd. ,,,,,Mine East Sullivan (Sullico),,Quebec,48.071491,-77.711431,1949,1967,,,,,,1,1,1,https://www.juniorminingnetwork.com/junior-miner-news/press-releases/2258-cse/tusk/81259-black-tusk-resources-inc-completes-data-compilation-mogold-project-val-d-or-quebec.html,,,Cadmium
East Sullivan Mines Ltd. ,Sullico Mines Ltd. ,,,,,Mine East Sullivan (Sullico),,Quebec,48.071491,-77.711431,1949,1967,,,,,,1,1,1,https://www.juniorminingnetwork.com/junior-miner-news/press-releases/2258-cse/tusk/81259-black-tusk-resources-inc-completes-data-compilation-mogold-project-val-d-or-quebec.html,,,Arsenic
East Sullivan Mines Ltd. ,Sullico Mines Ltd. ,,,,,Mine East Sullivan (Sullico),,Quebec,48.071491,-77.711431,1949,1967,,,,,,1,1,1,https://www.juniorminingnetwork.com/junior-miner-news/press-releases/2258-cse/tusk/81259-black-tusk-resources-inc-completes-data-compilation-mogold-project-val-d-or-quebec.html,,,Zinc
Sifto Salt Ltd. ,Domtar Chemicals Ltd.,Compass Minerals,Prairie Salt Co. Ltd. ,,,Sifto Salt Division,Unity ,Saskatchewan,52.41947,-109.103274,1949,open,,,,,"At one time the plant employed 120 people but with the addition of automation, manual labor was not as productive or cost effective. Still, Compass Minerals remains one of Unity’s largest employers.",1,1,1,https://www.sasktoday.ca/north/local-news/compass-minerals-recognizes-70th-anniversary-in-unity-4138707,http://saskmining.ca/fileLibrary/0_History%20of%20Mining%20in%20Saskatchewan.pdf,,Salt
Domtar Construction Materials Ltd. ,Gypsum Lime and Alabastine Canada Ltd.,,,,,Gypsum Division,Windsor ,Nova Scotia,44.99036188,-64.13207446,1950,1966,,,,,,1,1,1, https://publications.gc.ca/collections/collection_2018/statcan/26-221/CS26-221-1962-eng.pdf,https://mycompanies.fandom.com/wiki/Gypsu,,Gypsum
Agnico Mines Ltd,Agnico-Eagle Mines Limited,Cobalt Consolidated Mining Corp. Ltd. ,,,,,Cobalt ,Ontario,47.36214,-79.64146,1950,1988,,,,,,1,1,1,https://www.northernontariobusiness.com/industry-news/mining/inquiring-minds-want-to-know-about-agnico-eagles-vales-cobalt-assets-849371,,,Silver
French Mines Ltd.,,,,,,French,Hedley,British Columbia,49.322167,-120.021,1950,1964,,,,,,1,1,1,https://minfile.gov.bc.ca/Summary.aspx?minfilno=092HSE059,,,Gold
French Mines Ltd.,,,,,,French,Hedley,British Columbia,49.322167,-120.021,1950,1964,,,,,,1,1,1,https://minfile.gov.bc.ca/Summary.aspx?minfilno=092HSE059,,,Copper
French Mines Ltd.,,,,,,French,Hedley,British Columbia,49.322167,-120.021,1950,1964,,,,,,1,1,1,https://minfile.gov.bc.ca/Summary.aspx?minfilno=092HSE059,,,Silver
French Mines Ltd.,,,,,,French,Hedley,British Columbia,49.322167,-120.021,1950,1964,,,,,,1,1,1,https://minfile.gov.bc.ca/Summary.aspx?minfilno=092HSE059,,,Cadmium
French Mines Ltd.,,,,,,French,Hedley,British Columbia,49.322167,-120.021,1950,1964,,,,,,1,1,1,https://minfile.gov.bc.ca/Summary.aspx?minfilno=092HSE059,,,Zinc
French Mines Ltd.,,,,,,French,Hedley,British Columbia,49.322167,-120.021,1950,1964,,,,,,1,1,1,https://minfile.gov.bc.ca/Summary.aspx?minfilno=092HSE059,,,Antimony
Deak Resources Corp. ,,,,,,West Macdonald,Rouyn-Noranda,Quebec,45.70389,-71.37278,1951,1959,1991,1993,,,,1,1,1,https://gq.mines.gouv.qc.ca/documents/examine/GM55760/GM55760.pdf,,,Silver
Deak Resources Corp. ,,,,,,West Macdonald,Rouyn-Noranda,Quebec,45.70389,-71.37278,1951,1959,1991,1993,,,,1,1,1,https://gq.mines.gouv.qc.ca/documents/examine/GM55760/GM55760.pdf,,,Zinc
Deak Resources Corp. ,,,,,,West Macdonald,Rouyn-Noranda,Quebec,45.70389,-71.37278,1951,1959,1991,1993,,,,1,1,1,https://gq.mines.gouv.qc.ca/documents/examine/GM55760/GM55760.pdf,,,Gold
D’Or Val Mines Ltd. ,,,,,,Bevcon,Val d'Or,Quebec,48.098176,-77.422127,1951,1965,,,,,,1,1,1,https://www.mindat.org/loc-257047.html,,,Copper
D’Or Val Mines Ltd. ,,,,,,Bevcon,Val d'Or,Quebec,48.098176,-77.422127,1951,1965,,,,,,1,1,1,https://www.mindat.org/loc-257047.html,,,Gold
D’Or Val Mines Ltd. ,,,,,,Bevcon,Val d'Or,Quebec,48.098176,-77.422127,1951,1965,,,,,,1,1,1,https://www.mindat.org/loc-257047.html,,,Silver
D’Or Val Mines Ltd. ,,,,,,Bevcon,Val d'Or,Quebec,48.098176,-77.422127,1951,1965,,,,,,1,1,1,https://www.mindat.org/loc-257047.html,,,Bismuth
D’Or Val Mines Ltd. ,,,,,,Bevcon,Val d'Or,Quebec,48.098176,-77.422127,1951,1965,,,,,,1,1,1,https://www.mindat.org/loc-257047.html,,,Tungsten
D’Or Val Mines Ltd. ,,,,,,Bevcon,Val d'Or,Quebec,48.098176,-77.422127,1951,1965,,,,,,1,1,1,https://www.mindat.org/loc-257047.html,,,Zinc
Barvue Mines Ltd.,Abcourt Mines Inc.,,,,,,Desmaraisville ,Quebec,48.52417,-77.68306,1952,1957,1983,1990,,,I think the mine above and below should be merged with this one,1,1,1,https://miningdataonline.com/property/1586/Abcourt-Barvue-Project.aspx#Owners,https://www.mindat.org/loc-257019.html,https://publications.gc.ca/collections/Collection/M39-78-2001E.pdf,Lead
Barvue Mines Ltd.,Abcourt Mines Inc.,,,,,,Desmaraisville ,Quebec,48.52417,-77.68306,1952,1957,1983,1990,,,I think the mine above and below should be merged with this one,1,1,1,https://miningdataonline.com/property/1586/Abcourt-Barvue-Project.aspx#Owners,https://www.mindat.org/loc-257019.html,https://publications.gc.ca/collections/Collection/M39-78-2001E.pdf,Gold
Barvue Mines Ltd.,Abcourt Mines Inc.,,,,,,Desmaraisville ,Quebec,48.52417,-77.68306,1952,1957,1983,1990,,,I think the mine above and below should be merged with this one,1,1,1,https://miningdataonline.com/property/1586/Abcourt-Barvue-Project.aspx#Owners,https://www.mindat.org/loc-257019.html,https://publications.gc.ca/collections/Collection/M39-78-2001E.pdf,Copper
Barvue Mines Ltd.,Abcourt Mines Inc.,,,,,,Desmaraisville ,Quebec,48.52417,-77.68306,1952,1957,1983,1990,,,I think the mine above and below should be merged with this one,1,1,1,https://miningdataonline.com/property/1586/Abcourt-Barvue-Project.aspx#Owners,https://www.mindat.org/loc-257019.html,https://publications.gc.ca/collections/Collection/M39-78-2001E.pdf,Silver
Barvue Mines Ltd.,Abcourt Mines Inc.,,,,,,Desmaraisville ,Quebec,48.52417,-77.68306,1952,1957,1983,1990,,,I think the mine above and below should be merged with this one,1,1,1,https://miningdataonline.com/property/1586/Abcourt-Barvue-Project.aspx#Owners,https://www.mindat.org/loc-257019.html,https://publications.gc.ca/collections/Collection/M39-78-2001E.pdf,Arsenic
Barvue Mines Ltd.,Abcourt Mines Inc.,,,,,,Desmaraisville ,Quebec,48.52417,-77.68306,1952,1957,1983,1990,,,I think the mine above and below should be merged with this one,1,1,1,https://miningdataonline.com/property/1586/Abcourt-Barvue-Project.aspx#Owners,https://www.mindat.org/loc-257019.html,https://publications.gc.ca/collections/Collection/M39-78-2001E.pdf,Zinc
Bicroft Uranium Mines Ltd. ,Macassa Gold Mines Ltd. ,,,,,Bicroft,,Ontario,45.03306,-78.02977,1953,1963,,,,,,1,1,1,https://www.wikiwand.com/en/Bicroft_Mine,https://www.mindat.org/loc-531.html,,Uranium
Lowphos Ore Ltd.,National Steel Corp. of Canada,,,,,Moose Mountain,Capreol,Ontario,46.84889,-81.03694,1954,1979,,,,,,1,1,1,https://www.mindat.org/loc-239153.html,https://scholar.uwindsor.ca/cgi/viewcontent.cgi?article=7754&context=etd,,Iron ore
Molybdenite Corp. of Canada Ltd.,,,,,,,Vassan ,Quebec,48.288263,-77.993779,1954,1971,,,,,,1,1,1,https://depositum.uqat.ca/id/eprint/424/1/cahierhist6.pdf,,,Beryllium
Molybdenite Corp. of Canada Ltd.,,,,,,,Vassan ,Quebec,48.288263,-77.993779,1954,1971,,,,,,1,1,1,https://depositum.uqat.ca/id/eprint/424/1/cahierhist6.pdf,,,Molybdenum
Molybdenite Corp. of Canada Ltd.,,,,,,,Vassan ,Quebec,48.288263,-77.993779,1954,1971,,,,,,1,1,1,https://depositum.uqat.ca/id/eprint/424/1/cahierhist6.pdf,,,Bismuth
Molybdenite Corp. of Canada Ltd.,,,,,,,Vassan ,Quebec,48.288263,-77.993779,1954,1971,,,,,,1,1,1,https://depositum.uqat.ca/id/eprint/424/1/cahierhist6.pdf,,,Copper
Opemiska Copper Mines (Quebec) Ltd.,Minnova Inc. (Opemiska Division),,,,,Opemiskas (Opemiska Copper Complex),Chibougamau ,Quebec,49.78833,-74.86111,1954,1991,,,,,for closing date see link3. for open date see link1 and link3,1,1,1,https://www.mindat.org/loc-194379.html,https://mrdata.usgs.gov/mrds/show-mrds.php?dep_id=10255233,https://qccopper.com/projects/opemiska/,Gold
Opemiska Copper Mines (Quebec) Ltd.,Minnova Inc. (Opemiska Division),,,,,Opemiskas (Opemiska Copper Complex),Chibougamau ,Quebec,49.78833,-74.86111,1954,1991,,,,,for closing date see link3. for open date see link1 and link3,1,1,1,https://www.mindat.org/loc-194379.html,https://mrdata.usgs.gov/mrds/show-mrds.php?dep_id=10255233,https://qccopper.com/projects/opemiska/,Copper
Iron Ore Co. of Canada,,,,,,,Schefferville ,Quebec,54.8011794,-66.81806392,1954,1982,,,,,"seems like a perfect example of a mining town that closed and that was on indigenous territory
When mine operations ceased, most of the 4,000 or so non-aboriginal occupants left. ",1,1,1,"https://www.ironore.ca/en/who-we-are/history-of-ioc
https://en.wikipedia.org/wiki/Schefferville",https://www.sciencedirect.com/science/article/pii/S2214790X21001799#!,https://publications.gc.ca/collections/Collection/M39-78-2001E.pdf,Iron ore
Newcastle Coal Co. Ltd.,,,,,,,,New Brunswick,46.0438,-66.0259,1955,1961,1966,1967,,,Minor occurrence (limited to no exploration work),1,1,1,https://www1.gnb.ca/0078/GeoscienceDatabase/IndustrialMinerals/qryIndMinSummary-e.asp?Num=568,,,Coal
Continental Titanium Corp,,,,,,,St-Urbain,Quebec,47.53972,-70.565,1955,1966,,,,,"related to other mines (Bignell, General Electric, Coulombe et Furnace)",1,1,1,https://gq.mines.gouv.qc.ca/documents/examine/GM22128/GM22128.pdf,https://www.geoparccharlevoix.org/decouvrir/saint-urbain-anciennes-mines-ilmenite/,,Ilmenite
Rio Algom Mines Ltd. ,Pronto Uranium Mines Ltd. ,,,,,Pronto,"Spragge, Elliot Lake",Ontario,46.21,-82.71,1956,1960,,,,,,1,1,1,https://www.mindat.org/loc-171349.html,,,Uranium
Cominco Ltd.,"Consolidated Mining and Smelting Co. of Canada Ltd., The ",,,,,Wedge,Bathurst,New Brunswick,47.39,-66.13,1956,2008,,,,,important mining camp,1,1,1,https://www.researchgate.net/publication/337655227_Great_Mining_Camps_of_Canada_7_The_Bathurst_Mining_Camp_New_Brunswick_Part_1_Geology_and_Exploration_History,,,Copper
Cambior Inc.  ,,,,,,Mine Pierre Beauchemin (Eldrich-Flavel),Rouyn-Noranda,Quebec,48.319009,-79.202543,1956,1962,1988,1993,,,,1,1,1,https://thediggings.com/mines/usgs10118667,https://www.mindat.org/loc-256813.html,,Gold
Quebec Lithium Corp.,,,,,,Lacorne,,Quebec,48.41083,-77.80917,1956,1965,,,,,,1,1,1,https://depositum.uqat.ca/id/eprint/424/1/cahierhist6.pdf,https://www.mindat.org/loc-68226.html,https://publications.gc.ca/collections/Collection/M39-78-2001E.pdf,Lithium
Aurizon Mines Ltd.,Cambior Inc.,,,,,Sleeping Giant,Amos,Quebec,49.1375,-77.9791,1956,1959,1974,1975,1988,open,"multitude of closures and opening in the 2010s /https://mininglifeonline.net/company/sleeping-giant-mine/7563  ///////////  Contradictory information "" closuring of sleeping giant in 1991 and reopening in 1993' from https://publications.gc.ca/collections/Collection/M39-78-2001E.pdf",1,1,1,https://miningdataonline.com/property/1589/Sleeping-Giant-Project.aspx,https://thediggings.com/mines/usgs10255515,https://www.miningdataonline.com/reports/Sleeping%20Giant_2013.pdf,Silver
Aurizon Mines Ltd.,Cambior Inc.,,,,,Sleeping Giant,Amos,Quebec,49.1375,-77.9791,1956,1959,1974,1975,1988,open,"multitude of closures and opening in the 2010s /https://mininglifeonline.net/company/sleeping-giant-mine/7563  ///////////  Contradictory information "" closuring of sleeping giant in 1991 and reopening in 1993' from https://publications.gc.ca/collections/Collection/M39-78-2001E.pdf",1,1,1,https://miningdataonline.com/property/1589/Sleeping-Giant-Project.aspx,https://thediggings.com/mines/usgs10255515,https://www.miningdataonline.com/reports/Sleeping%20Giant_2013.pdf,Gold
Campbell Resources Inc.  ,,,,,,Joe Mann,Chibougamau ,Quebec,49.487819,-74.436758,1956,1959,1974,1975,1985,2007,operated in three phass (see link1),1,1,1,https://www.dorecopper.com/en/projects/joe-mann/,https://www.mindat.org/loc-194376.html,,Lead
Campbell Resources Inc.  ,,,,,,Joe Mann,Chibougamau ,Quebec,49.487819,-74.436758,1956,1959,1974,1975,1985,2007,operated in three phass (see link1),1,1,1,https://www.dorecopper.com/en/projects/joe-mann/,https://www.mindat.org/loc-194376.html,,Copper
Campbell Resources Inc.  ,,,,,,Joe Mann,Chibougamau ,Quebec,49.487819,-74.436758,1956,1959,1974,1975,1985,2007,operated in three phass (see link1),1,1,1,https://www.dorecopper.com/en/projects/joe-mann/,https://www.mindat.org/loc-194376.html,,Gold
Campbell Resources Inc.  ,,,,,,Joe Mann,Chibougamau ,Quebec,49.487819,-74.436758,1956,1959,1974,1975,1985,2007,operated in three phass (see link1),1,1,1,https://www.dorecopper.com/en/projects/joe-mann/,https://www.mindat.org/loc-194376.html,,Silver
Campbell Resources Inc.  ,,,,,,Joe Mann,Chibougamau ,Quebec,49.487819,-74.436758,1956,1959,1974,1975,1985,2007,operated in three phass (see link1),1,1,1,https://www.dorecopper.com/en/projects/joe-mann/,https://www.mindat.org/loc-194376.html,,Arsenic
Campbell Resources Inc.  ,,,,,,Joe Mann,Chibougamau ,Quebec,49.487819,-74.436758,1956,1959,1974,1975,1985,2007,operated in three phass (see link1),1,1,1,https://www.dorecopper.com/en/projects/joe-mann/,https://www.mindat.org/loc-194376.html,,Zinc
Can-Met Explorations Ltds.,Denison Mines Ltd. ,Rio Algom Mines Ltd. ,,,,Can-Met and Stanrock,Elliot Lake ,Ontario,46.477631,-82.545847,1957,1960,,,,,,1,1,1,https://emrlibrary.gov.yk.ca/gsc/economic_geology_series/16-1962/egs_16.pdf,,,Uranium
Noranda Mines Limited ,,,,,,Don Rouyn and Beaudry Pit,Royun,Quebec,48.250594,-79.067261,1957,1981,,,,,,1,1,1,https://pubs.geoscienceworld.org/segweb/economicgeology/article-abstract/74/7/1680/19273/The-Don-Rouyn-Mine-an-Archean-porphyry-copper,,,Silica
Noranda Mines Limited ,,,,,,Don Rouyn and Beaudry Pit,Royun,Quebec,48.250594,-79.067261,1957,1981,,,,,,1,1,1,https://pubs.geoscienceworld.org/segweb/economicgeology/article-abstract/74/7/1680/19273/The-Don-Rouyn-Mine-an-Archean-porphyry-copper,,,Gold
Noranda Mines Limited ,,,,,,Don Rouyn and Beaudry Pit,Royun,Quebec,48.250594,-79.067261,1957,1981,,,,,,1,1,1,https://pubs.geoscienceworld.org/segweb/economicgeology/article-abstract/74/7/1680/19273/The-Don-Rouyn-Mine-an-Archean-porphyry-copper,,,Copper
Noranda Mines Limited ,,,,,,Don Rouyn and Beaudry Pit,Royun,Quebec,48.250594,-79.067261,1957,1981,,,,,,1,1,1,https://pubs.geoscienceworld.org/segweb/economicgeology/article-abstract/74/7/1680/19273/The-Don-Rouyn-Mine-an-Archean-porphyry-copper,,,Silver
Noranda Mines Limited ,,,,,,Don Rouyn and Beaudry Pit,Royun,Quebec,48.250594,-79.067261,1957,1981,,,,,,1,1,1,https://pubs.geoscienceworld.org/segweb/economicgeology/article-abstract/74/7/1680/19273/The-Don-Rouyn-Mine-an-Archean-porphyry-copper,,,Molybdenum
Orchan Mines Ltd.,,,,,,Orchan (pre) and Norita (post-1976),Matagami ,Quebec,49.706617,-77.706362,1957,1982,,,,,,1,1,1,https://www.mindat.org/loc-186827.html,,,Lead
Orchan Mines Ltd.,,,,,,Orchan (pre) and Norita (post-1976),Matagami ,Quebec,49.706617,-77.706362,1957,1982,,,,,,1,1,1,https://www.mindat.org/loc-186827.html,,,Gold
Orchan Mines Ltd.,,,,,,Orchan (pre) and Norita (post-1976),Matagami ,Quebec,49.706617,-77.706362,1957,1982,,,,,,1,1,1,https://www.mindat.org/loc-186827.html,,,Copper
Orchan Mines Ltd.,,,,,,Orchan (pre) and Norita (post-1976),Matagami ,Quebec,49.706617,-77.706362,1957,1982,,,,,,1,1,1,https://www.mindat.org/loc-186827.html,,,Silver
Orchan Mines Ltd.,,,,,,Orchan (pre) and Norita (post-1976),Matagami ,Quebec,49.706617,-77.706362,1957,1982,,,,,,1,1,1,https://www.mindat.org/loc-186827.html,,,Zinc
Westminer Canada Ltd.,Resources Copper Rand Mine,Ressources MSV Inc.,,,,Cedar Bay,Chibougamau ,Quebec,49.893133,-74.308672,1957,1990,,,,,"This report is very important. At page 25 it contains the full history of mining ownership in Chibouamaun (http://www.chibougamaumines.com/documents/Technical_Reports_lac_chibougamau_SEDAR_000.pdf).

In 1995, Ressources MSV Inc. acquires all of the Westminer’s assets in Chibougamau.",1,1,1,https://mrdata.usgs.gov/mrds/show.php?labno=10182046,https://www.mindat.org/loc-10337.html,https://www.dorecopper.com/en/projects/cedar-bay/,Cobalt
Westminer Canada Ltd.,Resources Copper Rand Mine,Ressources MSV Inc.,,,,Cedar Bay,Chibougamau ,Quebec,49.893133,-74.308672,1957,1990,,,,,"This report is very important. At page 25 it contains the full history of mining ownership in Chibouamaun (http://www.chibougamaumines.com/documents/Technical_Reports_lac_chibougamau_SEDAR_000.pdf).

In 1995, Ressources MSV Inc. acquires all of the Westminer’s assets in Chibougamau.",1,1,1,https://mrdata.usgs.gov/mrds/show.php?labno=10182046,https://www.mindat.org/loc-10337.html,https://www.dorecopper.com/en/projects/cedar-bay/,Gold
Westminer Canada Ltd.,Resources Copper Rand Mine,Ressources MSV Inc.,,,,Cedar Bay,Chibougamau ,Quebec,49.893133,-74.308672,1957,1990,,,,,"This report is very important. At page 25 it contains the full history of mining ownership in Chibouamaun (http://www.chibougamaumines.com/documents/Technical_Reports_lac_chibougamau_SEDAR_000.pdf).

In 1995, Ressources MSV Inc. acquires all of the Westminer’s assets in Chibougamau.",1,1,1,https://mrdata.usgs.gov/mrds/show.php?labno=10182046,https://www.mindat.org/loc-10337.html,https://www.dorecopper.com/en/projects/cedar-bay/,Copper
Westminer Canada Ltd.,Resources Copper Rand Mine,Ressources MSV Inc.,,,,Cedar Bay,Chibougamau ,Quebec,49.893133,-74.308672,1957,1990,,,,,"This report is very important. At page 25 it contains the full history of mining ownership in Chibouamaun (http://www.chibougamaumines.com/documents/Technical_Reports_lac_chibougamau_SEDAR_000.pdf).

In 1995, Ressources MSV Inc. acquires all of the Westminer’s assets in Chibougamau.",1,1,1,https://mrdata.usgs.gov/mrds/show.php?labno=10182046,https://www.mindat.org/loc-10337.html,https://www.dorecopper.com/en/projects/cedar-bay/,Silver
Westminer Canada Ltd.,Resources Copper Rand Mine,Ressources MSV Inc.,,,,Cedar Bay,Chibougamau ,Quebec,49.893133,-74.308672,1957,1990,,,,,"This report is very important. At page 25 it contains the full history of mining ownership in Chibouamaun (http://www.chibougamaumines.com/documents/Technical_Reports_lac_chibougamau_SEDAR_000.pdf).

In 1995, Ressources MSV Inc. acquires all of the Westminer’s assets in Chibougamau.",1,1,1,https://mrdata.usgs.gov/mrds/show.php?labno=10182046,https://www.mindat.org/loc-10337.html,https://www.dorecopper.com/en/projects/cedar-bay/,Arsenic
Westminer Canada Ltd.,Resources Copper Rand Mine,Ressources MSV Inc.,,,,Cedar Bay,Chibougamau ,Quebec,49.893133,-74.308672,1957,1990,,,,,"This report is very important. At page 25 it contains the full history of mining ownership in Chibouamaun (http://www.chibougamaumines.com/documents/Technical_Reports_lac_chibougamau_SEDAR_000.pdf).

In 1995, Ressources MSV Inc. acquires all of the Westminer’s assets in Chibougamau.",1,1,1,https://mrdata.usgs.gov/mrds/show.php?labno=10182046,https://www.mindat.org/loc-10337.html,https://www.dorecopper.com/en/projects/cedar-bay/,Zinc
Merrill Island Mining Corp. Ltd. ,,,,,,Canadian Merrill or Merrill Island,Chibougamau ,Quebec,49.87032,-74.329524,1958,1967,2007,2008,,,"I assume this is the Canadian Merrill gives the consistency between the 0,1,1 and the table 2 in link 1",1,1,1,http://www.chibougamaumines.com/documents/Technical_Reports_lac_chibougamau_SEDAR_000.pdf,,,Gold
Merrill Island Mining Corp. Ltd. ,,,,,,Canadian Merrill or Merrill Island,Chibougamau ,Quebec,49.87032,-74.329524,1958,1967,2007,2008,,,"I assume this is the Canadian Merrill gives the consistency between the 0,1,1 and the table 2 in link 1",1,1,1,http://www.chibougamaumines.com/documents/Technical_Reports_lac_chibougamau_SEDAR_000.pdf,,,Copper
Merrill Island Mining Corp. Ltd. ,,,,,,Canadian Merrill or Merrill Island,Chibougamau ,Quebec,49.87032,-74.329524,1958,1967,2007,2008,,,"I assume this is the Canadian Merrill gives the consistency between the 0,1,1 and the table 2 in link 1",1,1,1,http://www.chibougamaumines.com/documents/Technical_Reports_lac_chibougamau_SEDAR_000.pdf,,,Silver
Merrill Island Mining Corp. Ltd. ,,,,,,Canadian Merrill or Merrill Island,Chibougamau ,Quebec,49.87032,-74.329524,1958,1967,2007,2008,,,"I assume this is the Canadian Merrill gives the consistency between the 0,1,1 and the table 2 in link 1",1,1,1,http://www.chibougamaumines.com/documents/Technical_Reports_lac_chibougamau_SEDAR_000.pdf,,,Molybdenum
Merrill Island Mining Corp. Ltd. ,,,,,,Canadian Merrill or Merrill Island,Chibougamau ,Quebec,49.87032,-74.329524,1958,1967,2007,2008,,,"I assume this is the Canadian Merrill gives the consistency between the 0,1,1 and the table 2 in link 1",1,1,1,http://www.chibougamaumines.com/documents/Technical_Reports_lac_chibougamau_SEDAR_000.pdf,,,Zinc
Victoria Graphite Inc.,Joseph Dixon Crucible Company,,,,,,Portland,Ontario,44.44162,-76.64317,1959,2013,,,,,,1,1,1,http://www.geologyontario.mndm.gov.on.ca/mndmfiles/MDI/data/records/MDI31C16SE00040.html,https://www.thewhig.com/opinion/columnists/local-history-broad-envelopes-of-undeveloped-graphite-ore,,Graphite
Giant Nickel Mines Ltd.,Giant Mascot Mines Ltd.,,,,,,Hope ,British Columbia,49.48361,-121.48472,1959,1971,,,,,,1,1,1,https://propertyfile.gov.bc.ca/reports/PF009175.pdf,,,Chromium
Giant Nickel Mines Ltd.,Giant Mascot Mines Ltd.,,,,,,Hope ,British Columbia,49.48361,-121.48472,1959,1971,,,,,,1,1,1,https://propertyfile.gov.bc.ca/reports/PF009175.pdf,,,Nickel
Giant Nickel Mines Ltd.,Giant Mascot Mines Ltd.,,,,,,Hope ,British Columbia,49.48361,-121.48472,1959,1971,,,,,,1,1,1,https://propertyfile.gov.bc.ca/reports/PF009175.pdf,,,Cobalt
Giant Nickel Mines Ltd.,Giant Mascot Mines Ltd.,,,,,,Hope ,British Columbia,49.48361,-121.48472,1959,1971,,,,,,1,1,1,https://propertyfile.gov.bc.ca/reports/PF009175.pdf,,,Copper
"Dresser Industries, Inc.",Magnet Cove Barium Corp.,"Magcobar Mining Company, Ltd. ",,,,,Rosalind ,Alberta,52.78737639,-112.4402551,1959,1990,,,,,"In recent years there have been three sodium bentonite producers in Canada, one in Saskatchewan and two in Alberta. The Alberta operations (located in Rosalind and Onoway) traditionally produced very small quantities of bentonite for local oil-industry use. As of 1989 neither of these operations was in production, although the Rosalind operation resumed limited production in 1990. The Saskatchewan bentonite mining and processing plant, located near Avonlea, is smaller than the American operations. It has undergone a number of changes in ownership in the past twenty years, some of which, including the most recent one (1989-1991), have resulted in the complete shutdown of the operation for extended periods. Customers requiring the product have had to go to the somewhat more stable U.S.
suppliers. The Canadian bentonite also has some limitations in its use and availability, as discussed in later sections of this report",1,1,1,https://store.cim.org/en/development-of-canadian-bentonite-for-canadian-industry,https://static.ags.aer.ca/files/document/ESR/ESR_1966_02.pdf,,Bentonite
Dickenson Mines Ltd.,Havelock Lime (a division of Goldcorp Inc.) (Havelock Lime Works),"Graymont (NB) Inc, (Havelock Lime Operation, Surface)",Canada Cement Lafarge Ltd.,Lafarge Canada Inc.,,Havelock Lime Works,Havelock ,New Brunswick,45.99444444444445,-65.31555556,1960,1986,,,,,"1950: Production begins, Canada Cement Lafarge limestone quarry, Havelock, New Brunswick. Production was reduced in 1983. https://publications.gc.ca/collections/Collection/M39-78-2001E.pdf",1,1,1,https://www1.gnb.ca/0078/GeoscienceDatabase/IndustrialMinerals/qryIndMinSummary-e.asp?Num=245,https://www1.gnb.ca/0078/GeoscienceDatabase/IndustrialMinerals/qryIndMinSummary-e.asp?Num=245,,Lime
Dickenson Mines Ltd.,Havelock Lime (a division of Goldcorp Inc.) (Havelock Lime Works),"Graymont (NB) Inc, (Havelock Lime Operation, Surface)",Canada Cement Lafarge Ltd.,Lafarge Canada Inc.,,Havelock Lime Works,Havelock ,New Brunswick,45.99444444444445,-65.31555556,1960,1986,,,,,"1950: Production begins, Canada Cement Lafarge limestone quarry, Havelock, New Brunswick. Production was reduced in 1983. https://publications.gc.ca/collections/Collection/M39-78-2001E.pdf",1,1,1,https://www1.gnb.ca/0078/GeoscienceDatabase/IndustrialMinerals/qryIndMinSummary-e.asp?Num=245,https://www1.gnb.ca/0078/GeoscienceDatabase/IndustrialMinerals/qryIndMinSummary-e.asp?Num=245,,Dolomite
Dickenson Mines Ltd.,Havelock Lime (a division of Goldcorp Inc.) (Havelock Lime Works),"Graymont (NB) Inc, (Havelock Lime Operation, Surface)",Canada Cement Lafarge Ltd.,Lafarge Canada Inc.,,Havelock Lime Works,Havelock ,New Brunswick,45.99444444444445,-65.31555556,1960,1986,,,,,"1950: Production begins, Canada Cement Lafarge limestone quarry, Havelock, New Brunswick. Production was reduced in 1983. https://publications.gc.ca/collections/Collection/M39-78-2001E.pdf",1,1,1,https://www1.gnb.ca/0078/GeoscienceDatabase/IndustrialMinerals/qryIndMinSummary-e.asp?Num=245,https://www1.gnb.ca/0078/GeoscienceDatabase/IndustrialMinerals/qryIndMinSummary-e.asp?Num=245,,Gypsum
Sapawe Gold Mines Ltd,,,,,,,,Ontario,48.77102684,-91.33058572,1960,1966,,,,,,1,1,1,http://www.geologyontario.mndm.gov.on.ca/mndmfiles/afri/data/imaging/52B14SW0090/52B14SW0090.pdf,,,Silver
Sapawe Gold Mines Ltd,,,,,,,,Ontario,48.77102684,-91.33058572,1960,1966,,,,,,1,1,1,http://www.geologyontario.mndm.gov.on.ca/mndmfiles/afri/data/imaging/52B14SW0090/52B14SW0090.pdf,,,Gold
Manalta Coal Ltd.,Luscar Ltd.,Great West Coal Co. Ltd.,Battle River Coal Ltd. ,,,Costello (klimax),Estevan ,Saskatchewan,49.069018,-102.7744745,1960,open,,,,,,1,1,1,https://gent-family.com/SK_Coal_Mines/estevanklimaxmine.html,https://gent-family.com/SK_Coal_Mines/everettwilliamcostello.html,https://publications.gc.ca/collections/collection_2019/rncan-nrcan/m38-13/M38-13-83-20-eng.pdf,Coal
St. Lawrence Columbium and Metals Corp.,,,,,,,Oka,Quebec,45.501019,-74.030238,1961,1976,,,,,The mine opened in 1961 and ceased operations around 1977,1,1,1,https://www.mindat.org/loc-6702.html,,,Magnesium
St. Lawrence Columbium and Metals Corp.,,,,,,,Oka,Quebec,45.501019,-74.030238,1961,1976,,,,,The mine opened in 1961 and ceased operations around 1977,1,1,1,https://www.mindat.org/loc-6702.html,,,Rare Earth Elements (REE)
St. Lawrence Columbium and Metals Corp.,,,,,,,Oka,Quebec,45.501019,-74.030238,1961,1976,,,,,The mine opened in 1961 and ceased operations around 1977,1,1,1,https://www.mindat.org/loc-6702.html,,,Niobium
Julna Mining Corp.,,,,,,,,Quebec,46.73928825,-76.07204232,1961,1967,,,,,,1,1,1,https://numerique.banq.qc.ca/patrimoine/details/52327/2360036,,,Silica
Wilmar Mines Ltd. ,,,,,,,Cochenour,Ontario,51.063322,-93.801492,1961,1971,,,,,,1,1,1,https://www.redlakemuseum.com/wilmar-mine.html,http://www.geologyontario.mndm.gov.on.ca/mndmfiles/mdi/data/records/MDI52N04SW00017.html,,Gold
Solbec Mines Ltd. ,,,,,,Solbec,Stratford ,Quebec,45.804761,-71.287473,1962,1971,,,,,,1,1,1,https://www.mindat.org/loc-209909.html,http://minesqc.com/blogue/restauration-lancienne-mine-solbec-devenue-lieu-de-villegiature/,https://publications.gc.ca/collections/Collection/M39-78-2001E.pdf,Lead
Solbec Mines Ltd. ,,,,,,Solbec,Stratford ,Quebec,45.804761,-71.287473,1962,1971,,,,,,1,1,1,https://www.mindat.org/loc-209909.html,http://minesqc.com/blogue/restauration-lancienne-mine-solbec-devenue-lieu-de-villegiature/,https://publications.gc.ca/collections/Collection/M39-78-2001E.pdf,Gold
Solbec Mines Ltd. ,,,,,,Solbec,Stratford ,Quebec,45.804761,-71.287473,1962,1971,,,,,,1,1,1,https://www.mindat.org/loc-209909.html,http://minesqc.com/blogue/restauration-lancienne-mine-solbec-devenue-lieu-de-villegiature/,https://publications.gc.ca/collections/Collection/M39-78-2001E.pdf,Copper
Solbec Mines Ltd. ,,,,,,Solbec,Stratford ,Quebec,45.804761,-71.287473,1962,1971,,,,,,1,1,1,https://www.mindat.org/loc-209909.html,http://minesqc.com/blogue/restauration-lancienne-mine-solbec-devenue-lieu-de-villegiature/,https://publications.gc.ca/collections/Collection/M39-78-2001E.pdf,Silver
Solbec Mines Ltd. ,,,,,,Solbec,Stratford ,Quebec,45.804761,-71.287473,1962,1971,,,,,,1,1,1,https://www.mindat.org/loc-209909.html,http://minesqc.com/blogue/restauration-lancienne-mine-solbec-devenue-lieu-de-villegiature/,https://publications.gc.ca/collections/Collection/M39-78-2001E.pdf,Caesium
Solbec Mines Ltd. ,,,,,,Solbec,Stratford ,Quebec,45.804761,-71.287473,1962,1971,,,,,,1,1,1,https://www.mindat.org/loc-209909.html,http://minesqc.com/blogue/restauration-lancienne-mine-solbec-devenue-lieu-de-villegiature/,https://publications.gc.ca/collections/Collection/M39-78-2001E.pdf,Zinc
Preissac Molybdenite Mines Ltd.,,,,,,,Cadillac ,Quebec,48.34652,-78.399005,1962,1971,,,,,,1,1,1,https://depositum.uqat.ca/id/eprint/424/1/cahierhist6.pdf,,,Molybdenum
Preissac Molybdenite Mines Ltd.,,,,,,,Cadillac ,Quebec,48.34652,-78.399005,1962,1971,,,,,,1,1,1,https://depositum.uqat.ca/id/eprint/424/1/cahierhist6.pdf,,,Bismuth
Preissac Molybdenite Mines Ltd.,,,,,,,Cadillac ,Quebec,48.34652,-78.399005,1962,1971,,,,,,1,1,1,https://depositum.uqat.ca/id/eprint/424/1/cahierhist6.pdf,,,Copper
Marbridge Mines Ltd.,,,,,,,Val d'Or ,Quebec,48.346582,-78.191335,1962,1968,,,,,,1,1,1,https://class1nickel.com/somanike-project/,https://www.mindat.org/loc-592.html,https://depositum.uqat.ca/id/eprint/424/1/cahierhist6.pdf,Nickel
Marbridge Mines Ltd.,,,,,,,Val d'Or ,Quebec,48.346582,-78.191335,1962,1968,,,,,,1,1,1,https://class1nickel.com/somanike-project/,https://www.mindat.org/loc-592.html,https://depositum.uqat.ca/id/eprint/424/1/cahierhist6.pdf,Copper
Coniagas Mines Ltd.,,,,,,Coniagas (Conegas),Chibougamau ,Quebec,49.494436,-76.168211,1962,1967,,,,,,1,1,1,https://www.mindat.org/loc-194378.html,,,Silver
Coniagas Mines Ltd.,,,,,,Coniagas (Conegas),Chibougamau ,Quebec,49.494436,-76.168211,1962,1967,,,,,,1,1,1,https://www.mindat.org/loc-194378.html,,,Lead
Coniagas Mines Ltd.,,,,,,Coniagas (Conegas),Chibougamau ,Quebec,49.494436,-76.168211,1962,1967,,,,,,1,1,1,https://www.mindat.org/loc-194378.html,,,Zinc
Brunswick Mining and Smelting Corp. Ltd.,Glencore Canada Corp.,,,,,Brunswick No.12,Bathurst ,New Brunswick,47.47,-65.89,1964,2013,,,,,,1,1,1,https://www.canadianminingjournal.com/news/lead-glencore-closes-belledune-smelter-permanently/,,,Lead
Brunswick Mining and Smelting Corp. Ltd.,Glencore Canada Corp.,,,,,Brunswick No.12,Bathurst ,New Brunswick,47.47,-65.89,1964,2013,,,,,,1,1,1,https://www.canadianminingjournal.com/news/lead-glencore-closes-belledune-smelter-permanently/,,,Gold
Brunswick Mining and Smelting Corp. Ltd.,Glencore Canada Corp.,,,,,Brunswick No.12,Bathurst ,New Brunswick,47.47,-65.89,1964,2013,,,,,,1,1,1,https://www.canadianminingjournal.com/news/lead-glencore-closes-belledune-smelter-permanently/,,,Copper
Brunswick Mining and Smelting Corp. Ltd.,Glencore Canada Corp.,,,,,Brunswick No.12,Bathurst ,New Brunswick,47.47,-65.89,1964,2013,,,,,,1,1,1,https://www.canadianminingjournal.com/news/lead-glencore-closes-belledune-smelter-permanently/,,,Silver
Brunswick Mining and Smelting Corp. Ltd.,Glencore Canada Corp.,,,,,Brunswick No.12,Bathurst ,New Brunswick,47.47,-65.89,1964,2013,,,,,,1,1,1,https://www.canadianminingjournal.com/news/lead-glencore-closes-belledune-smelter-permanently/,,,Iron
Brunswick Mining and Smelting Corp. Ltd.,Glencore Canada Corp.,,,,,Brunswick No.12,Bathurst ,New Brunswick,47.47,-65.89,1964,2013,,,,,,1,1,1,https://www.canadianminingjournal.com/news/lead-glencore-closes-belledune-smelter-permanently/,,,Arsenic
Brunswick Mining and Smelting Corp. Ltd.,Glencore Canada Corp.,,,,,Brunswick No.12,Bathurst ,New Brunswick,47.47,-65.89,1964,2013,,,,,,1,1,1,https://www.canadianminingjournal.com/news/lead-glencore-closes-belledune-smelter-permanently/,,,Zinc
Annco Mines Ltd.,Cochenour-Willans Gold Mines ,,,,,,Cochenour ,Ontario,51.06971,-93.81273,1965,1971,,,,,,1,1,1,http://www.geologyontario.mndm.gov.on.ca/mndmfiles/AMIS/data/records/02944.html,https://www.redlakemuseum.com/annco-mine.html,,Gold
Louvem Mining Co. Inc. ,Chimo Gold Mines Ltd.,Cambio Inc.,,,,Chimo,Louvicourt,Quebec,48.011536,-77.252816,1966,1967,1989,1996,,,"contradictory information "" opening of chimo gold mine, 1986"" in https://publications.gc.ca/collections/Collection/M39-78-2001E.pdf",1,1,1,https://depositum.uqat.ca/id/eprint/424/1/cahierhist6.pdf,,,Arsenic
Louvem Mining Co. Inc. ,Chimo Gold Mines Ltd.,Cambio Inc.,,,,Chimo,Louvicourt,Quebec,48.011536,-77.252816,1966,1967,1989,1996,,,"contradictory information "" opening of chimo gold mine, 1986"" in https://publications.gc.ca/collections/Collection/M39-78-2001E.pdf",1,1,1,https://depositum.uqat.ca/id/eprint/424/1/cahierhist6.pdf,,,Gold
Joutel Copper Mines Ltd.,,,,,,,Joutel ,Quebec,49.452972,-78.353331,1967,1975,,,,,"The mine is a copper mine and operated between 1967 and 1972. However, the mine is in the 1973 list. Moreover, according to the cite above, the mine is located in Baie-James (close to Joutel)",1,1,1,https://www.mindat.org/loc-207910.html,https://orfordmining.com/projects/joutel-properties/,,Silver
Joutel Copper Mines Ltd.,,,,,,,Joutel ,Quebec,49.452972,-78.353331,1967,1975,,,,,"The mine is a copper mine and operated between 1967 and 1972. However, the mine is in the 1973 list. Moreover, according to the cite above, the mine is located in Baie-James (close to Joutel)",1,1,1,https://www.mindat.org/loc-207910.html,https://orfordmining.com/projects/joutel-properties/,,Iron
Joutel Copper Mines Ltd.,,,,,,,Joutel ,Quebec,49.452972,-78.353331,1967,1975,,,,,"The mine is a copper mine and operated between 1967 and 1972. However, the mine is in the 1973 list. Moreover, according to the cite above, the mine is located in Baie-James (close to Joutel)",1,1,1,https://www.mindat.org/loc-207910.html,https://orfordmining.com/projects/joutel-properties/,,Zinc
Joutel Copper Mines Ltd.,,,,,,,Joutel ,Quebec,49.452972,-78.353331,1967,1975,,,,,"The mine is a copper mine and operated between 1967 and 1972. However, the mine is in the 1973 list. Moreover, according to the cite above, the mine is located in Baie-James (close to Joutel)",1,1,1,https://www.mindat.org/loc-207910.html,https://orfordmining.com/projects/joutel-properties/,,Copper
Grandroy Mines Ltd.,,,,,,Grandroy,Chibougamau ,Quebec,49.93249,-74.199214,1967,1975,,,,,"there are interruptions in 0, 1, 0, 1. See definitive dates in link1, table 2",1,1,1,http://www.chibougamaumines.com/documents/Technical_Reports_lac_chibougamau_SEDAR_000.pdf,,,Gold
Grandroy Mines Ltd.,,,,,,Grandroy,Chibougamau ,Quebec,49.93249,-74.199214,1967,1975,,,,,"there are interruptions in 0, 1, 0, 1. See definitive dates in link1, table 2",1,1,1,http://www.chibougamaumines.com/documents/Technical_Reports_lac_chibougamau_SEDAR_000.pdf,,,Molybdenum
Grandroy Mines Ltd.,,,,,,Grandroy,Chibougamau ,Quebec,49.93249,-74.199214,1967,1975,,,,,"there are interruptions in 0, 1, 0, 1. See definitive dates in link1, table 2",1,1,1,http://www.chibougamaumines.com/documents/Technical_Reports_lac_chibougamau_SEDAR_000.pdf,,,Copper
Francana Minerals Ltd,Hudson Bay Mining and Smelting Co. Ltd.,Agassiz Resources Ltd.,,,,Snakehole Lake,Cabri ,Saskatchewan,50.509155,-108.4766612,1967,1991,,,,,,1,1,1,https://books.google.it/books?id=HKS5Ewu3A5QC&pg=PA1456&lpg=PA1456&dq=agassiz+resources+ltd.+cabri+saskatchewan&source=bl&ots=Te8cvEhob5&sig=ACfU3U3srsduvAISi0EpXlJN2d3EZ6GpEw&hl=en&sa=X&ved=2ahUKEwjksJKHx5z8AhUuVfEDHZ2gDWUQ6AF6BAgaEAM#v=onepage&q&f=false,,,Sodium Sulphate
Newland Enterprises Ltd.,Erco Industries Limited (Dunville Mining Company),R.K. Bishop,Dunville Mining Co. Ltd.,,,Villa Marie,Placentia,Newfoundland-and-Labrador,47.29940556,-53.85734782,1968,1988,,,,,The mine was also in operation from 1909 to 1910,1,1,1,https://www.gov.nl.ca/iet/files/mines-geoscience-publications-openfiles-of-nfld2889.pdf,,,Pyrophyllite
Anvil Mining Corp. Ltd.,Cyprus Anvil Mining Corporation,Curragh Resources Corporation,,,,Grum or Faro,Faro,Yukon,62.35722222222223,-133.3730556,1969,1982,1986,1998,,,"750 workers - abandoned, the Faro mine is one of Canada’s most expensive clean-up projects  billion dollars",1,1,1,https://www.rcaanc-cirnac.gc.ca/eng/1480019546952/1537554989037,,,Silver
Anvil Mining Corp. Ltd.,Cyprus Anvil Mining Corporation,Curragh Resources Corporation,,,,Grum or Faro,Faro,Yukon,62.35722222222223,-133.3730556,1969,1982,1986,1998,,,"750 workers - abandoned, the Faro mine is one of Canada’s most expensive clean-up projects  billion dollars",1,1,1,https://www.rcaanc-cirnac.gc.ca/eng/1480019546952/1537554989037,,,Lead
Anvil Mining Corp. Ltd.,Cyprus Anvil Mining Corporation,Curragh Resources Corporation,,,,Grum or Faro,Faro,Yukon,62.35722222222223,-133.3730556,1969,1982,1986,1998,,,"750 workers - abandoned, the Faro mine is one of Canada’s most expensive clean-up projects  billion dollars",1,1,1,https://www.rcaanc-cirnac.gc.ca/eng/1480019546952/1537554989037,,,Zinc
Anvil Mining Corp. Ltd.,Cyprus Anvil Mining Corporation,Curragh Resources Corporation,,,,Grum or Faro,Faro,Yukon,62.35722222222223,-133.3730556,1969,1982,1986,1998,,,"750 workers - abandoned, the Faro mine is one of Canada’s most expensive clean-up projects  billion dollars",1,1,1,https://www.rcaanc-cirnac.gc.ca/eng/1480019546952/1537554989037,,,Gold
Muscocho Explorations Ltd.,Argonaut,,,,,Magino,Wawa ,Ontario,48.28402,-84.45101,1972,1992,,,,,,1,1,1,https://www.argonautgold.com/English/assets/development/magino/default.aspx,https://iaac-aeic.gc.ca/050/documents/p80044/119412E.pdf,,Gold
Similkameen Mining Co. Ltd. ,Newmont Mines Ltd. ,,,,,Similkameen Division,Princeton,British Columbia,49.34028,-120.55528,1972,open,,,,,,1,1,1,https://propertyfile.gov.bc.ca/reports/PF887634.pdf,https://www.mindat.org/loc-122848.html,,Silver
Similkameen Mining Co. Ltd. ,Newmont Mines Ltd. ,,,,,Similkameen Division,Princeton,British Columbia,49.34028,-120.55528,1972,open,,,,,,1,1,1,https://propertyfile.gov.bc.ca/reports/PF887634.pdf,https://www.mindat.org/loc-122848.html,,Molybdenum
Similkameen Mining Co. Ltd. ,Newmont Mines Ltd. ,,,,,Similkameen Division,Princeton,British Columbia,49.34028,-120.55528,1972,open,,,,,,1,1,1,https://propertyfile.gov.bc.ca/reports/PF887634.pdf,https://www.mindat.org/loc-122848.html,,Gold
Similkameen Mining Co. Ltd. ,Newmont Mines Ltd. ,,,,,Similkameen Division,Princeton,British Columbia,49.34028,-120.55528,1972,open,,,,,,1,1,1,https://propertyfile.gov.bc.ca/reports/PF887634.pdf,https://www.mindat.org/loc-122848.html,,Copper
Societe Miniere D'Exploration Somex Ltd (Somex),,,,,,Somex (Lac Edouard),La Tuque,Quebec,47.43884808,-72.78426359,1973,1974,,,,,Previous name: Lac Edouard,1,1,1,https://thediggings.com/mines/usgs10097140,https://www.lacedouard.ca/upload/centre-documentaire/historique/histoire_de_lac-edouard_corr.pdf,,Nickel
Societe Miniere D'Exploration Somex Ltd (Somex),,,,,,Somex (Lac Edouard),La Tuque,Quebec,47.43884808,-72.78426359,1973,1974,,,,,Previous name: Lac Edouard,1,1,1,https://thediggings.com/mines/usgs10097140,https://www.lacedouard.ca/upload/centre-documentaire/historique/histoire_de_lac-edouard_corr.pdf,,Copper
Silice L.M. Ltd.,Baskatong Quartz Inc.,Hogan Holdings Inc.,,,,,Lac Bouchette,Quebec,48.299659,-72.143569,1975,2014,,,,,"might have been open and minor for the full period contracting sources
FR: Au nord du village à environ 4 km de son entrée, se trouve un important dépôt de quartz. Vers 1941, au beau milieu de la Seconde Guerre mondiale, une usine de silice ouvre ses portes à cet endroit dans le but de fournir en matières premières les Alliés, mais aussi l'industrie locale dans une moindre mesure. Le minerai est extrait et transporté par camion vers le moulin, en bordure du chemin de fer où il est entreposé, puis il est broyé selon les spécifications des clients et envoyé par voie ferroviaire. Malgré la grande valeur de l'industrie et les possibilités commerciales même en temps de paix, l'usine ne restera ouverte que quelques années et fermera peu après 1943. Le dépôt de quartz à ciel ouvert est toujours là et les ruines de l'usine sont toujours visibles dans les sous-bois en bordure du chemin de fer, au nord du village.
",1,1,1,https://www.globenewswire.com/en/news-release/2014/10/28/1412560/0/en/Fairmont-Options-Lac-Bouchette-Quartz-Property.html,https://gq.mines.gouv.qc.ca/documents/examine/GM68127/GM68127.pdf,https://www.mindat.org/loc-203534.html,Quartz
Lemoine Mines Ltd.,,,,,,,Lemoine,Quebec,49.761783,-74.106777,1975,1983,,,,,,1,1,1,https://www.onemine.org/document/abstract.cfm?docid=231413,,,Silver
Lemoine Mines Ltd.,,,,,,,Lemoine,Quebec,49.761783,-74.106777,1975,1983,,,,,,1,1,1,https://www.onemine.org/document/abstract.cfm?docid=231413,,,Gold
Lemoine Mines Ltd.,,,,,,,Lemoine,Quebec,49.761783,-74.106777,1975,1983,,,,,,1,1,1,https://www.onemine.org/document/abstract.cfm?docid=231413,,,Zinc
Lemoine Mines Ltd.,,,,,,,Lemoine,Quebec,49.761783,-74.106777,1975,1983,,,,,,1,1,1,https://www.onemine.org/document/abstract.cfm?docid=231413,,,Copper
Western Quebec Mines Inc ,Wesdome Gold Mines Ltd,,,,,Joubi,Val d'Or,Quebec,48.084246,-77.844044,1976,open,,,,,with important periods of closures,1,1,1,https://gq.mines.gouv.qc.ca/documents/examine/GM48168/GM48168.pdf,https://www.miningdataonline.com/reports/Kiena_TechnicalReport_12162016.pdf,,Silver
Western Quebec Mines Inc ,Wesdome Gold Mines Ltd,,,,,Joubi,Val d'Or,Quebec,48.084246,-77.844044,1976,open,,,,,with important periods of closures,1,1,1,https://gq.mines.gouv.qc.ca/documents/examine/GM48168/GM48168.pdf,https://www.miningdataonline.com/reports/Kiena_TechnicalReport_12162016.pdf,,Copper
Western Quebec Mines Inc ,Wesdome Gold Mines Ltd,,,,,Joubi,Val d'Or,Quebec,48.084246,-77.844044,1976,open,,,,,with important periods of closures,1,1,1,https://gq.mines.gouv.qc.ca/documents/examine/GM48168/GM48168.pdf,https://www.miningdataonline.com/reports/Kiena_TechnicalReport_12162016.pdf,,Gold
Quebec Cartier Mining Co.,,,,,,Mount Wright,Mount Wright,Quebec,52.74829517,-67.350998,1976,open,,,,,,1,1,1,https://miningdataonline.com/property/962/Mont-Wright-Mine.aspx,https://www.mindat.org/maps.php?id=16700,,Iron
Yukon Barite Co. Ltd,Nuspar Resources Ltd,,,,,,MacMillan Pass ,Yukon,63.06861,-130.205,1977,1978,1984,1985,,,,1,1,1,https://data.geology.gov.yk.ca/Occurrence/13754#InfoTab,,,Gold
Bras d’Or Mines Ltd.,,,,,,Mine Bras D'Or (Zone Dumont),Val d'Or,Quebec,48.125937,-77.689716,1978,1994,,,,,,1,1,1,https://www.mindat.org/loc-195142.html,https://depositum.uqat.ca/id/eprint/424/1/cahierhist6.pdf,,Gold
Noranda Mines Ltd. ,,,,,,Chadbourne,Royun,Quebec,48.245971,-79.032883,1978,1990,,,,,,1,1,1,https://store.cim.org/en/the-chadbourne-mine-n-oranda-quebec-a-gold-bearing-breccia,,,Silver
Noranda Mines Ltd. ,,,,,,Chadbourne,Royun,Quebec,48.245971,-79.032883,1978,1990,,,,,,1,1,1,https://store.cim.org/en/the-chadbourne-mine-n-oranda-quebec-a-gold-bearing-breccia,,,Tellurium
Noranda Mines Ltd. ,,,,,,Chadbourne,Royun,Quebec,48.245971,-79.032883,1978,1990,,,,,,1,1,1,https://store.cim.org/en/the-chadbourne-mine-n-oranda-quebec-a-gold-bearing-breccia,,,Copper
Noranda Mines Ltd. ,,,,,,Chadbourne,Royun,Quebec,48.245971,-79.032883,1978,1990,,,,,,1,1,1,https://store.cim.org/en/the-chadbourne-mine-n-oranda-quebec-a-gold-bearing-breccia,,,Gold
Exploration Aiguebelle Inc.,Aiguebelle Resources Inc. ,,,,,,Destor,Quebec,48.43261892,-78.67278816,1983,1988,,,,,,1,1,1,https://gq.mines.gouv.qc.ca/documents/examine/GM47892/GM47892.pdf,https://goldflare.ca/en/multimedia/#aiguebelle-goldfields,,Gold
Potash Company of America,Potash Company of America Inc. (a Division of Rio Algom Limited),Potacan Mining Company,,,,Cloverhill,Sussex ,New Brunswick,45.3353,-65.3618,1985,2003,,,,,government-sponsored drilling program,1,1,1,https://www1.gnb.ca/0078/GeoscienceDatabase/IndustrialMinerals/qryIndMinSummary-e.asp?Num=1116,,,Salt
Potash Company of America,Potash Company of America Inc. (a Division of Rio Algom Limited),Potacan Mining Company,,,,Cloverhill,Sussex ,New Brunswick,45.3353,-65.3618,1985,2003,,,,,government-sponsored drilling program,1,1,1,https://www1.gnb.ca/0078/GeoscienceDatabase/IndustrialMinerals/qryIndMinSummary-e.asp?Num=1116,,,Potash
Lithos Corporation,,,,,,Wrightbar,Val d'Or,Quebec,48.103521,-77.580791,1986,1988,1995,1997,,,,1,1,1,https://www.globexmining.com/property.php?id=39,,,Copper
Lithos Corporation,,,,,,Wrightbar,Val d'Or,Quebec,48.103521,-77.580791,1986,1988,1995,1997,,,,1,1,1,https://www.globexmining.com/property.php?id=39,,,Gold
Hope Brook Gold Inc.,Royal Oak Mines Inc.,,,,,Hope Brook,Couteau Bay,Newfoundland-and-Labrador,47.73778,-58.08639,1987,1997,,,,,200 or 262 workers,1,1,1,https://www.mindat.org/loc-248875.html,,,Gold
Canada Pumice Corporation,,,,,,Nazko or Klara,Quesnel,British Columbia,52.922667,-123.736667,1987,1993,,,,,,1,1,1,https://minfile.gov.bc.ca/Summary.aspx?minfilno=093B++060,,,Diatomite
Rouyn Mining Resources Inc. ,Richmont Mines Inc.,,,,,Francoeur,Royun,Quebec,48.207841,-79.292369,1988,1990,1991,1999,,,,1,1,1,https://www.reuters.com/article/richmontmines-mineshutdown-idUSL4N09943620121129,https://globexmining.com/property.php?id=220,https://publications.gc.ca/collections/Collection/M39-78-2001E.pdf,Gold
"Minnova Inc., Winston Lake Mine",Metall Mining Corporation,,,,,Winston Lake,Pays Plat Lake ,Ontario,48.97865,-87.37375,1988,1998,,,,,,1,1,1,"https://www.northernontariobusiness.com/mining-the-northwest/mining-the-northwest-developer-looks-to-fast-track-former-schreiber-area-zinc-mine-into-production-by-2023-5440936#:~:text=The%20Winston%20Lake%20Mine%20closed,galvanizing%2C%20construction%20and%20automotive%20sectors.",,,Copper
Aurizon Mines Ltd.,TVX Gold Inc.,TVX Gold Inc. and Golden Knight Resources Inc ,INCO Gold Co. ,,,Casa Berardi,Val d'Or,Quebec,49.57166667,-79.23194444,1988,1991,1993,open,,,Many subzone to the Casa Berardi project . It includes 'Golden Pond East Mine' and 'West Cada Berardi'   ////////// https://publications.gc.ca/collections/Collection/M39-78-2001E.pdf /// reopening in 2017 ( closure before that to be confirmed),1,1,1,https://miningdataonline.com/property/24/Casa-Berardi-Mine.aspx,https://en.wikipedia.org/wiki/Casa_Berardi_Mine,https://www.miningweekly.com/article/casa-beradi-mine-canada-2012-11-09/rep_id:3650,Gold
Cambior Inc.  ,,,,,,"Lucien Beliveau, New Pascalis",Val d'Or,Quebec,48.141294,-77.516743,1989,1993,,,,,,1,1,1,https://thediggings.com/mines/usgs10303162,https://www.mindat.org/loc-15016.html,,Gold
Eastmaque Gold Mines Ltd.,,,,,,,Kirkland Lake,Ontario,48.157406,-80.041772,1990,1992,,,,,,1,1,1,http://www.geologyontario.mndm.gov.on.ca/mndmfiles/mdi/data/records/MDI42A01NE00043.html,,,Gold
Silidor Mines Inc. ,Battle Mountain Canada Limited,Cambior Inc,,,,Silidor (Sillidor),Rouyn-Noranda,Quebec,48.253,-79.07873,1990,1997,,,,,,1,1,1,https://www.mindat.org/loc-256816.html,https://www.northernminer.com/subscribe-login/?id=1000140122,https://thediggings.com/mines/usgs10158284,Silver
Silidor Mines Inc. ,Battle Mountain Canada Limited,Cambior Inc,,,,Silidor (Sillidor),Rouyn-Noranda,Quebec,48.253,-79.07873,1990,1997,,,,,,1,1,1,https://www.mindat.org/loc-256816.html,https://www.northernminer.com/subscribe-login/?id=1000140122,https://thediggings.com/mines/usgs10158284,Copper
Silidor Mines Inc. ,Battle Mountain Canada Limited,Cambior Inc,,,,Silidor (Sillidor),Rouyn-Noranda,Quebec,48.253,-79.07873,1990,1997,,,,,,1,1,1,https://www.mindat.org/loc-256816.html,https://www.northernminer.com/subscribe-login/?id=1000140122,https://thediggings.com/mines/usgs10158284,Barium
Silidor Mines Inc. ,Battle Mountain Canada Limited,Cambior Inc,,,,Silidor (Sillidor),Rouyn-Noranda,Quebec,48.253,-79.07873,1990,1997,,,,,,1,1,1,https://www.mindat.org/loc-256816.html,https://www.northernminer.com/subscribe-login/?id=1000140122,https://thediggings.com/mines/usgs10158284,Gold
Société Minière Sphinx Inc. (Duvay-Obalski Heap Leach Operation) ,,,,,,Duvay-Obalski,Amos,Quebec,49.873365,-74.392456,1990,open,,,,,Heal Leach Operation is a mining technique. The mine is Duvay-Obalski.   /////    https://www.mindat.org/loc-207913.html,1,1,1,https://www.globexmining.com/property.php?id=16,https://www.mindat.org/loc-207913.html,https://publications.gc.ca/collections/Collection/M39-78-2001E.pdf,Silver
Société Minière Sphinx Inc. (Duvay-Obalski Heap Leach Operation) ,,,,,,Duvay-Obalski,Amos,Quebec,49.873365,-74.392456,1990,open,,,,,Heal Leach Operation is a mining technique. The mine is Duvay-Obalski.   /////    https://www.mindat.org/loc-207913.html,1,1,1,https://www.globexmining.com/property.php?id=16,https://www.mindat.org/loc-207913.html,https://publications.gc.ca/collections/Collection/M39-78-2001E.pdf,Zinc
Société Minière Sphinx Inc. (Duvay-Obalski Heap Leach Operation) ,,,,,,Duvay-Obalski,Amos,Quebec,49.873365,-74.392456,1990,open,,,,,Heal Leach Operation is a mining technique. The mine is Duvay-Obalski.   /////    https://www.mindat.org/loc-207913.html,1,1,1,https://www.globexmining.com/property.php?id=16,https://www.mindat.org/loc-207913.html,https://publications.gc.ca/collections/Collection/M39-78-2001E.pdf,Copper
Société Minière Sphinx Inc. (Duvay-Obalski Heap Leach Operation) ,,,,,,Duvay-Obalski,Amos,Quebec,49.873365,-74.392456,1990,open,,,,,Heal Leach Operation is a mining technique. The mine is Duvay-Obalski.   /////    https://www.mindat.org/loc-207913.html,1,1,1,https://www.globexmining.com/property.php?id=16,https://www.mindat.org/loc-207913.html,https://publications.gc.ca/collections/Collection/M39-78-2001E.pdf,Gold
Xstrata Nickel Canada,,,,,,Thayer-Lindsley,,Ontario,46.5611,-80.9919,1991,2009,,,,,in 2007 (before closure ) The Thayer Lindsley mine began production in 1991 and currently employs 195 people.,1,1,1,https://www.canadianminingjournal.com/news/nickel-mining-thayer-lindsley-mine-life-extended/,,,Nickel
Xstrata Nickel Canada,,,,,,Thayer-Lindsley,,Ontario,46.5611,-80.9919,1991,2009,,,,,in 2007 (before closure ) The Thayer Lindsley mine began production in 1991 and currently employs 195 people.,1,1,1,https://www.canadianminingjournal.com/news/nickel-mining-thayer-lindsley-mine-life-extended/,,,Tellurium
Xstrata Nickel Canada,,,,,,Thayer-Lindsley,,Ontario,46.5611,-80.9919,1991,2009,,,,,in 2007 (before closure ) The Thayer Lindsley mine began production in 1991 and currently employs 195 people.,1,1,1,https://www.canadianminingjournal.com/news/nickel-mining-thayer-lindsley-mine-life-extended/,,,Cobalt
Xstrata Nickel Canada,,,,,,Thayer-Lindsley,,Ontario,46.5611,-80.9919,1991,2009,,,,,in 2007 (before closure ) The Thayer Lindsley mine began production in 1991 and currently employs 195 people.,1,1,1,https://www.canadianminingjournal.com/news/nickel-mining-thayer-lindsley-mine-life-extended/,,,Gold
Xstrata Nickel Canada,,,,,,Thayer-Lindsley,,Ontario,46.5611,-80.9919,1991,2009,,,,,in 2007 (before closure ) The Thayer Lindsley mine began production in 1991 and currently employs 195 people.,1,1,1,https://www.canadianminingjournal.com/news/nickel-mining-thayer-lindsley-mine-life-extended/,,,Copper
Xstrata Nickel Canada,,,,,,Thayer-Lindsley,,Ontario,46.5611,-80.9919,1991,2009,,,,,in 2007 (before closure ) The Thayer Lindsley mine began production in 1991 and currently employs 195 people.,1,1,1,https://www.canadianminingjournal.com/news/nickel-mining-thayer-lindsley-mine-life-extended/,,,Silver
Xstrata Nickel Canada,,,,,,Thayer-Lindsley,,Ontario,46.5611,-80.9919,1991,2009,,,,,in 2007 (before closure ) The Thayer Lindsley mine began production in 1991 and currently employs 195 people.,1,1,1,https://www.canadianminingjournal.com/news/nickel-mining-thayer-lindsley-mine-life-extended/,,,Selenium
Xstrata Nickel Canada,,,,,,Thayer-Lindsley,,Ontario,46.5611,-80.9919,1991,2009,,,,,in 2007 (before closure ) The Thayer Lindsley mine began production in 1991 and currently employs 195 people.,1,1,1,https://www.canadianminingjournal.com/news/nickel-mining-thayer-lindsley-mine-life-extended/,,,Platinum
Cambior Inc.,IAMGOLD Corporation,,,,,Mouska,Rouyn-Noranda,Quebec,48.27622,-78.569989,1991,2012,,,,,,1,1,1,https://publications.gc.ca/collections/Collection/M39-78-2001E.pdf,http://wikimapia.org/30726639/Mining-Lease-0800-Mouska-Mine,,Gold
Timmins Nickel Inc.,Inco Ltd.,,,,,Norandas,Timmins ,Ontario,48.4756673,-81.32815975,1991,1993,,,,,"Dome Mountain Project: Gold mineralization was first located on the property in the late 1800’s and considerable surface and underground work was done in 1923-24. Resumption of exploration in the 1980’s led to the discovery of the Boulder Vein system in 1985 by Noranda. Underground mining was initiated in August 1991 by Timmins Nickel Inc. and its joint venture partner, Habsburg Resources Inc. and ceased in May 1993. During this period 43,900 tonnes at an average grade of 12.0 grams per tonne gold were reportedly mined from shrinkage stopes accessed from trackless drift developments on the 1290 and 1370 levels.",1,1,1,https://bluelagoonresources.com/dome-mountain/,,,Nickel
I.K.O. Industries Ltd.,,,,,,Ashcroft,Ashcroft ,British Columbia,50.720277,-121.21694,1997,open,,,,,"In 2003, 250 000 tonnes of roofing granules were produced in six distinct colours, employing approximately 75 people. In 2004, the plant produced approximately 250 000 tonnes of roofing granules in ten distinct colours, employing approximately 55 people.",1,1,1,https://minfile.gov.bc.ca/Summary.aspx?minfilno=092INW104,,,Aggregate
Inmet Mining Corporation,,,,,,Troilus,Chibougamau ,Quebec,51.011121,-74.466634,1997,2010,,,,,,1,1,1,https://troilusgold.com/troilus-gold-project/project-history/,https://www.mindat.org/loc-418980.html,,Silver
Inmet Mining Corporation,,,,,,Troilus,Chibougamau ,Quebec,51.011121,-74.466634,1997,2010,,,,,,1,1,1,https://troilusgold.com/troilus-gold-project/project-history/,https://www.mindat.org/loc-418980.html,,Copper
Inmet Mining Corporation,,,,,,Troilus,Chibougamau ,Quebec,51.011121,-74.466634,1997,2010,,,,,,1,1,1,https://troilusgold.com/troilus-gold-project/project-history/,https://www.mindat.org/loc-418980.html,,Gold
Falconbridge Limited,Xstrata,,,,,Raglan,Ungava,Quebec,61.681668,-73.671588,1998,open,,,,,,1,1,1,https://www.nrcan.gc.ca/science-data/science-research/earth-sciences/earth-sciences-resources/earth-sciences-federal-programs/raglan-mine-quebec/8814,https://www.mining-technology.com/projects/raglan/,,Nickel
Falconbridge Limited,Xstrata,,,,,Raglan,Ungava,Quebec,61.681668,-73.671588,1998,open,,,,,,1,1,1,https://www.nrcan.gc.ca/science-data/science-research/earth-sciences/earth-sciences-resources/earth-sciences-federal-programs/raglan-mine-quebec/8814,https://www.mining-technology.com/projects/raglan/,,Cobalt
Falconbridge Limited,Xstrata,,,,,Raglan,Ungava,Quebec,61.681668,-73.671588,1998,open,,,,,,1,1,1,https://www.nrcan.gc.ca/science-data/science-research/earth-sciences/earth-sciences-resources/earth-sciences-federal-programs/raglan-mine-quebec/8814,https://www.mining-technology.com/projects/raglan/,,Copper
Falconbridge Limited,Xstrata,,,,,Raglan,Ungava,Quebec,61.681668,-73.671588,1998,open,,,,,,1,1,1,https://www.nrcan.gc.ca/science-data/science-research/earth-sciences/earth-sciences-resources/earth-sciences-federal-programs/raglan-mine-quebec/8814,https://www.mining-technology.com/projects/raglan/,,Gold
Falconbridge Limited,Xstrata,,,,,Raglan,Ungava,Quebec,61.681668,-73.671588,1998,open,,,,,,1,1,1,https://www.nrcan.gc.ca/science-data/science-research/earth-sciences/earth-sciences-resources/earth-sciences-federal-programs/raglan-mine-quebec/8814,https://www.mining-technology.com/projects/raglan/,,Palladium
Falconbridge Limited,Xstrata,,,,,Raglan,Ungava,Quebec,61.681668,-73.671588,1998,open,,,,,,1,1,1,https://www.nrcan.gc.ca/science-data/science-research/earth-sciences/earth-sciences-resources/earth-sciences-federal-programs/raglan-mine-quebec/8814,https://www.mining-technology.com/projects/raglan/,,Platinum
Craigmont Mines Ltd.,Huldra Silver Inc.,,,,,Craigmont,Merritt ,British Columbia,50.2075,-120.92611,1961,1982,2012,2013,,,,1,1,0,,,,Magnetite
Craigmont Mines Ltd.,Huldra Silver Inc.,,,,,Craigmont,Merritt ,British Columbia,50.2075,-120.92611,1961,1982,2012,2013,,,,1,1,0,,,,Gold
Craigmont Mines Ltd.,Huldra Silver Inc.,,,,,Craigmont,Merritt ,British Columbia,50.2075,-120.92611,1961,1982,2012,2013,,,,1,1,0,,,,Copper
Craigmont Mines Ltd.,Huldra Silver Inc.,,,,,Craigmont,Merritt ,British Columbia,50.2075,-120.92611,1961,1982,2012,2013,,,,1,1,0,,,,Silver
Craigmont Mines Ltd.,Huldra Silver Inc.,,,,,Craigmont,Merritt ,British Columbia,50.2075,-120.92611,1961,1982,2012,2013,,,,1,1,0,,,,Iron
"International Nickel Co. of Canada Ltd., The ",Inco,,,,,Birchtree,,Manitoba,55.702222222222225,-97.92472222,1968,2017,,,,,,1,1,0,,,,Nickel
"International Nickel Co. of Canada Ltd., The ",Inco,,,,,Birchtree,,Manitoba,55.702222222222225,-97.92472222,1968,2017,,,,,,1,1,0,,,,Cobalt
"International Nickel Co. of Canada Ltd., The ",Inco,,,,,Birchtree,,Manitoba,55.702222222222225,-97.92472222,1968,2017,,,,,,1,1,0,,,,Gold
"International Nickel Co. of Canada Ltd., The ",Inco,,,,,Birchtree,,Manitoba,55.702222222222225,-97.92472222,1968,2017,,,,,,1,1,0,,,,Copper
"International Nickel Co. of Canada Ltd., The ",Inco,,,,,Birchtree,,Manitoba,55.702222222222225,-97.92472222,1968,2017,,,,,,1,1,0,,,,Silver
"International Nickel Co. of Canada Ltd., The ",Inco,,,,,Birchtree,,Manitoba,55.702222222222225,-97.92472222,1968,2017,,,,,,1,1,0,,,,Platinum
Claude Resources Inc.,SSR Mining Inc.,,,,,Seabee,La Ronge,Saskatchewan,55.685276,-103.6130618,1991,2018,,,,,,1,1,0,,,,Gold
Canadian Keeley Mines Limited,,,,,,Keeley-Frontier,,Ontario,47.19908,-79.5071,1908,1964,,,,,large mine in ghost town ,1,1,0,,,,Silver
Indusmin Ltd.,Unimin Canada Ltd.,,,,,Ontario Silica Division,Killarney ,Ontario,45.97102,-81.58989,1911,1970,,,,,,1,1,0,,,,Silica
McIntyre Porcupine Mines Ltd. ,McIntyre Porcupine Mines Ltd.,"Pamour Porcupine Mines, Ltd.",,,,Schumacher Division (Former McIntyre) and renamed 1981: Shumacher,Schumacher or Shumacher,Ontario,48.4821,-81.29626,1912,1984,,,,,"exhaustion of reserves in 1984.
In 2015, the McIntyre Powder Project and Occupational Health Clinics for Ontario Workers began investigating the link between the McIntyre aluminum dust treatment and neurological disorders, including ALS and Parkinson's disease. The McIntyre Powder Project is a registry for miners who have health issues and who have been exposed to McIntyre Powder aluminum dust.",1,1,0,,,,Gold
Midland Coal Mining Co. Ltd.,,,,,,,,Alberta,51.47988297,-112.7678241,1912,1959,,,,,,1,1,0,,,,Coal
Teck Corporation Ltd.,,,,,,,Beaverdell ,British Columbia,49.432221,-119.06111,1913,1990,,,,,,1,1,0,,,,Lead
Teck Corporation Ltd.,,,,,,,Beaverdell ,British Columbia,49.432221,-119.06111,1913,1990,,,,,,1,1,0,,,,Gold
Teck Corporation Ltd.,,,,,,,Beaverdell ,British Columbia,49.432221,-119.06111,1913,1990,,,,,,1,1,0,,,,Copper
Teck Corporation Ltd.,,,,,,,Beaverdell ,British Columbia,49.432221,-119.06111,1913,1990,,,,,,1,1,0,,,,Silver
Teck Corporation Ltd.,,,,,,,Beaverdell ,British Columbia,49.432221,-119.06111,1913,1990,,,,,,1,1,0,,,,Cadmium
Teck Corporation Ltd.,,,,,,,Beaverdell ,British Columbia,49.432221,-119.06111,1913,1990,,,,,,1,1,0,,,,Zinc
Canada Talc Industries Ltd. ,,,,,,Conley,Madoc (Havelock),Ontario,44.50406,-77.45273,1914,2010,,,,,,1,1,0,,,,Talc
Springhill Coal Mines Ltd. ,Cumberland Railway and Coal Co. ,,,,,,Springhill ,Nova Scotia,45.65338829,-64.06378435,1915,1970,,,,,"Production begins at Novex Mining and Exploration Company’s barite mine at Pine Brook, Cape Breton, Nova Scotia",1,1,0,,,,Coal
Indian Cove Coal Co. ,,,,,,,Sydney Mines ,Nova Scotia,46.242273,-60.230613,1918,1963,,,,,,1,1,0,,,,Coal
Buchans Mining Co. Ltd,American Smelting and Refining Company (Buchans Unit) ,ASARCO Incorporated (Buchans Unit),Price-ASARCO Inc.,,,Buchans Unit,Buchans ,Newfoundland-and-Labrador,48.81788217,-56.87059189,1928,1984,2006,2010,2020,open,,1,1,0,,,,Barite
Electro Metallurgical Co. ,Dominion Mines and Quarries Ltd. ,Union Carbide Canada Ltd. ,,,,,Little Current,Ontario,45.98035854,-81.92723483,1930,1968,,,,,,1,1,0,,,,Silica
Waite Amulet Mines Ltd.,,,,,,,,Quebec,48.310132,-79.075479,1930,1962,,,,,,1,1,0,,,,Sulfur
Waite Amulet Mines Ltd.,,,,,,,,Quebec,48.310132,-79.075479,1930,1962,,,,,,1,1,0,,,,Tellurium
Waite Amulet Mines Ltd.,,,,,,,,Quebec,48.310132,-79.075479,1930,1962,,,,,,1,1,0,,,,Gold
Waite Amulet Mines Ltd.,,,,,,,,Quebec,48.310132,-79.075479,1930,1962,,,,,,1,1,0,,,,Copper
Waite Amulet Mines Ltd.,,,,,,,,Quebec,48.310132,-79.075479,1930,1962,,,,,,1,1,0,,,,Silver
Waite Amulet Mines Ltd.,,,,,,,,Quebec,48.310132,-79.075479,1930,1962,,,,,,1,1,0,,,,Zinc
Waite Amulet Mines Ltd.,,,,,,,,Quebec,48.310132,-79.075479,1930,1962,,,,,,1,1,0,,,,Iron
Beattie-Duquesne Mines Ltd. ,,,,,,Beattie,,Quebec,48.510851,-79.235575,1933,1956,,,,,,1,1,0,,,,Gold
Powell Rouyn Gold Mines Ltd.,,,,,,,,Quebec,48.263114,-79.05047,1937,1956,,,,,,1,1,0,,,,Silver
Powell Rouyn Gold Mines Ltd.,,,,,,,,Quebec,48.263114,-79.05047,1937,1956,,,,,,1,1,0,,,,Silica
Powell Rouyn Gold Mines Ltd.,,,,,,,,Quebec,48.263114,-79.05047,1937,1956,,,,,,1,1,0,,,,Gold
Nigadoo River Mines Ltd.,,,,,,Nigadoo,Robertville ,New Brunswick,47.73306,-65.80642,1938,1988,,,,,,1,1,0,,,,Silver
Nigadoo River Mines Ltd.,,,,,,Nigadoo,Robertville ,New Brunswick,47.73306,-65.80642,1938,1988,,,,,,1,1,0,,,,Lead
Nigadoo River Mines Ltd.,,,,,,Nigadoo,Robertville ,New Brunswick,47.73306,-65.80642,1938,1988,,,,,,1,1,0,,,,Zinc
Nigadoo River Mines Ltd.,,,,,,Nigadoo,Robertville ,New Brunswick,47.73306,-65.80642,1938,1988,,,,,,1,1,0,,,,Copper
Dominion Coal Co. Ltd.,,,,,,,,Nova Scotia,45.2202727,-63.93275043,1939,1971,,,,,,1,1,0,,,,Coal
Belleterre Quebec Mines Ltd. ,,,,,,,,Quebec,47.414016,-78.676119,1940,1958,,,,,,1,1,0,,,,Gold
Sybouts Sodium Sulphate Co. Ltd. ,,,,,,,Gladmar ,Saskatchewan,49.03696,-104.4335795,1941,1980,,,,,,1,1,0,,,,Sodium Sulphate
"Dominion Steel and Coal Corp. Ltd.,",Acadia Coal Co. Ltd. ,,,,,Acadia Coal Division,,Nova Scotia,45.560911,-62.5639188,1946,1972,,,,,,1,1,0,,,,Coal
Consolidated Candego Mines Ltd. ,,,,,,Candego,,Quebec,49.063244,-66.068973,1948,1954,,,,,,1,1,0,,,,Silver
Consolidated Candego Mines Ltd. ,,,,,,Candego,,Quebec,49.063244,-66.068973,1948,1954,,,,,,1,1,0,,,,Lead
Consolidated Candego Mines Ltd. ,,,,,,Candego,,Quebec,49.063244,-66.068973,1948,1954,,,,,,1,1,0,,,,Zinc
Consolidated Candego Mines Ltd. ,,,,,,Candego,,Quebec,49.063244,-66.068973,1948,1954,,,,,,1,1,0,,,,Gold
Baker Talc Ltd.,International Larder Minerals Inc.,,,,,Marcoux,Highwater ,Quebec,45.095201,-72.401157,1949,1952,1992,1993,,,"In 1992's 900A Map, this mine changed location to South Bolton which is very close to Highwater (like 50 min driving). ",1,1,0,,,,Talc
Baker Talc Ltd.,International Larder Minerals Inc.,,,,,Marcoux,Highwater ,Quebec,45.095201,-72.401157,1949,1952,1992,1993,,,"In 1992's 900A Map, this mine changed location to South Bolton which is very close to Highwater (like 50 min driving). ",1,1,0,,,,Steatite
Consolidated Discovery Yellowknife Mines Ltd.,Discovery Mines Ltd.,,,,,Discovery,Discovery,Northwest Territories,62.26646,-137.1215,1949,1969,,,,," ""substantial abandoned property located 84 kilometers north of Yellowknife, NWT. The mine produced gold between 1950 and 1969, producing one million ounces from one million tons of ore. It has been visited numerous times over the years by the author. The old townsite and mine buildings were demolished in the summer of 2005 during a cleanup project managed by D.I.A.N.D."" (source1 (Silke) p. 176) 
CAUSE : Economic ore reserves were depleted in 1969 and the mine and village closed 
SIZE: In 1949-1950, Discovery Mine employed about 60 to 70 men. Men were housed in two bunkhouses each of 35 man capacity. Single-staff members were housed above the combined office/warehouse structure. AND An average of 128 were employed at Discovery in 1966. Two women were also on the payroll as assistants in the assay office.",1,1,0,,,,Gold
Dow Chemical Co.,,,,,,,Sarnia,Ontario,42.94038,-82.43676,1950,1960,,,,,,1,1,0,,,,Salt
Inco Limited ,Inco Metals Company,,,,,Murray,Sudbury,Ontario,46.51475921,-81.06543775,1950,1971,,,,,The mine was also in operation from 1916 to 1923.,1,1,0,,,,Nickel
Inco Limited ,Inco Metals Company,,,,,Murray,Sudbury,Ontario,46.51475921,-81.06543775,1950,1971,,,,,The mine was also in operation from 1916 to 1923.,1,1,0,,,,Cobalt
Delbridge Mines Ltd.,,,,,,Delbridge (Eldona),Noranda ,Quebec,48.261709,-78.965241,1950,1952,1969,1971,,,,1,1,0,,,,Lead
Delbridge Mines Ltd.,,,,,,Delbridge (Eldona),Noranda ,Quebec,48.261709,-78.965241,1950,1952,1969,1971,,,,1,1,0,,,,Copper
Delbridge Mines Ltd.,,,,,,Delbridge (Eldona),Noranda ,Quebec,48.261709,-78.965241,1950,1952,1969,1971,,,,1,1,0,,,,Gold
Delbridge Mines Ltd.,,,,,,Delbridge (Eldona),Noranda ,Quebec,48.261709,-78.965241,1950,1952,1969,1971,,,,1,1,0,,,,Silver
Delbridge Mines Ltd.,,,,,,Delbridge (Eldona),Noranda ,Quebec,48.261709,-78.965241,1950,1952,1969,1971,,,,1,1,0,,,,Zinc
Canadian Johns-Manville Co. Ltd.,Johns-Mandeville Mining Co. Ltd.,"Canadian Johns-Manville Co., Ltd.",,,,,Timmins ,Ontario,48.55806,-80.25318,1950,1964,,,,,,1,1,0,,,,Asbestos
Stettler Coal Co. Ltd.,,,,,,,Halkirk ,Alberta,52.47596003,-112.1930807,1950,1977,,,,,,1,1,0,,,,Coal
Weedon Pyrite and Copper Corp. Ltd. ,,,,,,Weedon (McDonald),,Quebec,45.704854,-71.371148,1951,1959,1969,1973,,,,1,1,0,,,,Lead
Weedon Pyrite and Copper Corp. Ltd. ,,,,,,Weedon (McDonald),,Quebec,45.704854,-71.371148,1951,1959,1969,1973,,,,1,1,0,,,,Gold
Weedon Pyrite and Copper Corp. Ltd. ,,,,,,Weedon (McDonald),,Quebec,45.704854,-71.371148,1951,1959,1969,1973,,,,1,1,0,,,,Copper
Weedon Pyrite and Copper Corp. Ltd. ,,,,,,Weedon (McDonald),,Quebec,45.704854,-71.371148,1951,1959,1969,1973,,,,1,1,0,,,,Silver
Weedon Pyrite and Copper Corp. Ltd. ,,,,,,Weedon (McDonald),,Quebec,45.704854,-71.371148,1951,1959,1969,1973,,,,1,1,0,,,,Cadmium
Weedon Pyrite and Copper Corp. Ltd. ,,,,,,Weedon (McDonald),,Quebec,45.704854,-71.371148,1951,1959,1969,1973,,,,1,1,0,,,,Zinc
Canadian Silica Corp. Ltd.,,,,,,Sheguiandah Quarry,Howland Twp,Ontario,45.98052329,-81.92879194,1951,1954,,,,,,1,1,0,,,,Silica
Consolidated Canadian Faraday Ltd.,,,,,,,Werner Lake,Ontario,50.4639,-94.93163,1954,1972,,,,,,1,1,0,,,,Nickel
Heath Steele Mines Ltd. ,"Noranda Mining and Exploration Inc., Heath Steele Division, (B and C Mines)",Brunswick Mining and Smelting Corporation Limited and Noranda Minerals Inc,,,,Heath Steele,Newcastle ,New Brunswick,47.29027778,-66.07222222,1955,2008,,,,,,1,1,0,,,,Silver
Heath Steele Mines Ltd. ,"Noranda Mining and Exploration Inc., Heath Steele Division, (B and C Mines)",Brunswick Mining and Smelting Corporation Limited and Noranda Minerals Inc,,,,Heath Steele,Newcastle ,New Brunswick,47.29027778,-66.07222222,1955,2008,,,,,,1,1,0,,,,Lead
Heath Steele Mines Ltd. ,"Noranda Mining and Exploration Inc., Heath Steele Division, (B and C Mines)",Brunswick Mining and Smelting Corporation Limited and Noranda Minerals Inc,,,,Heath Steele,Newcastle ,New Brunswick,47.29027778,-66.07222222,1955,2008,,,,,,1,1,0,,,,Zinc
Heath Steele Mines Ltd. ,"Noranda Mining and Exploration Inc., Heath Steele Division, (B and C Mines)",Brunswick Mining and Smelting Corporation Limited and Noranda Minerals Inc,,,,Heath Steele,Newcastle ,New Brunswick,47.29027778,-66.07222222,1955,2008,,,,,,1,1,0,,,,Copper
Willroy Mines Ltd.,,,,,,,Manitouwadge ,Ontario,49.15656,-85.8246,1955,1974,,,,,,1,1,0,,,,Silver
Willroy Mines Ltd.,,,,,,,Manitouwadge ,Ontario,49.15656,-85.8246,1955,1974,,,,,,1,1,0,,,,Zinc
Willroy Mines Ltd.,,,,,,,Manitouwadge ,Ontario,49.15656,-85.8246,1955,1974,,,,,,1,1,0,,,,Copper
Lake Cinch Mines Ltd.,,,,,,,,Saskatchewan,59.54278,-108.66861,1955,1960,,,,,,1,1,0,,,,Uranium
National Explorers Ltd.,,,,,,,,Saskatchewan,59.595276,-108.423043,1956,1958,,,,,,1,1,0,,,,Uranium
Faraday Uranium Mines Ltd. ,Madawaska Mines Ltd.,,,,,Madawaska,Brancroft,Ontario,45.02066,-77.92475,1957,1964,1975,1982,,,"cause: The decline of global demand for uranium shut the mine down in 1964 destroying the local economy. Local Catholic priest Rev. Henry Maloney, the brother of former Ontario Ombudsman Arthur Maloney, led the community to demand support from the Government of Ontario and Government of Canada to extend the contracts buying uranium. Canadian Prime Minister John Diefenbaker, relying on an old agreement with the United Kingdom to buy uranium from Canada, was able to prolong the life of the mine by eighteen months, giving the community enough time to plan for the closure",1,1,0,,,,Uranium
Minworth Ltd.,AGS Vein St. Lawrence,,,,,,St-Lawrence,Newfoundland-and-Labrador,46.91488521,-55.4858431,1957,2019,,,,,,1,1,0,,,,Lead
Minworth Ltd.,AGS Vein St. Lawrence,,,,,,St-Lawrence,Newfoundland-and-Labrador,46.91488521,-55.4858431,1957,2019,,,,,,1,1,0,,,,Zinc
Minworth Ltd.,AGS Vein St. Lawrence,,,,,,St-Lawrence,Newfoundland-and-Labrador,46.91488521,-55.4858431,1957,2019,,,,,,1,1,0,,,,Fluorspar
Minworth Ltd.,AGS Vein St. Lawrence,,,,,,St-Lawrence,Newfoundland-and-Labrador,46.91488521,-55.4858431,1957,2019,,,,,,1,1,0,,,,Copper
Stelco Mines Quebec Ltd.  ,,,,,,Hilton,Shawville ,Quebec,45.60376813,-76.49247132,1958,1977,,,,,,1,1,0,,,,Iron
Norduna Mines Letd.,,,,,,,,Ontario,46.60343,-80.76397,1958,1962,,,,,,1,1,0,,,,Gold
Norduna Mines Letd.,,,,,,,,Ontario,46.60343,-80.76397,1958,1962,,,,,,1,1,0,,,,Copper
Black Bay Uranium Ltd.,,,,,,,,Saskatchewan,59.50693408,-108.4805547,1958,1960,,,,,,1,1,0,,,,Uranium
Vauze Mines Ltd. ,,,,,,,,Quebec,48.360297,-79.082217,1961,1965,,,,,,1,1,0,,,,Zinc
Vauze Mines Ltd. ,,,,,,,,Quebec,48.360297,-79.082217,1961,1965,,,,,,1,1,0,,,,Copper
Cominco Ltd.,Rio Algom Limited,Highland Valley Copper Corp., Teck Corporation,,,,Highland Valley,British Columbia,50.485555,-121.04833,1962,2021,,,,,,1,1,0,,,,Lead
Cominco Ltd.,Rio Algom Limited,Highland Valley Copper Corp., Teck Corporation,,,,Highland Valley,British Columbia,50.485555,-121.04833,1962,2021,,,,,,1,1,0,,,,Gold
Cominco Ltd.,Rio Algom Limited,Highland Valley Copper Corp., Teck Corporation,,,,Highland Valley,British Columbia,50.485555,-121.04833,1962,2021,,,,,,1,1,0,,,,Copper
Cominco Ltd.,Rio Algom Limited,Highland Valley Copper Corp., Teck Corporation,,,,Highland Valley,British Columbia,50.485555,-121.04833,1962,2021,,,,,,1,1,0,,,,Silver
Cominco Ltd.,Rio Algom Limited,Highland Valley Copper Corp., Teck Corporation,,,,Highland Valley,British Columbia,50.485555,-121.04833,1962,2021,,,,,,1,1,0,,,,Molybdenum
Cominco Ltd.,Rio Algom Limited,Highland Valley Copper Corp., Teck Corporation,,,,Highland Valley,British Columbia,50.485555,-121.04833,1962,2021,,,,,,1,1,0,,,,Zinc
International Minerals and Chemical Corp. (Canada) Ltd. ,International Minerals & Chemical Corporation (Canada) Global Umited,,,,,K1,Esterhazy ,Saskatchewan,50.748881,-101.9296429,1962,open,,,,,,1,1,0,,,,Salt
International Minerals and Chemical Corp. (Canada) Ltd. ,International Minerals & Chemical Corporation (Canada) Global Umited,,,,,K1,Esterhazy ,Saskatchewan,50.748881,-101.9296429,1962,open,,,,,,1,1,0,,,,Potash
Jedway Iron Ore Limited,,,,,,,,British Columbia,52.292777,-131.19888,1962,1968,,,,,,1,1,0,,,,Magnetite
Jedway Iron Ore Limited,,,,,,,,British Columbia,52.292777,-131.19888,1962,1968,,,,,,1,1,0,,,,Iron
New Hosco Mines Ltd.,,,,,,,Matagami ,Quebec,49.789443,-77.835343,1963,1970,,,,,,1,1,0,,,,Gold
New Hosco Mines Ltd.,,,,,,,Matagami ,Quebec,49.789443,-77.835343,1963,1970,,,,,,1,1,0,,,,Copper
New Hosco Mines Ltd.,,,,,,,Matagami ,Quebec,49.789443,-77.835343,1963,1970,,,,,,1,1,0,,,,Silver
New Hosco Mines Ltd.,,,,,,,Matagami ,Quebec,49.789443,-77.835343,1963,1970,,,,,,1,1,0,,,,Zinc
New Hosco Mines Ltd.,,,,,,,Matagami ,Quebec,49.789443,-77.835343,1963,1970,,,,,,1,1,0,,,,Iron
Lorraine Mining Co. Ltd. ,,,,,,,,Quebec,47.358367,-78.93895,1965,1968,,,,,,1,1,0,,,,Nickel
Lorraine Mining Co. Ltd. ,,,,,,,,Quebec,47.358367,-78.93895,1965,1968,,,,,,1,1,0,,,,Copper
British Newfoundland Exploration Ltd. ,Green Bay Mining Co. Ltd.,,,,,Whalesback,Springdale ,Newfoundland-and-Labrador,49.59681671,-56.00603878,1965,1974,,,,,102 workers,1,1,0,,,,Titanium
British Newfoundland Exploration Ltd. ,Green Bay Mining Co. Ltd.,,,,,Whalesback,Springdale ,Newfoundland-and-Labrador,49.59681671,-56.00603878,1965,1974,,,,,102 workers,1,1,0,,,,Zinc
British Newfoundland Exploration Ltd. ,Green Bay Mining Co. Ltd.,,,,,Whalesback,Springdale ,Newfoundland-and-Labrador,49.59681671,-56.00603878,1965,1974,,,,,102 workers,1,1,0,,,,Copper
"International Nickel Co. of Canada Ltd., The",,,,,,Pipe (1),Thompson ,Manitoba,55.35135931,-61.49009417,1966,1971,,,,,,1,1,0,,,,Nickel
"International Nickel Co. of Canada Ltd., The",,,,,,Pipe (1),Thompson ,Manitoba,55.35135931,-61.49009417,1966,1971,,,,,,1,1,0,,,,Cobalt
"International Nickel Co. of Canada Ltd., The",,,,,,Pipe (1),Thompson ,Manitoba,55.35135931,-61.49009417,1966,1971,,,,,,1,1,0,,,,Gold
"International Nickel Co. of Canada Ltd., The",,,,,,Pipe (1),Thompson ,Manitoba,55.35135931,-61.49009417,1966,1971,,,,,,1,1,0,,,,Copper
"International Nickel Co. of Canada Ltd., The",,,,,,Pipe (1),Thompson ,Manitoba,55.35135931,-61.49009417,1966,1971,,,,,,1,1,0,,,,Silver
Renzy Mines Ltd.,,,,,,,Lac de Renzy,Quebec,46.811944,-76.703328,1969,1972,,,,,,1,1,0,,,,Chromium
Renzy Mines Ltd.,,,,,,,Lac de Renzy,Quebec,46.811944,-76.703328,1969,1972,,,,,,1,1,0,,,,Nickel
Renzy Mines Ltd.,,,,,,,Lac de Renzy,Quebec,46.811944,-76.703328,1969,1972,,,,,,1,1,0,,,,Cobalt
Renzy Mines Ltd.,,,,,,,Lac de Renzy,Quebec,46.811944,-76.703328,1969,1972,,,,,,1,1,0,,,,Gold
Renzy Mines Ltd.,,,,,,,Lac de Renzy,Quebec,46.811944,-76.703328,1969,1972,,,,,,1,1,0,,,,Copper
Renzy Mines Ltd.,,,,,,,Lac de Renzy,Quebec,46.811944,-76.703328,1969,1972,,,,,,1,1,0,,,,Palladium
Renzy Mines Ltd.,,,,,,,Lac de Renzy,Quebec,46.811944,-76.703328,1969,1972,,,,,,1,1,0,,,,Platinum
Central Canada Potash Ltd.,"Noranda Inc., (Central Canada Potash Division)",The Mosaic Company,,,,Colonsay,Viscount,Saskatchewan,51.930459,-105.7757245,1969,2016,2017,open,,,,1,1,0,,,,Salt
Central Canada Potash Ltd.,"Noranda Inc., (Central Canada Potash Division)",The Mosaic Company,,,,Colonsay,Viscount,Saskatchewan,51.930459,-105.7757245,1969,2016,2017,open,,,,1,1,0,,,,Potash
"International Nickel Co. of Canada Ltd., The",,,,,,Pipe (2),Thompson ,Manitoba,55.29027208,-61.50290417,1969,1984,,,,,,1,1,0,,,,Sulphur
"International Nickel Co. of Canada Ltd., The",,,,,,Pipe (2),Thompson ,Manitoba,55.29027208,-61.50290417,1969,1984,,,,,,1,1,0,,,,Nickel
"International Nickel Co. of Canada Ltd., The",,,,,,Pipe (2),Thompson ,Manitoba,55.29027208,-61.50290417,1969,1984,,,,,,1,1,0,,,,Sulphure
"International Nickel Co. of Canada Ltd., The",,,,,,Pipe (2),Thompson ,Manitoba,55.29027208,-61.50290417,1969,1984,,,,,,1,1,0,,,,Copper
Caribou New Brunswick Mining Ltd.,Blue Note Mining Inc.,Trevali Mining Corp.,Breakwater Resources,Trevali Mining Corp.,,Caribou ,,New Brunswick,47.55864,-66.29385,1970,1970,2007,2008,2016,open,Closed between 2020 and 2021,1,1,0,,,,Closed between 2020 and 2021
Caribou New Brunswick Mining Ltd.,Blue Note Mining Inc.,Trevali Mining Corp.,Breakwater Resources,Trevali Mining Corp.,,Caribou ,,New Brunswick,47.55864,-66.29385,1970,1970,2007,2008,2016,open,Closed between 2020 and 2021,1,1,0,,,,Lead
Caribou New Brunswick Mining Ltd.,Blue Note Mining Inc.,Trevali Mining Corp.,Breakwater Resources,Trevali Mining Corp.,,Caribou ,,New Brunswick,47.55864,-66.29385,1970,1970,2007,2008,2016,open,Closed between 2020 and 2021,1,1,0,,,,Copper
Caribou New Brunswick Mining Ltd.,Blue Note Mining Inc.,Trevali Mining Corp.,Breakwater Resources,Trevali Mining Corp.,,Caribou ,,New Brunswick,47.55864,-66.29385,1970,1970,2007,2008,2016,open,Closed between 2020 and 2021,1,1,0,,,,Silver
Caribou New Brunswick Mining Ltd.,Blue Note Mining Inc.,Trevali Mining Corp.,Breakwater Resources,Trevali Mining Corp.,,Caribou ,,New Brunswick,47.55864,-66.29385,1970,1970,2007,2008,2016,open,Closed between 2020 and 2021,1,1,0,,,,Zinc
Utah Mines Ltd.,BHP Minerals Canada Ltd.,,,,,Island Copper,Port Hardy,British Columbia,50.599721,-127.47499,1971,1995,,,,,,1,1,0,,,,Rhenium
Utah Mines Ltd.,BHP Minerals Canada Ltd.,,,,,Island Copper,Port Hardy,British Columbia,50.599721,-127.47499,1971,1995,,,,,,1,1,0,,,,Lead
Utah Mines Ltd.,BHP Minerals Canada Ltd.,,,,,Island Copper,Port Hardy,British Columbia,50.599721,-127.47499,1971,1995,,,,,,1,1,0,,,,Gold
Utah Mines Ltd.,BHP Minerals Canada Ltd.,,,,,Island Copper,Port Hardy,British Columbia,50.599721,-127.47499,1971,1995,,,,,,1,1,0,,,,Copper
Utah Mines Ltd.,BHP Minerals Canada Ltd.,,,,,Island Copper,Port Hardy,British Columbia,50.599721,-127.47499,1971,1995,,,,,,1,1,0,,,,Silver
Utah Mines Ltd.,BHP Minerals Canada Ltd.,,,,,Island Copper,Port Hardy,British Columbia,50.599721,-127.47499,1971,1995,,,,,,1,1,0,,,,Molybdenum
Utah Mines Ltd.,BHP Minerals Canada Ltd.,,,,,Island Copper,Port Hardy,British Columbia,50.599721,-127.47499,1971,1995,,,,,,1,1,0,,,,Zinc
Crows Nest Resources Ltd.,Line Creek Resources Ltd.,Manalta Coal Ltd.,Luscar Ltd.,,,Line Creek,Line Creek,British Columbia,49.929166,-114.77611,1972,2015,,,,,,1,1,0,,,,Coal
Noranda Mines Ltd.,Noranda Inc.,,,,,"Babine Lake Division, Bell and Granisles",Babine Lake,British Columbia,55.002777,-126.23194,1972,1992,,,,,,1,1,0,,,,Lead
Noranda Mines Ltd.,Noranda Inc.,,,,,"Babine Lake Division, Bell and Granisles",Babine Lake,British Columbia,55.002777,-126.23194,1972,1992,,,,,,1,1,0,,,,Gold
Noranda Mines Ltd.,Noranda Inc.,,,,,"Babine Lake Division, Bell and Granisles",Babine Lake,British Columbia,55.002777,-126.23194,1972,1992,,,,,,1,1,0,,,,Copper
Noranda Mines Ltd.,Noranda Inc.,,,,,"Babine Lake Division, Bell and Granisles",Babine Lake,British Columbia,55.002777,-126.23194,1972,1992,,,,,,1,1,0,,,,Silver
Noranda Mines Ltd.,Noranda Inc.,,,,,"Babine Lake Division, Bell and Granisles",Babine Lake,British Columbia,55.002777,-126.23194,1972,1992,,,,,,1,1,0,,,,Molybdenum
Noranda Mines Ltd.,Noranda Inc.,,,,,"Babine Lake Division, Bell and Granisles",Babine Lake,British Columbia,55.002777,-126.23194,1972,1992,,,,,,1,1,0,,,,Zinc
Decade Development Ltd.,Corona Corp.,,,,,Jolu,Mallard Lake,Saskatchewan,56.000618,-104.281573,1973,1990,2011,2014,,,,1,1,0,,,,Gold
Northair Mines Ltd.,,,,,,,Brandywine,British Columbia,50.114444,-123.10361,1974,1982,,,,,,1,1,0,,,,Lead
Northair Mines Ltd.,,,,,,,Brandywine,British Columbia,50.114444,-123.10361,1974,1982,,,,,,1,1,0,,,,Copper
Northair Mines Ltd.,,,,,,,Brandywine,British Columbia,50.114444,-123.10361,1974,1982,,,,,,1,1,0,,,,Gold
Northair Mines Ltd.,,,,,,,Brandywine,British Columbia,50.114444,-123.10361,1974,1982,,,,,,1,1,0,,,,Silver
Northair Mines Ltd.,,,,,,,Brandywine,British Columbia,50.114444,-123.10361,1974,1982,,,,,,1,1,0,,,,Cadmium
Northair Mines Ltd.,,,,,,,Brandywine,British Columbia,50.114444,-123.10361,1974,1982,,,,,,1,1,0,,,,Zinc
Newfoundland Zinc Mines Ltd,,,,,,,Daniel's Harbour,Newfoundland-and-Labrador,50.29575914,-57.46512176,1974,1990,,,,,"170 workers - Newfoundalnd Zinc Mines Ltd. operated from 1975 through to 1990. The mine shut down in April of 1986 and then resumed production in September, 1987. Estimated annual employment was 170 people. The mine, which was located in Daniel's Harbour, produced zinc.",1,1,0,,,,Zinc
Manitoba and Saskatchewan Coal Co. Ltd. ,,,,,,,Estevan ,Saskatchewan,49.12002,-102.9742843,1975,1983,,,,,,1,1,0,,,,Coal
Gulf Minerals Canada Ltd.,Cameco Corporation and Uranerz Exploration and Mining Limited ,,,,,Rabbit Lake,Wollaston Lake,Saskatchewan,58.196106,-103.7108265,1975,2016,,,,,,1,1,0,,,,Uranium
Nanisivik Mines Ltd. ,Breakwater Resources Ltd.,,,,,Nanisivik,Strathcona Sound (Arctie Bay/Nanisivik),Nunavut,73.04444444444444,-84.53722222,1976,2002,,,,,"1,577 Mt zinc, 0.123 Mt lead, 0.718 M kg silver from 17.525 Mt of processed ore (Harrison, 2016). Deposit grade of 9.0% Zn, 0.7% Pb, 41 ppm Ag (9.7% metal), depleted, mine site reclaimed (major producer).",1,1,0,,,,Silver
Nanisivik Mines Ltd. ,Breakwater Resources Ltd.,,,,,Nanisivik,Strathcona Sound (Arctie Bay/Nanisivik),Nunavut,73.04444444444444,-84.53722222,1976,2002,,,,,"1,577 Mt zinc, 0.123 Mt lead, 0.718 M kg silver from 17.525 Mt of processed ore (Harrison, 2016). Deposit grade of 9.0% Zn, 0.7% Pb, 41 ppm Ag (9.7% metal), depleted, mine site reclaimed (major producer).",1,1,0,,,,Lead
Nanisivik Mines Ltd. ,Breakwater Resources Ltd.,,,,,Nanisivik,Strathcona Sound (Arctie Bay/Nanisivik),Nunavut,73.04444444444444,-84.53722222,1976,2002,,,,,"1,577 Mt zinc, 0.123 Mt lead, 0.718 M kg silver from 17.525 Mt of processed ore (Harrison, 2016). Deposit grade of 9.0% Zn, 0.7% Pb, 41 ppm Ag (9.7% metal), depleted, mine site reclaimed (major producer).",1,1,0,,,,Zinc
Hudson Bay Mining and Smelting Co. Ltd.,,,,,,Westarm,Flin Flon ,Manitoba,54.640277777777776,-101.845,1977,1985,1994,1997,,,,1,1,0,,,,Silver
Hudson Bay Mining and Smelting Co. Ltd.,,,,,,Westarm,Flin Flon ,Manitoba,54.640277777777776,-101.845,1977,1985,1994,1997,,,,1,1,0,,,,Gold
Hudson Bay Mining and Smelting Co. Ltd.,,,,,,Westarm,Flin Flon ,Manitoba,54.640277777777776,-101.845,1977,1985,1994,1997,,,,1,1,0,,,,Zinc
Hudson Bay Mining and Smelting Co. Ltd.,,,,,,Westarm,Flin Flon ,Manitoba,54.640277777777776,-101.845,1977,1985,1994,1997,,,,1,1,0,,,,Copper
Noranda Mines Ltd.,,,,,,Lyon Lake Division,Sturgeon Lake,Ontario,49.88704,-90.89011,1978,1991,,,,,,1,1,0,,,,Copper
Sil Silica Ltd. ,Strathcona Resource Industries Ltd.,,,,,Sil Silica Division,Bruderheim,Alberta,53.9065452,-112.9243772,1979,open,,,,,,1,1,0,,,,Silica
Du Pont of Canada Expl. Ltd.,,,,,,Baker,Toodoggone River,British Columbia,57.285277,-127.11055,1981,1997,,,,,,1,1,0,,,,Lead
Du Pont of Canada Expl. Ltd.,,,,,,Baker,Toodoggone River,British Columbia,57.285277,-127.11055,1981,1997,,,,,,1,1,0,,,,Copper
Du Pont of Canada Expl. Ltd.,,,,,,Baker,Toodoggone River,British Columbia,57.285277,-127.11055,1981,1997,,,,,,1,1,0,,,,Gold
Du Pont of Canada Expl. Ltd.,,,,,,Baker,Toodoggone River,British Columbia,57.285277,-127.11055,1981,1997,,,,,,1,1,0,,,,Silver
Du Pont of Canada Expl. Ltd.,,,,,,Baker,Toodoggone River,British Columbia,57.285277,-127.11055,1981,1997,,,,,,1,1,0,,,,Zinc
Billiton Canada Ltd.,,,,,,Mount Pleasant ,,New Brunswick,45.43169,-66.81302,1983,2013,,,,,,1,1,0,,,,Molybdenum
Billiton Canada Ltd.,,,,,,Mount Pleasant ,,New Brunswick,45.43169,-66.81302,1983,2013,,,,,,1,1,0,,,,Tungsten
Domtar Inc.,Georgia-Pacific Canada Inc.,,,,,Canal,Canal Flats,British Columbia,50.05,-115.51777,1984,2007,,,,,,1,1,0,,,,Gypsum
Hemlo Gold Mines Inc.,Newmont Canada Limited,Battle Mountain Gold,Barrick Gold,,,Golden Giant,Marathon ,Ontario,48.69765,-85.90463,1985,2006,,,,,,1,1,0,,,,Silver
Hemlo Gold Mines Inc.,Newmont Canada Limited,Battle Mountain Gold,Barrick Gold,,,Golden Giant,Marathon ,Ontario,48.69765,-85.90463,1985,2006,,,,,,1,1,0,,,,Gold
Clayburn Industries Ltd.,,,,,,Sumas Mtn.,Abbotsford,British Columbia,49.06861,-122.20027,1986,1995,,,,,,1,1,0,,,,Clay
Clayburn Industries Ltd.,,,,,,Sumas Mtn.,Abbotsford,British Columbia,49.06861,-122.20027,1986,1995,,,,,,1,1,0,,,,Shale
Exall Resources Limited and Glimmer Resources Inc. ,,,,,,Glimmer,Matheson ,Ontario,48.52982,-79.69315,1988,1991,,,,,,1,1,0,,,,Gold
Hudson Bay Mining and Smelting Co. Ltd.,,,,,,Namew Lake,Flin Flon ,Manitoba,54.205555555555556,-101.7791667,1988,1993,,,,,,1,1,0,,,,Nickel
Hudson Bay Mining and Smelting Co. Ltd.,,,,,,Namew Lake,Flin Flon ,Manitoba,54.205555555555556,-101.7791667,1988,1993,,,,,,1,1,0,,,,Silver
Hudson Bay Mining and Smelting Co. Ltd.,,,,,,Namew Lake,Flin Flon ,Manitoba,54.205555555555556,-101.7791667,1988,1993,,,,,,1,1,0,,,,Copper
Hudson Bay Mining and Smelting Co. Ltd.,,,,,,Namew Lake,Flin Flon ,Manitoba,54.205555555555556,-101.7791667,1988,1993,,,,,,1,1,0,,,,Gold
Canamax Resources Inc.,Veris Gold Corp.,Wheaton River Minerals Ltd.,,,,Ketza River,Ross River,Yukon,61.53805555555555,-132.2711111,1988,1990,,,,,129 workers - traditional territory of the Kaska Dene people/// company has gone bankrupt and abandoned the site; leaving taxpayers on the hook for eventual cleanup costs. ,1,1,0,,,,Silver
Canamax Resources Inc.,Veris Gold Corp.,Wheaton River Minerals Ltd.,,,,Ketza River,Ross River,Yukon,61.53805555555555,-132.2711111,1988,1990,,,,,129 workers - traditional territory of the Kaska Dene people/// company has gone bankrupt and abandoned the site; leaving taxpayers on the hook for eventual cleanup costs. ,1,1,0,,,,Gold
Stratabound Minerals Corp.,,,,,,CNE,Newcastle ,New Brunswick,47.29557,-65.88469,1989,1990,,,,,,1,1,0,,,,Silver
Stratabound Minerals Corp.,,,,,,CNE,Newcastle ,New Brunswick,47.29557,-65.88469,1989,1990,,,,,,1,1,0,,,,Lead
Stratabound Minerals Corp.,,,,,,CNE,Newcastle ,New Brunswick,47.29557,-65.88469,1989,1990,,,,,,1,1,0,,,,Zinc
Stratabound Minerals Corp.,,,,,,CNE,Newcastle ,New Brunswick,47.29557,-65.88469,1989,1990,,,,,,1,1,0,,,,Copper
Minnova Inc.,,,,,,,Samatosum Mine,British Columbia,51.144444,-119.80944,1989,1992,,,,,,1,1,0,,,,Lead
Minnova Inc.,,,,,,,Samatosum Mine,British Columbia,51.144444,-119.80944,1989,1992,,,,,,1,1,0,,,,Copper
Minnova Inc.,,,,,,,Samatosum Mine,British Columbia,51.144444,-119.80944,1989,1992,,,,,,1,1,0,,,,Gold
Minnova Inc.,,,,,,,Samatosum Mine,British Columbia,51.144444,-119.80944,1989,1992,,,,,,1,1,0,,,,Silver
Minnova Inc.,,,,,,,Samatosum Mine,British Columbia,51.144444,-119.80944,1989,1992,,,,,,1,1,0,,,,Zinc
Minnova Inc.,,,,,,,Samatosum Mine,British Columbia,51.144444,-119.80944,1989,1992,,,,,,1,1,0,,,,Antimony
Placer Dome Inc.,,,,,,Dona Lake,Pickle Lake ,Ontario,51.41475,-90.09447,1989,1994,,,,,,1,1,0,,,,Gold
Atlantic Minerals Limited,,,,,,Lower Cove,Stephenville,Newfoundland-and-Labrador,48.5301397,-59.03173541,1990,2016,,,,,,1,1,0,,,,Limestone
Atlantic Minerals Limited,,,,,,Lower Cove,Stephenville,Newfoundland-and-Labrador,48.5301397,-59.03173541,1990,2016,,,,,,1,1,0,,,,Dolomite
Teranov Mining Corp.,,,,,,,Baie Verte ,Newfoundland-and-Labrador,49.98361,-56.1925,1991,1994,,,,,44 workers,1,1,0,,,,Asbestos
Cameco Corporation and Uranerz Exploration and Mining Limited,,,,,,Contact Lake,La Ronge,Saskatchewan,55.418888,-104.8738916,1995,1997,,,,,,1,1,0,,,,Gold
Golden Rule Resources Ltd. ,,,,,,Komis,La Ronge,Saskatchewan,56.208336,-103.8999997,1995,2012,,,,,,1,1,0,,,,Gold
Ming Minerals Inc.,,,,,,Stog’er Tight,Baie Verte ,Newfoundland-and-Labrador,49.96609718,-56.07765385,1996,2019,,,,,,1,1,0,,,,Copper
Ming Minerals Inc.,,,,,,Stog’er Tight,Baie Verte ,Newfoundland-and-Labrador,49.96609718,-56.07765385,1996,2019,,,,,,1,1,0,,,,Gold
Ming Minerals Inc.,,,,,,Stog’er Tight,Baie Verte ,Newfoundland-and-Labrador,49.96609718,-56.07765385,1996,2019,,,,,,1,1,0,,,,Silver
Ming Minerals Inc.,,,,,,Stog’er Tight,Baie Verte ,Newfoundland-and-Labrador,49.96609718,-56.07765385,1996,2019,,,,,,1,1,0,,,,Molybdenum
Ming Minerals Inc.,,,,,,Stog’er Tight,Baie Verte ,Newfoundland-and-Labrador,49.96609718,-56.07765385,1996,2019,,,,,,1,1,0,,,,Zinc
Hudson Bay Mining and Smelting Co. Limited,,,,,,,Amisk Lake,Saskatchewan,54.5960103,-112.6412657,1997,2003,,,,,,1,1,0,,,,Zinc
Hudson Bay Mining and Smelting Co. Limited,,,,,,,Amisk Lake,Saskatchewan,54.5960103,-112.6412657,1997,2003,,,,,,1,1,0,,,,Copper
Viceroy Resources Corporation,,,,,,Brewery Creek,Dawson Creek,Yukon,68.55,-136.7994445,1997,2001,,,,,peak production periods 145 workers; winter 45 workers,1,1,0,,,,Gold
Jamer Materials Limited,,,,,,Jamer Operation,Bayside,New Brunswick,45.13059853,-67.10842648,1998,open,,,,,,1,1,0,,,,Graphite
Cameco Corporation,COGEMA Resources Inc.,,,,,McArthur River,McArthur River,Saskatchewan,57.766668,-105.0819391,1999,2018,,,,,,1,1,0,,,,Uranium
Western Dominion Coal Mines Ltd. ,,,,,,Taylorton,,Saskatchewan,49.087551,-102.7885072,1890,1963,,,,,,1,0,0,,,,Coal
Fundy Gypsum Co. Ltd. ,Canadian Gypsum Co. Ltd.,,,,,Wentworth,Windsor ,Nova Scotia,44.986234,-64.09089742,1875,2011,,,,,,1,0,0,,,,Gypsum
Portal Coals Ltd. ,,,,,,Sutherland,Roche Perce,Saskatchewan,49.06874066,-102.8021981,1878,1955,,,,,,1,0,0,,,,Coal
Durham Resources Inc,Dominion Explorers Inc,Consolidated Durham Mines & Resources Ltd.,,,,Lake George Antimony,Lake George ,New Brunswick,45.84943,-67.03524,1880,1996,,,,,,1,0,0,,,,Antimony
Skylark Resources Ltd.,,,,,,,Greenwood,British Columbia,49.091388,-118.63972,1893,1989,,,,,,1,0,0,,,,Lead
Skylark Resources Ltd.,,,,,,,Greenwood,British Columbia,49.091388,-118.63972,1893,1989,,,,,,1,0,0,,,,Copper
Skylark Resources Ltd.,,,,,,,Greenwood,British Columbia,49.091388,-118.63972,1893,1989,,,,,,1,0,0,,,,Gold
Skylark Resources Ltd.,,,,,,,Greenwood,British Columbia,49.091388,-118.63972,1893,1989,,,,,,1,0,0,,,,Silver
Skylark Resources Ltd.,,,,,,,Greenwood,British Columbia,49.091388,-118.63972,1893,1989,,,,,,1,0,0,,,,Zinc
Skylark Resources Ltd.,,,,,,,Greenwood,British Columbia,49.091388,-118.63972,1893,1989,,,,,,1,0,0,,,,Antimony
Westminer Canada Ltd.,,,,,,Forest Hill,,Nova Scotia,45.309245,-61.75537888,1895,2009,,,,,,1,0,0,,,,Silver
Westminer Canada Ltd.,,,,,,Forest Hill,,Nova Scotia,45.309245,-61.75537888,1895,2009,,,,,,1,0,0,,,,Gold
"Canmore Mines Ltd., The",,,,,,,Canmore ,Alberta,51.05617338,-115.3362971,1895,1974,,,,,,1,0,0,,,,Coal
Copper Mountain Mining Corporation,,,,,,Copper Mountain,,British Columbia,49.331,-120.533,1884,1958,2011,open,,,defined as ghost town https://www.explore-mag.com/10_British_Columbia_Ghost_Towns_Forgotten_By_Time,1,0,1,,,,Silver
Copper Mountain Mining Corporation,,,,,,Copper Mountain,,British Columbia,49.331,-120.533,1884,1958,2011,open,,,defined as ghost town https://www.explore-mag.com/10_British_Columbia_Ghost_Towns_Forgotten_By_Time,1,0,1,,,,Gold
Copper Mountain Mining Corporation,,,,,,Copper Mountain,,British Columbia,49.331,-120.533,1884,1958,2011,open,,,defined as ghost town https://www.explore-mag.com/10_British_Columbia_Ghost_Towns_Forgotten_By_Time,1,0,1,,,,Copper
"International Nickel Co. of Canada Ltd., The ",Vale Inco Limited,,,,,Copper Cliff,Copper Cliff ,Ontario,46.47288,-81.07491,1887,2009,,,,,estimate of 260 workers in 2006  ,1,0,1,https://www.thestar.com/business/2022/10/13/vale-announces-official-opening-of-945m-copper-cliff-complex-south-mine-project.html,https://miningdataonline.com/property/1335/Copper-Cliff-North-Mine.aspx,,Copper
Lake Asbestos of Quebec Ltd. ,Lac d’Amiante du Quebec Ltee ,,,,,Black Lake Division/Mine,Black Lake/Thetford Mines ,Quebec,46.025172,-71.367745,1888,2011,,,,,"Closing of British Canadian asbestos mine, Black Lake, Quebec (production was during 1885-95
and 1996-97)./////////FR:L'approbation obtenue, le processus est amorcé en 1955 et se poursuit jusqu'en 1959. La compagnie Construction Aggregate Corporation a pour mandat de retirer la boue et l'eau du lac par dragage hydraulique. Le tout est pompé jusqu'à un bassin de déposition situé à environ 5 km du lac. Pendant quatre ans, cette compagnie aspire grâce à sa drague baptisée « Fleur de Lys », plus de 30 millions de mètres cubes de boue recouverts de 15 mètres d'eau en moyenne. De plus, le cours de la rivière Bécancour, qui se déverse dans le lac, est détourné et des barrages sont construits pour retenir les eaux et les diriger vers un nouveau lac artificiel, le petit Lac à la Truite. Le chemin de fer et la route nationale sont aussi réinstallés à environ 2 km et demi de leur ancien site.

Parallèlement, un moulin est construit, pouvant traiter plus de 5 000 tonnes de minerai par jour, au coût de 7 700 000 $. Les installations de la nouvelle compagnie sont, dès le départ, des plus modernes et profitent des plus récentes améliorations techniques d'usinage et d'antipollution. Pour rendre opérationnelle cette mine, 32 000 000 $ sont nécessaires. L'expérience administrative et de mise en marché de ses premiers dirigeants et de la compagnie mère lui permettent de connaître une croissance exceptionnellement rapide. Entre 1958 et 1979 près de 60 millions de tonnes de minerai sont extraites. Le 31 juillet 1973, la mine Lac d'amiante annonce par ailleurs une entente de principe avec la mine National visant l'achat des actifs de cette dernière.

Dans les années 80, le secteur de l'amiante est affecté par la récession économique et la campagne de dénigrement de l'amiante. Dans le but de gérer cette problématique, l'industrie de l'amiante connaît une rationalisation des opérations dans la région. Le 1er juillet 1986, débute les opérations de la société en commandite LAB Chrysotile, pour permettre une relance de l'industrie minière. Celle-ci vise la gestion et l'exploitation de trois compagnies, dont la Lac d'amiante du Québec ltée (dont le nom est francisé dans les années 1970). La Lac d'amiante a été la dernière mine d'amiante en activité dans la région avant sa fermeture en 2012 due au retrait de ses subventions.Formerly: Mine Lac d'Amiante (Lake Asbestos mine; LAB mine; Black Lake mine), Black Lake, Mégantic Co., Québec, Canada. Before Black Lake, a lake that occupied the site was drained, the asbestos orebody was explored underground by United Asbestos Corp. Ltd.(see photos).

Technically both with the limits of Thetford Mines and Saint-Joseph-de-Coleraine the mine falls mostly within Saint-Joseph-de-Coleraine. The former municipality of Black Lake is now part of the town of Thetford Mines.

An asbestos mine in serpentinized peridotite, Thetford mines ophiolite complex. Operated by LAB Chrysotile (LAB = Lake Asbestos Bell), this is a huge, inactive open pit mine (closed in 2011). In recent years many labels show ""LAB mine"" as the locality which reflects the preference of many local collectors.
Also erroneously known as ""Black Lake Mine"". ////////////Lake Asbestos of Quebec, operated by Lake Asbestos of Quebec Ltd., Black Lake, Quebec. Years operational 1888 – 2011. according to law suit https://www.brownlawyers.ca/canadian-asbestos-mines.html",1,0,1,https://www.mindat.org/loc-13993.html,https://www.patrimoine-culturel.gouv.qc.ca/rpcq/detail.do?methode=consulter&id=201033&type=bien,https://gq.mines.gouv.qc.ca/documents/examine/DV9301/DV9301.pdf,Chrysotile
Lake Asbestos of Quebec Ltd. ,Lac d’Amiante du Quebec Ltee ,,,,,Black Lake Division/Mine,Black Lake/Thetford Mines ,Quebec,46.025172,-71.367745,1888,2011,,,,,"Closing of British Canadian asbestos mine, Black Lake, Quebec (production was during 1885-95
and 1996-97)./////////FR:L'approbation obtenue, le processus est amorcé en 1955 et se poursuit jusqu'en 1959. La compagnie Construction Aggregate Corporation a pour mandat de retirer la boue et l'eau du lac par dragage hydraulique. Le tout est pompé jusqu'à un bassin de déposition situé à environ 5 km du lac. Pendant quatre ans, cette compagnie aspire grâce à sa drague baptisée « Fleur de Lys », plus de 30 millions de mètres cubes de boue recouverts de 15 mètres d'eau en moyenne. De plus, le cours de la rivière Bécancour, qui se déverse dans le lac, est détourné et des barrages sont construits pour retenir les eaux et les diriger vers un nouveau lac artificiel, le petit Lac à la Truite. Le chemin de fer et la route nationale sont aussi réinstallés à environ 2 km et demi de leur ancien site.

Parallèlement, un moulin est construit, pouvant traiter plus de 5 000 tonnes de minerai par jour, au coût de 7 700 000 $. Les installations de la nouvelle compagnie sont, dès le départ, des plus modernes et profitent des plus récentes améliorations techniques d'usinage et d'antipollution. Pour rendre opérationnelle cette mine, 32 000 000 $ sont nécessaires. L'expérience administrative et de mise en marché de ses premiers dirigeants et de la compagnie mère lui permettent de connaître une croissance exceptionnellement rapide. Entre 1958 et 1979 près de 60 millions de tonnes de minerai sont extraites. Le 31 juillet 1973, la mine Lac d'amiante annonce par ailleurs une entente de principe avec la mine National visant l'achat des actifs de cette dernière.

Dans les années 80, le secteur de l'amiante est affecté par la récession économique et la campagne de dénigrement de l'amiante. Dans le but de gérer cette problématique, l'industrie de l'amiante connaît une rationalisation des opérations dans la région. Le 1er juillet 1986, débute les opérations de la société en commandite LAB Chrysotile, pour permettre une relance de l'industrie minière. Celle-ci vise la gestion et l'exploitation de trois compagnies, dont la Lac d'amiante du Québec ltée (dont le nom est francisé dans les années 1970). La Lac d'amiante a été la dernière mine d'amiante en activité dans la région avant sa fermeture en 2012 due au retrait de ses subventions.Formerly: Mine Lac d'Amiante (Lake Asbestos mine; LAB mine; Black Lake mine), Black Lake, Mégantic Co., Québec, Canada. Before Black Lake, a lake that occupied the site was drained, the asbestos orebody was explored underground by United Asbestos Corp. Ltd.(see photos).

Technically both with the limits of Thetford Mines and Saint-Joseph-de-Coleraine the mine falls mostly within Saint-Joseph-de-Coleraine. The former municipality of Black Lake is now part of the town of Thetford Mines.

An asbestos mine in serpentinized peridotite, Thetford mines ophiolite complex. Operated by LAB Chrysotile (LAB = Lake Asbestos Bell), this is a huge, inactive open pit mine (closed in 2011). In recent years many labels show ""LAB mine"" as the locality which reflects the preference of many local collectors.
Also erroneously known as ""Black Lake Mine"". ////////////Lake Asbestos of Quebec, operated by Lake Asbestos of Quebec Ltd., Black Lake, Quebec. Years operational 1888 – 2011. according to law suit https://www.brownlawyers.ca/canadian-asbestos-mines.html",1,0,1,https://www.mindat.org/loc-13993.html,https://www.patrimoine-culturel.gouv.qc.ca/rpcq/detail.do?methode=consulter&id=201033&type=bien,https://gq.mines.gouv.qc.ca/documents/examine/DV9301/DV9301.pdf,Talc
Vale Canada Limited,,,,,,Ellen or Helen,,Ontario,46.429667,-81.323211,1900,1996,2004,2016,,,"""The early mine was established on Boyer Lake, named after Benjamin Boyer, at the foot of the Helen Mountain. A town was situated above the mine on a large plateau 45 metres above. Work in the early years was hard and perilous and wages were paltry. In 1900 the total wage payroll for the year was only $107,535, and this was divided between the 430 or so employees. In the end the average employee was paid $245 per annum, a low wage. In Sudbury area nickel mines an underground worker would receive a comparable wage on a monthly basis.""  from https://www.ghosttownpix.com/ontario/towns/helen.html //// debatable closure date: 1996 versus 1996 in different sources",1,0,1,https://www.geologyontario.mndm.gov.on.ca/mndmfiles/amis/data/records/05282.html,https://www.mindat.org/loc-253679.html,,Nickel
Vale Canada Limited,,,,,,Ellen or Helen,,Ontario,46.429667,-81.323211,1900,1996,2004,2016,,,"""The early mine was established on Boyer Lake, named after Benjamin Boyer, at the foot of the Helen Mountain. A town was situated above the mine on a large plateau 45 metres above. Work in the early years was hard and perilous and wages were paltry. In 1900 the total wage payroll for the year was only $107,535, and this was divided between the 430 or so employees. In the end the average employee was paid $245 per annum, a low wage. In Sudbury area nickel mines an underground worker would receive a comparable wage on a monthly basis.""  from https://www.ghosttownpix.com/ontario/towns/helen.html //// debatable closure date: 1996 versus 1996 in different sources",1,0,1,https://www.geologyontario.mndm.gov.on.ca/mndmfiles/amis/data/records/05282.html,https://www.mindat.org/loc-253679.html,,Copper
Min-Ore Mines Ltd. ,Hollinger Consolidated Gold Mines Ltd. (Young-Davidson) ,H.G. Young Mines Ltd.,Aurico Gold Inc.,,,Young-Davidson,Matachewan,Ontario,47.948757,-80.69286,1917,1957,2010,open,,,"there is no clear proof that the Young-Davidson mine was owned by min-ore but it was in Matachewan and produce gold. However, it select it because it appears for the full period in the maps. ////https://en.wikipedia.org/wiki/Young-Davidson_mine",1,0,1,https://emrlibrary.gov.yk.ca/ebooks/canadian-mineral-industry/1956.pdf,http://www.geologyontario.mndm.gov.on.ca/mndmfiles/mdi/data/records/MDI41P15NE00014.html,https://www.mindat.org/loc-205738.html,Copper
Richmont Mines Inc.,Osisko Exploration Ltd,Canadian Malartic,McWatters Mining Inc.,Placer Dome,Breakwater Resources Ltd.,East Amphi,,Quebec,48.16805556,-78.12722222,1941,1974,1979,2007,,,Many more owners,1,0,1,https://s21.q4cdn.com/374334112/files/doc_downloads/operations/canadian_malartic/NI-43-101-Technical-Report-Canadian-Malartic-Mine.pdf,,,Silver
Richmont Mines Inc.,Osisko Exploration Ltd,Canadian Malartic,McWatters Mining Inc.,Placer Dome,Breakwater Resources Ltd.,East Amphi,,Quebec,48.16805556,-78.12722222,1941,1974,1979,2007,,,Many more owners,1,0,1,https://s21.q4cdn.com/374334112/files/doc_downloads/operations/canadian_malartic/NI-43-101-Technical-Report-Canadian-Malartic-Mine.pdf,,,Gold
Falconbridge Nickel Mines Ltd. ,Xstrata Nickel Canada,,,,,Fraser,Falconbridge ,Ontario,46.66321,-81.34057,1962,1991,2007,2009,2010,open,Uncertain production years,1,0,1,https://www.mindat.org/loc-195163.html,https://thediggings.com/mines/usgs10183203,,Nickel
Western Mines Ltd. ,Boliden AB,Breakwater Resources Ltd.,Westmin Resources Ltd.,Nyrstar N.V.,Trafigura Mining Group,Myra Falls,Myra Falls ,British Columbia,49.567499,-125.605,1966,1985,2002,2015,2019,open,,1,0,1,https://mineralsed.ca/learning-resources/bc-mineral-resources-map/bc-operating-mine-profiles/myra-falls-mine/,,,Lead
Western Mines Ltd. ,Boliden AB,Breakwater Resources Ltd.,Westmin Resources Ltd.,Nyrstar N.V.,Trafigura Mining Group,Myra Falls,Myra Falls ,British Columbia,49.567499,-125.605,1966,1985,2002,2015,2019,open,,1,0,1,https://mineralsed.ca/learning-resources/bc-mineral-resources-map/bc-operating-mine-profiles/myra-falls-mine/,,,Gold
Western Mines Ltd. ,Boliden AB,Breakwater Resources Ltd.,Westmin Resources Ltd.,Nyrstar N.V.,Trafigura Mining Group,Myra Falls,Myra Falls ,British Columbia,49.567499,-125.605,1966,1985,2002,2015,2019,open,,1,0,1,https://mineralsed.ca/learning-resources/bc-mineral-resources-map/bc-operating-mine-profiles/myra-falls-mine/,,,Copper
Western Mines Ltd. ,Boliden AB,Breakwater Resources Ltd.,Westmin Resources Ltd.,Nyrstar N.V.,Trafigura Mining Group,Myra Falls,Myra Falls ,British Columbia,49.567499,-125.605,1966,1985,2002,2015,2019,open,,1,0,1,https://mineralsed.ca/learning-resources/bc-mineral-resources-map/bc-operating-mine-profiles/myra-falls-mine/,,,Silver
Western Mines Ltd. ,Boliden AB,Breakwater Resources Ltd.,Westmin Resources Ltd.,Nyrstar N.V.,Trafigura Mining Group,Myra Falls,Myra Falls ,British Columbia,49.567499,-125.605,1966,1985,2002,2015,2019,open,,1,0,1,https://mineralsed.ca/learning-resources/bc-mineral-resources-map/bc-operating-mine-profiles/myra-falls-mine/,,,Cadmium
Western Mines Ltd. ,Boliden AB,Breakwater Resources Ltd.,Westmin Resources Ltd.,Nyrstar N.V.,Trafigura Mining Group,Myra Falls,Myra Falls ,British Columbia,49.567499,-125.605,1966,1985,2002,2015,2019,open,,1,0,1,https://mineralsed.ca/learning-resources/bc-mineral-resources-map/bc-operating-mine-profiles/myra-falls-mine/,,,Zinc
Novaco Ltd.,T. Brogan and Sons Limited,Pioneer Coal Ltd.,,,,Point Aconi,Point Aconi ,Nova Scotia,46.31833,-60.30611,1975,2013,,,,,,1,0,1,https://www.mindat.org/loc-19087.html,,,Coal
Forestburg Collieries Ltd. ,Luscar Ltd.,Westmoreland Coal Company,,,,Paintearth,Forestburg ,Alberta,52.48106528,-112.219718,1978,2021,,,,,,1,0,1,https://www.hannaherald.com/news/end-of-an-era-as-mine-set-to-close,,,Coal
ScoZinc Ltd. (Acadian Mining Corporation),Seabright ,Esso,Western Minin Corp.,Savage Resource Canada Ltd.,HudBay Minerals Inc.,Scotia,,Nova Scotia,45.0303,-63.34,1979,1985,2007,2009,,,,1,0,1,https://www.edmresources.com/scotia-mine,,,Lead
ScoZinc Ltd. (Acadian Mining Corporation),Seabright ,Esso,Western Minin Corp.,Savage Resource Canada Ltd.,HudBay Minerals Inc.,Scotia,,Nova Scotia,45.0303,-63.34,1979,1985,2007,2009,,,,1,0,1,https://www.edmresources.com/scotia-mine,,,Zinc
Nutrien Ltd.,Potash Corp. of Saskatchewan,,,,,Piccadilly,Sussex,New Brunswick,45.7515,-65.4162,1986,2016,,,,,more than 400 jobs lost,1,0,1,https://www.cbc.ca/news/canada/new-brunswick/potash-piccadilly-mine-suspended-1.3409831,,,Salt
American Barrick Resources Corp.,McDermott Gold Mines Ltd,Holloway Mining Ltd,Camflo Mines Ltd.,,,Holt-McDermott,Kirkland Lake ,Ontario,48.5101,-79.74016,1988,open,,,,,,1,0,1,http://www.geologyontario.mndm.gov.on.ca/mndmfiles/mdi/data/records/MDI32D12SE00005.html,https://www.canadianminingjournal.com/featured-article/holt-mcdermott-and-bousquet/,,Gold
Bestwall Gypsum Co. ,Georgia Pacific Corps.,Bestwall Gypsum Division,,,,Sugar Camp,River Denys ,Nova Scotia,45.708157,-61.31702041,1992,2011,,,,,"The company opened a new quarry in 1992 in Sugar Camp as the Big Brook operation wound down. It was estimated at the time that the Sugar Camp deposit contained at least 50 million tonnes of gypsum and the plan was to extract about one million tonnes per year. /// The Melford and Sugar Camp quarries were both idled in 2011, mainly due to the 2009 collapse of the United States housing market. With fewer homes being built, and less demand for wallboard, there was less demand for gypsum. source: notyourgrandfather...",1,0,1,https://novascotia.ca/natr/meb/fieldtrip/stop18.asp,https://notyourgrandfathersmining.ca/georgia-pacific-inverness-quarries,,Gypsum
Graybec Inc.,Graymont,Dudswell Lime and Marble Company,Dominion Lime Company,,,,St. Adolphe de Dudswell ,Quebec,45.63318,-71.59098,1824,open,,,,,"""The Marbleton Plant, one of the oldest lime production facilities in North America, is equipped with modern and efficient production equipment. For limestone, the plant draws on an extensive ocean reef deposit which has been quarried since 1824."" /////////// https://www.latribune.ca/2020/07/03/un-poumon-economique-deux-fois-centenaire-a1f509650a0601c4556fd23d0cef011e",1,0,1,https://www.mindat.org/loc-231132.html,https://gq.mines.gouv.qc.ca/documents/examine/MB200018/MB200018.pdf,https://www.mindat.org/feature-6137326.html,Lime
National Gypsum (Canada) Ltd.,,,,,,,Walton ,Nova Scotia,45.23057047,-64.00633151,1810,1972,,,,,"1966: Formation of Cape Breton Development Corporation to revitalize mining in the Sydney coal field, Nova Scotia. 1968: Cape Breton Development Corporation takes over operations of remaining mines in Sydney coal field, Nova Scotia.",1,0,1,https://www66.statcan.gc.ca/eng/1974/197405370525_p.%20525.pdf,,,Gypsum
"Dresser Industries, Inc.",,,,,,,Walton ,Nova Scotia,45.226163,-63.93497713,1828,1974,,,,,"Connected to discovered in 1962 Production begins, Yava mine, Salmon River area, Cape Breton, Nova Scotia?",1,0,1,https://mrdata.usgs.gov/mrds/show-mrds.php?dep_id=10133502,https://publications.gc.ca/collections/Collection/M39-78-2001E.pdf,,Barite
Sifto Salt Ltd. ,Domtar Chemicals Ltd. ,"Dominion Salt Co. Ltd., The ",,,,Goderich,Goderich ,Ontario,43.73785,-81.70784,1866,open,,,,,,1,0,1,https://www.compassminerals.com/who-we-are/locations/goderich-ontario/,https://publications.gc.ca/collections/collection_2016/statcan/26-214/CS26-214-1953-eng.pdf,http://www.geologyontario.mndm.gov.on.ca/mndmfiles/mdi/data/records/MDI40P12NE00005.html,Salt
Drummond Coal Ltd.,Pioneer Coal Co. Ltd,Pioneer Coal Co. Inc.,,,,Pioneer or Drummond,Westville ,Nova Scotia,45.55917,-62.71222,1868,1984,,,,,"Closing of Drummond Colliery, Westville, Nova Scotia 
In 1946 Acadia Coal reopened the McBean Seam in Thorburn, where the geology was suitable for modern mining. DOSCO (the owner) touted the new McBean as the first all-mechanized mine in Canada. However, oil continued to usurp coal markets, so that the mine soon depended on production and transportation subsidies. The McBean closed on June 30, 1972.
At Westville, the small Drummond mine, now locally owned, mined coal by hand methods until a bad fire in 1984 closed this historic pit. Some of its 40 or so laid-off employees found work surface mining in Westville with Pioneer Coal.",1,0,1,https://www.mindat.org/loc-27691.html,"https://notyourgrandfathersmining.ca/drummond According to this website, the mine was mined undergrounf between 1968-1984. A surface mine operetaed in 1980s-1990s to complete extraction of the coal and reclaim the site.",https://museumofindustry.novascotia.ca/what-see-do/coal-and-grit/development-coal-mining,Coal
Red Mill Industries Ltd.,,,,,,,Red Mill ,Quebec,46.40732539,-72.46525171,1870,1970,,,,,,1,0,1,https://www.v3r.net/culture/histoire-et-patrimoine/toponymie/toponyme/red-mill-sud,https://gq.mines.gouv.qc.ca/documents/examine/GM23088/GM23088.pdf,,Iron ore
Guelph DoLime Ltd.,,,,,,,Guelph,Ontario,43.52433315,-80.2611029,1872,2002,,,,,,1,0,1,https://www.guelphhistoricalsociety.ca/archives/historic-guelph/volume-46/quarries-and-quarrymen-the-limestone-industry-in-guelph,,,Dolomite
Nova Construction Ltd.,,,,,,Brierly Brook,Antigonish ,Nova Scotia,45.60336,-62.07031804,1873,1979,,,,,"Ghost town, many mines operated in this between 1901 and 1969 according to this source https://notyourgrandfathersmining.ca/ghost-town-broughton",1,0,0,,,,Gypsum
Asbestos Corporation Ltd. (Hudson Strait Asbestos Ltd.),King Brothers Co.,,,,,King,Putunig / Thetford Mines,Quebec,46.08583,-71.30111,1879,1986,,,,,,1,0,1,https://www.brownlawyers.ca/canadian-asbestos-mines.html,https://www.mindat.org/loc-28538.html,,Asbestos
Asbestos Corp. Ltd. (LAB),LAB Chrysotile Inc.,,,,,British-Canadian,Thetford Mines ,Quebec,46.040489,-71.345136,1881,1997,,,,,,1,0,1,https://www.mindat.org/loc-13993.html,https://www.patrimoine-culturel.gouv.qc.ca/rpcq/detail.do?methode=consulter&id=201470&type=bien,,Chrysotile
Black Donald Graphite Ltd. ,,,,,,,,Ontario,45.22467,-76.91375,1885,1954,,,,,"The only large-scale graphite operation in Ontario, the Black Donald Graphite Mine was in almost continuous operation from 1895 to 1954. During a period of peak production following the First World War, it was responsible for 90% of all graphite mined in Canada.",1,0,1,https://www.heritagetrust.on.ca/plaques/black-donald-graphite-mine,,,Graphite
Joggins Coal Co. ,,,,,,,,Nova Scotia,45.68846058,-64.43947324,1887,1961,,,,,"Re-opening of barite mine by Nystone Chemicals, Brookfield, Nova Scotia",1,0,1,https://notyourgrandfathersmining.ca/joggins-colliery,,,Coal
Copperline Mines Ltd.,Consolidated Columbia River Mines Ltd.,,,,,Ruth-Vermont,Golden,British Columbia,50.947499,-116.97916,1891,1981,,,,,,1,0,1,https://minfile.gov.bc.ca/summary.aspx?minfilno=082KNE009,https://cmscontent.nrs.gov.bc.ca/geoscience/PropertyFile/NMI/082K15_Pb1.pdf,,Lead
Copperline Mines Ltd.,Consolidated Columbia River Mines Ltd.,,,,,Ruth-Vermont,Golden,British Columbia,50.947499,-116.97916,1891,1981,,,,,,1,0,1,https://minfile.gov.bc.ca/summary.aspx?minfilno=082KNE009,https://cmscontent.nrs.gov.bc.ca/geoscience/PropertyFile/NMI/082K15_Pb1.pdf,,Gold
Copperline Mines Ltd.,Consolidated Columbia River Mines Ltd.,,,,,Ruth-Vermont,Golden,British Columbia,50.947499,-116.97916,1891,1981,,,,,,1,0,1,https://minfile.gov.bc.ca/summary.aspx?minfilno=082KNE009,https://cmscontent.nrs.gov.bc.ca/geoscience/PropertyFile/NMI/082K15_Pb1.pdf,,Copper
Copperline Mines Ltd.,Consolidated Columbia River Mines Ltd.,,,,,Ruth-Vermont,Golden,British Columbia,50.947499,-116.97916,1891,1981,,,,,,1,0,1,https://minfile.gov.bc.ca/summary.aspx?minfilno=082KNE009,https://cmscontent.nrs.gov.bc.ca/geoscience/PropertyFile/NMI/082K15_Pb1.pdf,,Silver
Copperline Mines Ltd.,Consolidated Columbia River Mines Ltd.,,,,,Ruth-Vermont,Golden,British Columbia,50.947499,-116.97916,1891,1981,,,,,,1,0,1,https://minfile.gov.bc.ca/summary.aspx?minfilno=082KNE009,https://cmscontent.nrs.gov.bc.ca/geoscience/PropertyFile/NMI/082K15_Pb1.pdf,,Cadmium
Copperline Mines Ltd.,Consolidated Columbia River Mines Ltd.,,,,,Ruth-Vermont,Golden,British Columbia,50.947499,-116.97916,1891,1981,,,,,,1,0,1,https://minfile.gov.bc.ca/summary.aspx?minfilno=082KNE009,https://cmscontent.nrs.gov.bc.ca/geoscience/PropertyFile/NMI/082K15_Pb1.pdf,,Tungsten
Copperline Mines Ltd.,Consolidated Columbia River Mines Ltd.,,,,,Ruth-Vermont,Golden,British Columbia,50.947499,-116.97916,1891,1981,,,,,,1,0,1,https://minfile.gov.bc.ca/summary.aspx?minfilno=082KNE009,https://cmscontent.nrs.gov.bc.ca/geoscience/PropertyFile/NMI/082K15_Pb1.pdf,,Zinc
Carnegie Mines Ltd,,,,,,silversmith,slocan,British Columbia,49.964166,-117.22472,1893,1965,,,,,,1,0,1,https://minfile.gov.bc.ca/summary.aspx?minfilno=082FNW053,,,Lead
Carnegie Mines Ltd,,,,,,silversmith,slocan,British Columbia,49.964166,-117.22472,1893,1965,,,,,,1,0,1,https://minfile.gov.bc.ca/summary.aspx?minfilno=082FNW053,,,Gold
Carnegie Mines Ltd,,,,,,silversmith,slocan,British Columbia,49.964166,-117.22472,1893,1965,,,,,,1,0,1,https://minfile.gov.bc.ca/summary.aspx?minfilno=082FNW053,,,Copper
Carnegie Mines Ltd,,,,,,silversmith,slocan,British Columbia,49.964166,-117.22472,1893,1965,,,,,,1,0,1,https://minfile.gov.bc.ca/summary.aspx?minfilno=082FNW053,,,Silver
Carnegie Mines Ltd,,,,,,silversmith,slocan,British Columbia,49.964166,-117.22472,1893,1965,,,,,,1,0,1,https://minfile.gov.bc.ca/summary.aspx?minfilno=082FNW053,,,Cadmium
Carnegie Mines Ltd,,,,,,silversmith,slocan,British Columbia,49.964166,-117.22472,1893,1965,,,,,,1,0,1,https://minfile.gov.bc.ca/summary.aspx?minfilno=082FNW053,,,Zinc
Johnsby Mines Ltd. ,Western Exploration Co. Ltd. ,Loma Minerals Ltd,Silver Ridge Resources Inc.,,,Standard or Emily Edith,,British Columbia,49.956111,-117.32055,1894,1969,,,,,,1,0,1,https://minfile.gov.bc.ca/summary.aspx?minfilno=082FNW180,https://minfile.gov.bc.ca/Summary.aspx?minfilno=082FNW180,,Lead
Johnsby Mines Ltd. ,Western Exploration Co. Ltd. ,Loma Minerals Ltd,Silver Ridge Resources Inc.,,,Standard or Emily Edith,,British Columbia,49.956111,-117.32055,1894,1969,,,,,,1,0,1,https://minfile.gov.bc.ca/summary.aspx?minfilno=082FNW180,https://minfile.gov.bc.ca/Summary.aspx?minfilno=082FNW180,,Gold
Johnsby Mines Ltd. ,Western Exploration Co. Ltd. ,Loma Minerals Ltd,Silver Ridge Resources Inc.,,,Standard or Emily Edith,,British Columbia,49.956111,-117.32055,1894,1969,,,,,,1,0,1,https://minfile.gov.bc.ca/summary.aspx?minfilno=082FNW180,https://minfile.gov.bc.ca/Summary.aspx?minfilno=082FNW180,,Copper
Johnsby Mines Ltd. ,Western Exploration Co. Ltd. ,Loma Minerals Ltd,Silver Ridge Resources Inc.,,,Standard or Emily Edith,,British Columbia,49.956111,-117.32055,1894,1969,,,,,,1,0,1,https://minfile.gov.bc.ca/summary.aspx?minfilno=082FNW180,https://minfile.gov.bc.ca/Summary.aspx?minfilno=082FNW180,,Silver
Johnsby Mines Ltd. ,Western Exploration Co. Ltd. ,Loma Minerals Ltd,Silver Ridge Resources Inc.,,,Standard or Emily Edith,,British Columbia,49.956111,-117.32055,1894,1969,,,,,,1,0,1,https://minfile.gov.bc.ca/summary.aspx?minfilno=082FNW180,https://minfile.gov.bc.ca/Summary.aspx?minfilno=082FNW180,,Cadmium
Johnsby Mines Ltd. ,Western Exploration Co. Ltd. ,Loma Minerals Ltd,Silver Ridge Resources Inc.,,,Standard or Emily Edith,,British Columbia,49.956111,-117.32055,1894,1969,,,,,,1,0,1,https://minfile.gov.bc.ca/summary.aspx?minfilno=082FNW180,https://minfile.gov.bc.ca/Summary.aspx?minfilno=082FNW180,,Zinc
Saskatchewan Power Corp.,,,,,,Souris Valley,Estevan ,Saskatchewan,49.04987011,-102.8156485,1899,1983,,,,,,1,0,1,https://www.gent.name/sask:coal:mines:souris,,,Coal
Consolidated Woodgreen Mines Ltd.,,,,,,Mother Lode,,British Columbia,49.111944,-118.71805,1900,1962,,,,,,1,0,1,https://minfile.gov.bc.ca/summary.aspx?minfilno=082ESE034,,,Silver
Consolidated Woodgreen Mines Ltd.,,,,,,Mother Lode,,British Columbia,49.111944,-118.71805,1900,1962,,,,,,1,0,1,https://minfile.gov.bc.ca/summary.aspx?minfilno=082ESE034,,,Gold
Consolidated Woodgreen Mines Ltd.,,,,,,Mother Lode,,British Columbia,49.111944,-118.71805,1900,1962,,,,,,1,0,1,https://minfile.gov.bc.ca/summary.aspx?minfilno=082ESE034,,,Copper
Warwick Pure Salt Co. Ltd.,Warwick Salt and Chemicals,Dominion Salt Co. Ltd.,,,,,Sarnia ,Ontario,42.98534,-82.40432,1903,1962,,,,,,1,0,1,https://publications.gc.ca/collections/collection_2016/statcan/26-214/CS26-214-1953-eng.pdf,"https://www.sarniahistoricalsociety.com/story/from-salt-mines-to-parkland-the-story-of-centennial-park/#:~:text=The%20salt%20block%20had%20become,%E2%80%9CSifto%E2%80%9D%20division%20of%20Domtar.",https://publications.gc.ca/collections/collection_2016/statcan/26-214/CS26-214-1953-eng.pdf,Salt
Nipissing-O’Brien Mines Ltd. ,,,,,,"Agnico-Eagle, Nipissing or O'Briens",,Ontario,47.399253,-79.667933,1903,1964,,,,,"The Nipissing Mine is an abandoned silver mine in Cobalt, Ontario, Canada, located on Nip Hill on the east side of Long Lake.[1]

It was developed in the subsequent Cobalt silver rush of 1903.[2] The original 843 acres of claims were purchased by Ellis P. Earle from the Ferland Syndicate. By 1907, it was the top producing mine in the area. The company completely surrounded Peterson and Carr lakes and occupied the east side of Cobalt Lake. At its peak, the mine had ten shafts working three veins, the Kendall, Meyer and Fourth of July. Additionally, it used hydraulics to strip the overburden and employed an aerial tramway. The last dividend was paid in 1921 however. The mine continued to operate during the 1920s by harvesting remnants and areas overlooked during the early boom years. With the onset of the Great Depression, the price of silver collapsed and the mine became uneconomic. Underground exploration and rock breaking had ceased by 1932 and further production was from various rock dumps. In 1952 the company merged with O'Brien Mines to become Nipissing-O'Brien Mines with minor operations through extraction of floors and pillars in the old workings. The resultant company would later merge into Agnico Mines which was a forerunner to Agnico-Eagle Mines of today",1,0,1,https://www.geologyontario.mndm.gov.on.ca/mndmfiles/mdi/data/records/MDI31M05NE00061.html,,,Silver
Nipissing-O’Brien Mines Ltd. ,,,,,,"Agnico-Eagle, Nipissing or O'Briens",,Ontario,47.399253,-79.667933,1903,1964,,,,,"The Nipissing Mine is an abandoned silver mine in Cobalt, Ontario, Canada, located on Nip Hill on the east side of Long Lake.[1]

It was developed in the subsequent Cobalt silver rush of 1903.[2] The original 843 acres of claims were purchased by Ellis P. Earle from the Ferland Syndicate. By 1907, it was the top producing mine in the area. The company completely surrounded Peterson and Carr lakes and occupied the east side of Cobalt Lake. At its peak, the mine had ten shafts working three veins, the Kendall, Meyer and Fourth of July. Additionally, it used hydraulics to strip the overburden and employed an aerial tramway. The last dividend was paid in 1921 however. The mine continued to operate during the 1920s by harvesting remnants and areas overlooked during the early boom years. With the onset of the Great Depression, the price of silver collapsed and the mine became uneconomic. Underground exploration and rock breaking had ceased by 1932 and further production was from various rock dumps. In 1952 the company merged with O'Brien Mines to become Nipissing-O'Brien Mines with minor operations through extraction of floors and pillars in the old workings. The resultant company would later merge into Agnico Mines which was a forerunner to Agnico-Eagle Mines of today",1,0,1,https://www.geologyontario.mndm.gov.on.ca/mndmfiles/mdi/data/records/MDI31M05NE00061.html,,,Cobalt
Coleman Collieries Ltd. ,International Coal and Coke Company,,,,,,Crowsnest Pass,British Columbia,49.63009712,-114.6829735,1903,1983,,,,,Company towns are an essential part of Alberta’s natural resource history. Coleman is a classic example of a town built by a corporation intent on maximizing profit that grew into a community through the hard work and initiative of the town’s residents.,1,0,1,http://history.alberta.ca/energyheritage/coal/the-early-development-of-the-coal-industry-1874-1914/coal-town-formation/coleman-a-company-town.aspx#page-1,https://www.pc.gc.ca/apps/dfhd/page_nhs_eng.aspx?id=1957,,Coal
Kelowna Mines Hedley Ltd. ,,,,,,Hedley Mascot,Hedley,British Columbia,50.403055,-117.13888,1903,1949,1988,1996,,,,1,0,1,https://bcgoldadventures.com/historic-hedley-mine/,https://apps.gov.bc.ca/pub/bcgnws/names/13294.html,,Silver
Kelowna Mines Hedley Ltd. ,,,,,,Hedley Mascot,Hedley,British Columbia,50.403055,-117.13888,1903,1949,1988,1996,,,,1,0,1,https://bcgoldadventures.com/historic-hedley-mine/,https://apps.gov.bc.ca/pub/bcgnws/names/13294.html,,Lead
Kelowna Mines Hedley Ltd. ,,,,,,Hedley Mascot,Hedley,British Columbia,50.403055,-117.13888,1903,1949,1988,1996,,,,1,0,1,https://bcgoldadventures.com/historic-hedley-mine/,https://apps.gov.bc.ca/pub/bcgnws/names/13294.html,,Gold
Graybec Inc.,Graybec Calc Inc.,Canadian Gypsum,"Standard Lime, Dominion Tar and Chemicals, Domtar",,,Jolichaux Division,Joliette,Quebec,46.004861,-73.4717,1904,open,,,,,,1,0,1,https://gq.mines.gouv.qc.ca/documents/examine/DV200102/DV200102.pdf,,,Lime
Manitoba and Saskatchewan Coal Co. Ltd. ,Luscar Ltd.,,,,,Bienfait,Bienfait ,Saskatchewan,49.129136,-104.8382577,1904,open,,,,,"Edward Tage Mine - Estevan Coal Basin. Paleocene Ravenscrag Formation.  600,000 tonnes produced in 2011.  Surface drag-line stripping operation./// The Bienfait Mine owned by the Canadian Pacific Railway was opened for business in January 1904 per 1955 history book.",1,0,0,,,,Coal
"Gypsum, Lime and Alabastine, Canada Ltd. ",Alabastine Company of Paris,,,,,No. l (Caledonia),,Ontario,43.0825,-79.94917,1905,1953,,,,,,1,0,1,https://www.mindat.org/loc-253514.html,page 90 : http://www.geologyontario.mndmf.gov.on.ca/mndmfiles/pub/data/imaging/IMR018/IMR018.pdf,,Gypsum
Rix-Ahabasca Uranium Mines Ltd.,Silver Century Exploration Ltd.,United Cobalt Mines Ltd.,Victoria Silver Cobalt Mines Ltd.,,,,,Ontario,47.39182,-79.65594,1906,1997,,,,,,1,0,1,https://www.geologyontario.mndm.gov.on.ca/mndmfiles/mdi/data/records/MDI31M05NE00144.html,,,Silver
Rix-Ahabasca Uranium Mines Ltd.,Silver Century Exploration Ltd.,United Cobalt Mines Ltd.,Victoria Silver Cobalt Mines Ltd.,,,,,Ontario,47.39182,-79.65594,1906,1997,,,,,,1,0,1,https://www.geologyontario.mndm.gov.on.ca/mndmfiles/mdi/data/records/MDI31M05NE00144.html,,,Cobalt
Fundy Gypsum Co. Ltd. ,,,,,,Miller Creek,Windsor ,Nova Scotia,45.013592,-64.05334408,1908,2011,,,,,"""Placer gold was mined intermittently from 1895 to 1940, and in the early 1980's one mining operation was active near the mouth of Miller Creek, but there are no data on production (Cobb, 1976, p. 47, [OFR 76-633]; Wilkinson, 1984)."" From https://www.mindat.org/loc-198881.html",1,0,1,https://www.cbc.ca/news/canada/nova-scotia/strip-miner-defends-point-aconi-project-1.573939,https://www.canadianminingjournal.com/featured-article/coal-mine-fits-right-in-with-the-community/,https://notyourgrandfathersmining.ca/stellarton-surface-mine,Gypsum
Cobalt Lode Silver Mines Ltd. ,Agnico Eagle,,,,,,,Ontario,47.35638,-79.64512,1908,1989,,,,,,1,0,1,https://www.mindat.org/loc-10140.html,https://www.geologyontario.mndm.gov.on.ca/mndmfiles/mdi/data/records/MDI31M05SE00023.html,,Silver
Silver Town Mines Ltd.,,,,,,,,Ontario,47.38689,-79.67262,1908,1967,,,,,,1,0,1,https://www.geologyontario.mndm.gov.on.ca/mndmfiles/mdi/data/records/MDI31M05NE00073.html,,,Silver
Fording Coal Limited,Teck Resources Limited,Corbin Creek Resources Ltd.,Byron Creek Collieries Ltd. ,,,Coal Mountain,Sparwood,British Columbia,49.5,-114.65944,1908,2018,,,,,ghost town //// also Esso Resources Canada Ltd.,1,0,1,"https://en.wikipedia.org/wiki/Corbin,_British_Columbia",,http://www.ghosttownpix.com/bc/corbin.html,Coal
Siscoe Metals of Ontario Ltd.,Miller Lake Co.,,,,,O'Brien,Gowganda ,Ontario,47.66657,-80.73897,1909,1965,,,,,"There is also an O'Brien Mine in Coleman Township, near Cobalt.",1,0,1,https://www.mindat.org/loc-23120.html,,,Silver
Davidson Tisdale Mines Limited,Getty Canadian Metals,,,,,,Timmins ,Ontario,48.51486,-81.22356,1911,1988,,,,,1981 Dome Mines,1,0,1,https://mininglifeonline.net/text_davidson-tisdale.html,http://s21.q4cdn.com/390685383/files/doc_presentations/2003_DT_GeostatReport.pdf,,Gold
Sociéte Miniere Gerdin Inc. ,,,,,,St-Rémi China Clay,St. Rémi Amherst,Quebec,49.08034,-66.660498,1911,open,,,,,"Impressively deep but small footprint open pit mine, currently (2008) operating on small scale. Known since 1894 and operated sporadically since 1911, for the recovery of kaolinite from quartzite rock////////FR: Cette carrière, appartenant à la Société minière Gerdin inc., se situe sur le lot 12 du rang VI, canton d'Amherst. Elle est à 4,5 km au sud-est du village de Saint-Rémi d'Amherst, au sud de la route 304 menant à Saint-Sauveur. Elle fut exploitée par le passé pour la production de sable pour l'industrie du verre; les principaux exploitants furent Kaolin Silica Ltd. (1930-1940) et Canada China Clay and Silica Ltd. (1947-1948). Par la suite, la carrière a passé entre plusieurs mains et a surtout été exploitée sur une base intermittente comme source de silice pour la fabrication du ciment.",1,0,1,https://www.mindat.org/loc-188599.html,https://gq.mines.gouv.qc.ca/documents/examine/ET9904/ET9904.pdf,,Silica
Manridge Mines Ltd. ,Siscoe Metals,,,,,Mann (Manridge),Milner,Ontario,47.62111,-80.81611,1912,1988,,,,,,1,0,1,https://www.mindat.org/loc-213262.html,closure date: https://www.otcmarkets.com/financialReportViewer?symbol=BSENF&id=266364,,Silver
Silmonac Mines Ltd.,Silvana Inc.,Dickenson Mines Ltd.,Kam-Kotia Burkham Joint Venture,,,Silvana,New Denver ,British Columbia,49.972499,-117.25166,1913,1993,,,,,Treminco Resources Ltd. also (added from maps list),1,0,1,https://minfile.gov.bc.ca/Summary.aspx?minfilno=082FNW050,,,Lead
Silmonac Mines Ltd.,Silvana Inc.,Dickenson Mines Ltd.,Kam-Kotia Burkham Joint Venture,,,Silvana,New Denver ,British Columbia,49.972499,-117.25166,1913,1993,,,,,Treminco Resources Ltd. also (added from maps list),1,0,1,https://minfile.gov.bc.ca/Summary.aspx?minfilno=082FNW050,,,Copper
Silmonac Mines Ltd.,Silvana Inc.,Dickenson Mines Ltd.,Kam-Kotia Burkham Joint Venture,,,Silvana,New Denver ,British Columbia,49.972499,-117.25166,1913,1993,,,,,Treminco Resources Ltd. also (added from maps list),1,0,1,https://minfile.gov.bc.ca/Summary.aspx?minfilno=082FNW050,,,Silver
Silmonac Mines Ltd.,Silvana Inc.,Dickenson Mines Ltd.,Kam-Kotia Burkham Joint Venture,,,Silvana,New Denver ,British Columbia,49.972499,-117.25166,1913,1993,,,,,Treminco Resources Ltd. also (added from maps list),1,0,1,https://minfile.gov.bc.ca/Summary.aspx?minfilno=082FNW050,,,Cadmium
Silmonac Mines Ltd.,Silvana Inc.,Dickenson Mines Ltd.,Kam-Kotia Burkham Joint Venture,,,Silvana,New Denver ,British Columbia,49.972499,-117.25166,1913,1993,,,,,Treminco Resources Ltd. also (added from maps list),1,0,1,https://minfile.gov.bc.ca/Summary.aspx?minfilno=082FNW050,,,Zinc
Sifto Salt Ltd. ,Domtar Chemicals Ltd. ,Sifto Canada Inc.,Purity Flour Mills Ltd.,,,,Goderich ,Ontario,43.74515,-81.718467,1915,1981,,,,,,1,0,1,https://www.draglamsalt.com/blogs/the-largest-salt-mine-in-the-world-goderich-ontario,https://www.geologyontario.mndm.gov.on.ca/mndmfiles/mdi/data/records/MDI40P12NE00004.html,,Salt
Windsor Plaster Co. Ltd.,"Gypsum, Lime and Alabastine Company of Toronto",,,,,,Hants County,Nova Scotia,45.08688869,-63.91264812,1915,1958,,,,,"Closing of Number 26 Colliery, Glace Bay, Nova Scotia.",1,0,1,https://publications.gc.ca/collections/Collection/M39-78-2001E.pdf,,,Gypsum
Paymaster Consolidates Mines Ltd.,Porcupine Paymaster Ltd.,,,,,Paymaster,,Ontario,48.45789,-81.2619,1915,1965,,,,,,1,0,1,http://www.geologyontario.mndm.gov.on.ca/mndmfiles/mdi/data/records/MDI42A06NW00002.html,,,Gold
E. Montpetit et Fils Ltd,Melocheville Mining Limited,Timinco Ltd.,,,,Chromasco Quarry,Melocheville ,Quebec,45.099606,-73.637762,1916,1991,,,,,"small scale //FR: Cette carrière se situe à Melocheville près de Beauharnois, sur les lots 301 à 307 de la paroisse Saint-Clément-deBeauharnois. Plusieurs exploitants s'y sont succédés depuis 1916 pour produire de la pierre de construction et du grès à haute  teneur en silice pour l'usine de ferro-silicium de la compagnie Chromasco. Les principaux exploitants furent Euclide Montpetit de 1926 à 1946; E. Montpetit et fils liée de 1955 à 1966; la Société minière Melocheville de 1977 jusqu'au début des années 80. Depuis quelques années, la carrière est exploitée par les Carrières Richard Capuano et fils inc. pour la pierre concassée et le grès à haute teneur en silice pour les cimenteries. ",1,0,1,https://gq.mines.gouv.qc.ca/documents/examine/GM08252/GM08252.pdf,https://gq.mines.gouv.qc.ca/documents/examine/ET9904/ET9904.pdf,,Silica
Indusmin Ltd. (Quebec Silica Division),Unimin Canada,Canadian Carborundum Co. Ltd.,Canadian Silica Corp. Ltd.,,,Saint-Canut,St. Canut ,Quebec,45.71678,-74.08251,1917,open,,,,,"FR: L'exploitation du grès sur cette propriété remonte à 1917. Les principaux exploitants qui s'y sont succédés sont : Cascades Silica Products de 1920 à 1924; Canadian Carborundum de 1929 à 1954, pour alimenter son usine de carbure de silicium de Shawinigan; Canadian Silica qui sera fusionné en 1965 à Industrial Minerals of Canada, lequel sera regroupé en 1968 avec Indusmin; Unimin Canada liée, l'exploitant actuel, a acquis la propriété d'Indusmin en 1990.",1,0,1,https://www.mindat.org/feature-6137559.html,,,Silica
Canadian John-Manville Co. Ltd., J.M. Asbestos Inc. ,,,,,,,Quebec,45.76972,-71.95,1918,1982,1996,2001,,,big legal issue with exposure to asbestos by workforce - bankrupsy ////// https://www.patrimoine-culturel.gouv.qc.ca/rpcq/detail.do?methode=consulter&id=201471&type=bien,1,0,1,https://core.ac.uk/download/pdf/62648154.pdf,https://www.mesothelioma.com/asbestos-exposure/companies/johns-manville/,https://www.mindat.org/loc-581.html,Asbestos
Carey Canadian Mines Ltd.,Quebec Asbestos Corporation Limited (pre-1955),,,,,QAC (Philip Carey/Celotex) or Carey,East Broughton ,Quebec,46.256393,-71.046172,1918,1986,,,,,"FR: HEALTH - En 1976, la commission Beaudry sur la salubrité dans les lieux de travail oblige la Carey à investir plus de 3 millions, afin de se conformer aux nouvelles normes de salubrité de l'air. Enfin, dans les années 80, en raison d'une récession économique mondiale et de la mauvaise publicité faite à l'amiante en rapport avec les dangers pour la santé, la compagnie se voit dans l'obligation de mettre à pied plusieurs travailleurs. Quelques années plus tard, la situation ne s'est guère améliorée. La mine ferme définitivement ses portes le 25 avril 1986.",1,0,1,https://www.patrimoine-culturel.gouv.qc.ca/rpcq/detail.do?methode=consulter&id=200848&type=bien,https://www.brownlawyers.ca/canadian-asbestos-mines.html,,Chrysotile
Sherwin-Williams Co. of Canada Ltd.,,,,,,Red Mill (nine miles east of Trois Rivières),,Quebec,46.426221,-72.462985,1922,1966,,,,,"Also earlier but with other companies (1870) /// FR: Le nom de « Red Mill » (moulin rouge) fut d’abord donné par la Canadian Pacific Railway Company à la gare ferroviaire qui desservait le petit hameau formé à proximité des entreprises qui exploitaient le gisement d’ocre dans le rang Saint-Malo. Puis, il fut donné au bureau de poste et, ensuite, retenu par Joseph Bradley pour désigner l’usine de fabrication de peinture dont les bâtiments étaient de couleur rouge, tout comme l’ocre, de laquelle on tirait les pigments utilisés dans la fabrication de la peinture. Un grand gisement de minerai de fer de 600 acres avait été identifié par les prospecteurs et géologues dans ce rang. Au cours des décennies 1870, 1880 et 1890, pas moins de quatre entrepreneurs et entreprises s’aventurèrent, sans trop de succès, à exploiter le gisement de Red Mill: Télesphore-Eusèbe Normand (1887), la Johnson Magnetic Iron Paint Company (1888), James Robertson (1888-1892) et la Saint-Maurice Metallic Paint Company (1891-1893). Mais, après s’être assuré les services de John Bradley, un Anglais de Derby passé maître dans l’art de préparer des pigments, le fabricant de peinture Canada Paint ouvrit une usine de traitement et de transformation à Red Mill en 1892. Durant les deux premières années de ses activités, la Canada Paint réussit à produire 31 couleurs pour l’industrie de la peinture. Jusqu’en 1911, elle produisit en moyenne 950 tonnes de minerai par année. En 1922, l’usine et la mine de Canada Paint à Red Mill furent acquises par la Sherwin-Williams Corporation of Canada Limited. Les «terres à peinture» apportèrent du pain sur la table de la plupart des familles du rang Saint-Malo. L’épuisement des gisements d’ocre, durant les années 1950, entraîna la fermeture de tous les établissements spécialisés dans la vente d’oxyde de fer. L’entreprise Sherwin-Williams de Red Mill ferma ses portes en 1966. James Bradley et ses associés formèrent aussitôt la compagnie Red Mill Industries Limitée et tentèrent de relancer l’usine en décembre de la même année. Mais l’usine ferma définitivement ses portes en 1968, après 75 ans d’activité.
",1,0,1,https://www.v3r.net/culture/histoire-et-patrimoine/toponymie/toponyme/red-mill-sud,,,Iron ore
Quemont Mining Corp. Ltd. ,,,,,,,Noranda ,Quebec,48.25778,-79.0177,1922,1971,,,,,,1,0,1,https://www.mindat.org/loc-19264.html,,,Gold
Quemont Mining Corp. Ltd. ,,,,,,,Noranda ,Quebec,48.25778,-79.0177,1922,1971,,,,,,1,0,1,https://www.mindat.org/loc-19264.html,,,Copper
Quemont Mining Corp. Ltd. ,,,,,,,Noranda ,Quebec,48.25778,-79.0177,1922,1971,,,,,,1,0,1,https://www.mindat.org/loc-19264.html,,,Silver
Quemont Mining Corp. Ltd. ,,,,,,,Noranda ,Quebec,48.25778,-79.0177,1922,1971,,,,,,1,0,1,https://www.mindat.org/loc-19264.html,,,Pyrite
Quemont Mining Corp. Ltd. ,,,,,,,Noranda ,Quebec,48.25778,-79.0177,1922,1971,,,,,,1,0,1,https://www.mindat.org/loc-19264.html,,,Zinc
Deer Horn Mines Ltd.,,,,,,Deer Horn or Cross Lake O'Brien,Cobalt ,Ontario,47.39107,-79.64549,1923,1970,,,,,,1,0,1,https://www.mindat.org/loc-10522.html,,,Silver
"Gypsum, Lime, and Alabastine, Canada, Ltd. ",Domtar,Canada Cement Lafarge Ltd.,Lafarge Canada Inc.,,,Falkland,,British Columbia,50.511111,-119.5525,1926,2011,,,,,,1,0,1,https://digital.library.mcgill.ca/images/hrcorpreports/pdfs/6/632584.pdf,"https://digital.library.mcgill.ca/hrcorpreports/search/detail.php?company=Gypsum,%20Lime%20and%20Alabastine%20Canada%20Limited&ID=291",,Anhydrite
"Gypsum, Lime, and Alabastine, Canada, Ltd. ",Domtar,Canada Cement Lafarge Ltd.,Lafarge Canada Inc.,,,Falkland,,British Columbia,50.511111,-119.5525,1926,2011,,,,,,1,0,1,https://digital.library.mcgill.ca/images/hrcorpreports/pdfs/6/632584.pdf,"https://digital.library.mcgill.ca/hrcorpreports/search/detail.php?company=Gypsum,%20Lime%20and%20Alabastine%20Canada%20Limited&ID=291",,Gypsum
Falconbridge Limited,,,,,,5s,Sudbury ,Ontario,46.58,-80.795,1928,1984,,,,,"Indication of 5, 4, and 3 mines. ",1,0,1,http://www.geologyontario.mndm.gov.on.ca/mndmfiles/MDI/data/records/MDI41I11NW00005.html,https://www.mindat.org/loc-11127.html,,Nickel
Falconbridge Limited,,,,,,5s,Sudbury ,Ontario,46.58,-80.795,1928,1984,,,,,"Indication of 5, 4, and 3 mines. ",1,0,1,http://www.geologyontario.mndm.gov.on.ca/mndmfiles/MDI/data/records/MDI41I11NW00005.html,https://www.mindat.org/loc-11127.html,,Cobalt
Falconbridge Limited,,,,,,5s,Sudbury ,Ontario,46.58,-80.795,1928,1984,,,,,"Indication of 5, 4, and 3 mines. ",1,0,1,http://www.geologyontario.mndm.gov.on.ca/mndmfiles/MDI/data/records/MDI41I11NW00005.html,https://www.mindat.org/loc-11127.html,,Copper
Falconbridge Limited,,,,,,5s,Sudbury ,Ontario,46.58,-80.795,1928,1984,,,,,"Indication of 5, 4, and 3 mines. ",1,0,1,http://www.geologyontario.mndm.gov.on.ca/mndmfiles/MDI/data/records/MDI41I11NW00005.html,https://www.mindat.org/loc-11127.html,,Gold
Falconbridge Limited,,,,,,5s,Sudbury ,Ontario,46.58,-80.795,1928,1984,,,,,"Indication of 5, 4, and 3 mines. ",1,0,1,http://www.geologyontario.mndm.gov.on.ca/mndmfiles/MDI/data/records/MDI41I11NW00005.html,https://www.mindat.org/loc-11127.html,,Silver
Falconbridge Limited,,,,,,5s,Sudbury ,Ontario,46.58,-80.795,1928,1984,,,,,"Indication of 5, 4, and 3 mines. ",1,0,1,http://www.geologyontario.mndm.gov.on.ca/mndmfiles/MDI/data/records/MDI41I11NW00005.html,https://www.mindat.org/loc-11127.html,,Platinum
Coniaurum Mines Ltd. ,,,,,,Coniaurum,,Ontario,48.4881,-81.27099,1928,1960,,,,,,1,0,1,https://www.mindat.org/loc-10295.html,http://www.geologyontario.mndm.gov.on.ca/mndmfiles/mdi/data/records/MDI42A06NW00010.html,,Gold
Graybec Inc.,,,,,,Bedford,Bedford,Quebec,45.114415,-73.014601,1930,open,,,,,"The Bedford Plant, the largest producer of lime in Canada, is located in Southern Québec, approximately midway between Montréal and the Vermont border. The plant's annual production capacity is over 400,000 tons of quicklime with a storage capacity of more than 8,000 tons.",1,0,1,https://gq.mines.gouv.qc.ca/documents/examine/DV200102/DV200102.pdf,https://www.graymont.com/en/locations/lime-plants/eastern-canada/lime-plant/bedford,,Lime
Johnson's Co. Ltd.,,,,,,,Black Lake,Quebec,46.04863,-71.3685,1930,1964,,,,,,1,0,1,https://www.mindat.org/loc-29846.html,,,Asbestos
Bevcourt Gold Mines Ltd.,,,,,,,,Quebec,48.09583,-77.42222,1931,1965,,,,,,1,0,1,https://www.mindat.org/loc-195159.html,,,Gold
Canadian Salt Co. Ltd.,,,,,,,,Nova Scotia,46.89361,-60.48389,1933,1955,,,,,According to this source a gypsum mine called National Gypsum Company quarries operated between 1933 and 1955. The closure match the info of the Index of Producing Mines https://www.mindat.org/loc-16847.html,1,0,1,https://archives.novascotia.ca/meninmines/timeline/,,,Gypsum
St. Lawrence Corp. of Newfoundland Ltd.,,,,,,,St Lawrence,Newfoundland-and-Labrador,46.903198,-55.399156,1933,1961,,,,,188 workers,1,0,1,https://www.ic.gc.ca/app/scr/cc/CorporationsCanada/fdrlCrpDtls.html?corpId=0139084,,,Fluorspar
Newfoundland Fluorspar Ltd.,"Aluminum Co. of Canada, Ltd. (Newfoundland Fluorspar Works)",Canadian Florspar,,,,Newfoundland Fluorspar Works,St. Lawrence ,Newfoundland-and-Labrador,46.903198,-55.399156,1933,1978,,,,,120 workers,1,0,1,https://www.communitystories.ca/v1/pm_v2.php?id=exhibit_home&fl=0&lg=English&ex=767,https://www.heritage.nf.ca/articles/economy/st-lawrence-mines.php,,Fluorspar
Macassa Mines Ltd. ,Upper Canada Resources Ltd.,Kinross Gold Corporation,Kirkland Lake Gold Inc.,,,Macassas,Kirkland Lake,Ontario,48.130261,-80.088542,1933,1999,2002,open,,,,1,0,1,http://www.geologyontario.mndm.gov.on.ca/mndmfiles/mdi/data/records/MDI42A01SE00020.html,https://publications.gc.ca/collections/Collection/M39-78-2001E.pdf,,Gold
"Pamour Porcupine Mines, Ltd.",,,,,,,Matachewan,Ontario,48.522253,-81.120492,1934,2011,,,,,another closure in 1942 (pre-1950),1,0,1,http://www.geologyontario.mndmf.gov.on.ca/mndmfiles/mdi/data/records/MDI42A11SE00014.html,,,Gold
American Nepheline Ltd. ,Industrial Minerals of Canada Ltd.,Indusmin Ltd.,,,,Nephton Quarry,Peterborough Twp,Ontario,44.62805,-78.00275,1935,open,,,,,,1,0,1,https://www.mindat.org/loc-191110.html,,,Nepheline Syenite
International Minerals and Chemical Corp. (Canada) Ltd,Sobin Chemicals(Canada) Ltd.,"IMC Chemical Group, (Canada) Ltd",Unimin Canada Ltd. ,,,Blue Mountain,Peterborough County,Ontario,44.68005,-77.94976,1935,2020,,,,,,1,0,1,https://www.mindat.org/loc-179453.html,https://www.thepeterboroughexaminer.com/news/peterborough-region/2017/12/23/nephton-mine-to-close-by-2020-but-unimin-plans-to-expand-nearby-blue-mountain-operations.html,,Nepheline Syenite
Royal Oak Mines Inc.,Goldcorp Inc.,,,,,Hoyle,Timmins,Ontario,48.52723,-81.09293,1935,1949,1976,1990,,,,1,0,1,https://www.mindat.org/loc-255069.html,http://www.geologyontario.mndm.gov.on.ca/mndmfiles/mdi/data/records/MDI42A11SE00012.html,,Gold
Chibougamau Explorers Ltd,,,,,,,,Quebec,49.9162471,-74.37120324,1935,1958,,,,,,1,0,1,https://numerique.banq.qc.ca/patrimoine/details/52327/3303649,,,Gold
Chibougamau Explorers Ltd,,,,,,,,Quebec,49.9162471,-74.37120324,1935,1958,,,,,,1,0,1,https://numerique.banq.qc.ca/patrimoine/details/52327/3303649,,,Copper
Madsen Red Lake Gold Mines Ltd. ,Madsen Gold Corp.,,,,,Madsen,Red Lake,Ontario,50.96714,-93.91769,1935,1972,,,,,,1,0,1,https://images.ourontario.ca/gateway/details.asp?ID=55878,,,Gold
McKenzie Red Lake Gold Mines Ltd. ,,,,,,,,Ontario,51.0775,-93.8275,1935,1966,,,,,,1,0,1,https://www.redlakemuseum.com/mckenzie-red-lake.html,https://www.mindat.org/loc-15966.html,,Silver
McKenzie Red Lake Gold Mines Ltd. ,,,,,,,,Ontario,51.0775,-93.8275,1935,1966,,,,,,1,0,1,https://www.redlakemuseum.com/mckenzie-red-lake.html,https://www.mindat.org/loc-15966.html,,Gold
Blackburn Bros. Ltd.,,,,,,,,Quebec,45.679092,-75.60765,1936,1964,,,,,The mine was also in production from 1778 to 1844.,1,0,1,https://www.mindat.org/loc-264893.html,,,Mica
Blackburn Bros. Ltd.,,,,,,,,Quebec,45.679092,-75.60765,1936,1964,,,,,The mine was also in production from 1778 to 1844.,1,0,1,https://www.mindat.org/loc-264893.html,,,Apatite
Little Narrows Gypsum Co. Ltd. ,CGC Inc.,,,,,,Little Narrows ,Nova Scotia,45.994626,-60.94677782,1936,2016,,,,,"In 1826, the General Mining Association (GMA) of England came into possession of all the mineral rights in the province, and its surveyor recommended mining coal at what are today Stellarton and Sydney Mines. The well-capitalized GMA arrived in the province armed with knowledge ofthe latest advances in coal mining in England, political clout, and access to the most up-to-date machinery. ////Death was a fact oflife in the Pictou coalfield, particularly in the Albion seams. In the early decades, records were not kept, but historian James Cameron has calculated that 576 deaths occurred between 1866 and 1972,",1,0,1,Closure information: https://www66.statcan.gc.ca/eng/1974/197405370525_p.%20525.pdf,https://www.cbc.ca/news/canada/nova-scotia/gypsum-layoffs-shutdown-mine-plant-1.3822094,Info on opening (see p. 18) https://archives.novascotia.ca/pdf/westray/WestrayStory-1-1.pdf ,Gypsum
Pamour Porcupine Mines Ltd. ,,,,,,No.3,Timmins (Pamour),Ontario,48.52278,-81.115,1936,1986,2006 ,2011,,,The mine also produced between 1911 and 1914. ,1,0,1,https://www.mindat.org/loc-264066.html,https://www.geologyontario.mndm.gov.on.ca/mndmfiles/mdi/data/records/MDI42A11SE00014.html,,Gold
Charter Coals Ltd.,Century Coals Ltd.,Amalgamated Coals Ltd. ,,,,Atlas Coal,East Coulee ,Alberta,51.32863,-112.48251,1936,1979,,,,,,1,0,1,http://history.alberta.ca/energyheritage/coal/reinvention-1950-onwards/the-decline-of-albertas-mining-communities/the-fate-of-east-coulee-and-atlas-coal-mine.aspx,https://geohack.toolforge.org/geohack.php?pagename=Atlas_Coal_Mine&params=51.32863_N_112.48251_W_&title=Atlas+Coal+Mine_type:landmark_region:CA-AB,,Coal
New Senator-Rouyn Ltd. ,,,,,,,,Quebec,48.23226,-79.057245,1937,1955,,,,,,1,0,1,https://www.northernminer.com/news/mining-markets-investment-news-former-new-senator-seeks-prairie-gold/1000163099/,https://gq.mines.gouv.qc.ca/documents/examine/GM55758/GM55758.pdf,,Silver
New Senator-Rouyn Ltd. ,,,,,,,,Quebec,48.23226,-79.057245,1937,1955,,,,,,1,0,1,https://www.northernminer.com/news/mining-markets-investment-news-former-new-senator-seeks-prairie-gold/1000163099/,https://gq.mines.gouv.qc.ca/documents/examine/GM55758/GM55758.pdf,,Gold
East Malartic Mines Ltd. ,,,,,,East Malartic,Norrie ,Quebec,48.12965,-78.099777,1938,1980,,,,,,1,0,1,https://depositum.uqat.ca/id/eprint/424/1/cahierhist6.pdf,,,Lead
East Malartic Mines Ltd. ,,,,,,East Malartic,Norrie ,Quebec,48.12965,-78.099777,1938,1980,,,,,,1,0,1,https://depositum.uqat.ca/id/eprint/424/1/cahierhist6.pdf,,,Copper
East Malartic Mines Ltd. ,,,,,,East Malartic,Norrie ,Quebec,48.12965,-78.099777,1938,1980,,,,,,1,0,1,https://depositum.uqat.ca/id/eprint/424/1/cahierhist6.pdf,,,Gold
East Malartic Mines Ltd. ,,,,,,East Malartic,Norrie ,Quebec,48.12965,-78.099777,1938,1980,,,,,,1,0,1,https://depositum.uqat.ca/id/eprint/424/1/cahierhist6.pdf,,,Silver
East Malartic Mines Ltd. ,,,,,,East Malartic,Norrie ,Quebec,48.12965,-78.099777,1938,1980,,,,,,1,0,1,https://depositum.uqat.ca/id/eprint/424/1/cahierhist6.pdf,,,Arsenic
East Malartic Mines Ltd. ,,,,,,East Malartic,Norrie ,Quebec,48.12965,-78.099777,1938,1980,,,,,,1,0,1,https://depositum.uqat.ca/id/eprint/424/1/cahierhist6.pdf,,,Be
Nicolet Asbestos Mines Ltd.,,,,,,,Norbestos ,Quebec,45.816926,-71.841887,1939,1969,,,,,"operated by Nicolet Asbestos Mines Ltd., a subsidiary of Nicolet Industries Inc.,  located in Norbestos, Quebec, years operational 1939 - 1969. ",1,0,1,https://www.brownlawyers.ca/canadian-asbestos-mines.html,,,Chrysotile
B.C. Sugar Refining Co. Ltd.,,,,,,,Fort Garry,Manitoba,49.84137522,-97.15324002,1939,1997,,,,,,1,0,1,https://searcharchives.vancouver.ca/manitoba-sugar-company-2,,,Lime
Aunor Gold Mines Ltd. ,,,,,,Aunor,Timmins ,Ontario,48.4414,-81.29698,1940,1984,,,,,,1,0,1,https://mrdata.usgs.gov/mrds/show-mrds.php?dep_id=10167678,http://www.geologyontario.mndm.gov.on.ca/mndmfiles/MDI/data/records/MDI42A06NW00033.html,,Gold
Yukon Gold Placers Ltd. ,,,,,,,Treadwell (close to steward river),Yukon,63.06469553,-138.8818854,1940,1959,,,,,,1,0,1,p.12 https://publications.gc.ca/collections/collection_2015/aadnc-aandc/R71-9-1959-1-eng.pdf,https://emrlibrary.gov.yk.ca/ygs/ebooks/yukon-mineral-industry-1941-59.pdf,,Gold
Kinross Gold Corporation,,,,,,Hoyle Pond,Timmins ,Ontario,48.55076,-81.14896,1941,1949,1983,open,,,"Mining operations at Porcupine's Hollinger open pit, Hoyle Pond underground mine and processing plant will continue for the foreseeable future.",1,0,1,https://publications.gc.ca/collections/Collection/M39-78-2001E.pdf,,,Gold
Canadian Flint and Spar Co. Ltd.,International Minerals & Chemical Corporation,,,,,,,Quebec,45.58640493,-75.41778126,1942,1955,,,,,,1,0,1,https://gq.mines.gouv.qc.ca/documents/examine/GM35603/GM35603.pdf,,,Feldspar
Canadian Collieries (Dunsmuir) Ltd. ,,,,,,Mercoal,Mercoal,Alberta,53.16712917,-117.0832472,1942,1959,,,,,,1,0,1,https://documents.techno-science.ca/documents/COALMININGINCANADA-AHISTORICALANDCOMPARATIVEOVERVIEW.pdf,https://issuu.com/experiencetravelguides/docs/experience_our_coal_history,,Coal
Huntingdon Fluorspar Mines Ltd,,,,,,Johnston,,Ontario,44.4675,-77.44306,1943,1964,,,,,,1,0,1,https://www.mindat.org/loc-264013.html,,,Fluorspar
Caland Ore Co. Ltd. ,,,,,,,Atikokan ,Ontario,48.81528,-91.605,1943,1979,,,,,,1,0,1,https://visitatikokan.com/experiences/historic-iron-mines/,https://www.mindat.org/loc-528.html,,Iron
Nickel Offsets Ltd.,,,,,,,Foy and Bowell Townships in the Sudbury area of northern Ontario,Ontario,46.7586,-81.23947,1945,1957,,,,,The Company also owns a formerly productive nickel-copper property consisting of 55 patented mining claims in Foy and Bowell Townships in the Sudbury area of northern Ontario. Operations on this property were suspended in 1957 and no further work is contemplated thereon at this time.,1,0,1,http://www.geologyontario.mndm.gov.on.ca/mndmfiles/afri/data/imaging/42A11NE0023/42A11NE0023.pdf,p.8 : http://www.geologyontario.mndm.gov.on.ca/mndmfiles/afri/data/imaging/42A11NE0023/42A11NE0023.pdf,,Nickel
Anglo Dominion Gold Exploration Ltd.,,,,,,Dulama ,Missanabie,Ontario,48.376097,-83.853914,1945,1951,1984,1989,,,,1,0,1,http://www.geologyontario.mndm.gov.on.ca/mndmfiles/mdi/data/records/MDI42B05NW00007.html,,,Silica
Anglo Dominion Gold Exploration Ltd.,,,,,,Dulama ,Missanabie,Ontario,48.376097,-83.853914,1945,1951,1984,1989,,,,1,0,1,http://www.geologyontario.mndm.gov.on.ca/mndmfiles/mdi/data/records/MDI42B05NW00007.html,,,Gold
Aluminum Co. of Canada Ltd.,Aluminum Company of America,,,,,,Arvida,Quebec,48.42986,-71.1787,1945,1968,,,,,,1,0,1,https://uspto.report/TM/72116369,https://publications.gc.ca/collections/collection_2016/statcan/41-204/CS41-204-1955-eng.pdf,,Magnesia
Star-Key Mines Ltd. ,,,,,,,Edmonton ,Alberta,53.70906292,-113.5776368,1945,1979,,,,,,1,0,1,https://hermis.alberta.ca/paa/Details.aspx?st=mining&cp=0&CollectionID=1&ReturnUrl=%2Fpaa%2FSearch.aspx%3Fst%3Dmining%26cp%3D0%26CollectionID%3D1&dv=True&DeptID=1&ObjectID=PR2815,,,Coal
Sifto Salt Ltd. ,Domtar Chemicals Ltd. (Sifto Salt Division),Dominion Salt Co. Ltd.,,,,Sifto Salt Division,Nappan ,Nova Scotia,45.78333,-64.23417,1946,open,,,,,,1,0,1,https://www.mindat.org/loc-245374.html,,,Salt
Flintkote Mines Ltd.,,,,,,,Pontbriand,Quebec,46.130148,-71.27321,1946,1971,,,,,,1,0,1,https://www.mindat.org/loc-145650.html,,,Chrysotile
Sil-Van Consolidated Mining and Milling Co. Ltd. ,,,,,,Duthie,Omineca,British Columbia,54.77306,-127.35722,1946,1954,,,,,,1,0,1,http://www.ominecaminingassociation.com/hudson-bay-mountain.html,,,Lead
Sil-Van Consolidated Mining and Milling Co. Ltd. ,,,,,,Duthie,Omineca,British Columbia,54.77306,-127.35722,1946,1954,,,,,,1,0,1,http://www.ominecaminingassociation.com/hudson-bay-mountain.html,,,Zinc
Ronrico Explorations Limited ,Eloro Resources,Monarques Resources c,Megastar Development Corp.,,,Mine Simkar (Louvicourt GoldFields),Val d'Or,Quebec,48.064328,-77.565004,1947,1949,1991,1993,,,https://gq.mines.gouv.qc.ca/documents/examine/DV9301/DV9301.pdf,1,0,1,https://www.mindat.org/loc-257037.html,https://gq.mines.gouv.qc.ca/documents/examine/PRO9107/PRO9107.pdf,https://depositum.uqat.ca/id/eprint/424/1/cahierhist6.pdf,Tungsten
Ronrico Explorations Limited ,Eloro Resources,Monarques Resources c,Megastar Development Corp.,,,Mine Simkar (Louvicourt GoldFields),Val d'Or,Quebec,48.064328,-77.565004,1947,1949,1991,1993,,,https://gq.mines.gouv.qc.ca/documents/examine/DV9301/DV9301.pdf,1,0,1,https://www.mindat.org/loc-257037.html,https://gq.mines.gouv.qc.ca/documents/examine/PRO9107/PRO9107.pdf,https://depositum.uqat.ca/id/eprint/424/1/cahierhist6.pdf,Zinc
Ronrico Explorations Limited ,Eloro Resources,Monarques Resources c,Megastar Development Corp.,,,Mine Simkar (Louvicourt GoldFields),Val d'Or,Quebec,48.064328,-77.565004,1947,1949,1991,1993,,,https://gq.mines.gouv.qc.ca/documents/examine/DV9301/DV9301.pdf,1,0,1,https://www.mindat.org/loc-257037.html,https://gq.mines.gouv.qc.ca/documents/examine/PRO9107/PRO9107.pdf,https://depositum.uqat.ca/id/eprint/424/1/cahierhist6.pdf,Copper
Ronrico Explorations Limited ,Eloro Resources,Monarques Resources c,Megastar Development Corp.,,,Mine Simkar (Louvicourt GoldFields),Val d'Or,Quebec,48.064328,-77.565004,1947,1949,1991,1993,,,https://gq.mines.gouv.qc.ca/documents/examine/DV9301/DV9301.pdf,1,0,1,https://www.mindat.org/loc-257037.html,https://gq.mines.gouv.qc.ca/documents/examine/PRO9107/PRO9107.pdf,https://depositum.uqat.ca/id/eprint/424/1/cahierhist6.pdf,Gold
Norlartic Mines Ltd. ,Aur Resources Inc.,Prime Resources Group Inc.,,,,Norlartic,Val d’Or ,Quebec,48.148042,-77.989708,1947,1966,1988,1993,,,,1,0,1,https://gq.mines.gouv.qc.ca/documents/examine/GM67935/GM67935_Appendix2.pdf,https://depositum.uqat.ca/id/eprint/424/1/cahierhist6.pdf,https://publications.gc.ca/collections/Collection/M39-78-2001E.pdf,Silver
Norlartic Mines Ltd. ,Aur Resources Inc.,Prime Resources Group Inc.,,,,Norlartic,Val d’Or ,Quebec,48.148042,-77.989708,1947,1966,1988,1993,,,,1,0,1,https://gq.mines.gouv.qc.ca/documents/examine/GM67935/GM67935_Appendix2.pdf,https://depositum.uqat.ca/id/eprint/424/1/cahierhist6.pdf,https://publications.gc.ca/collections/Collection/M39-78-2001E.pdf,Gold
Bonwhit Mines Ltd.,Broulan Reef Mines Limited,Porcupine Reef Mines Ltd.,,,,Bonwhit,Whitney,Ontario,48.51638,-81.15796,1947,1955,,,,,,1,0,1,http://www.geologyontario.mndm.gov.on.ca/mndmfiles/mdi/data/records/MDI42A11SE00018.html,,,Gold
Bethlehem Mines Corp.,,,,,,Marmoraton,Elliot Lake,Ontario,44.48119773,-77.65885596,1948,1978,,,,,,1,0,1,https://www.marmorahistory.ca/marmoraton-mine-fast-facts,,,Iron ore
Anacon Lead Mines Ltd.,,,,,,,Rouyn ,Quebec,48.23478529,-79.01894194,1948,1954,,,,,,1,0,1,https://www.mininghalloffame.ca/matthew-james-boylen,https://publications.gc.ca/collections/collection_2018/statcan/26-216/CS26-216-1954-eng.pdf,,Silver
Anacon Lead Mines Ltd.,,,,,,,Rouyn ,Quebec,48.23478529,-79.01894194,1948,1954,,,,,,1,0,1,https://www.mininghalloffame.ca/matthew-james-boylen,https://publications.gc.ca/collections/collection_2018/statcan/26-216/CS26-216-1954-eng.pdf,,Lead
Anacon Lead Mines Ltd.,,,,,,,Rouyn ,Quebec,48.23478529,-79.01894194,1948,1954,,,,,,1,0,1,https://www.mininghalloffame.ca/matthew-james-boylen,https://publications.gc.ca/collections/collection_2018/statcan/26-216/CS26-216-1954-eng.pdf,,Zinc
Anacon Lead Mines Ltd.,,,,,,,Rouyn ,Quebec,48.23478529,-79.01894194,1948,1954,,,,,,1,0,1,https://www.mininghalloffame.ca/matthew-james-boylen,https://publications.gc.ca/collections/collection_2018/statcan/26-216/CS26-216-1954-eng.pdf,,Gold
Quebec Iron and Titanium Corp.,QIT Fer et Titane Inc.,,,,,Tio (Lake Tio or Allard Lake),Havre St. Pierre ,Quebec,50.555821,-63.416052,1948,open,,,,,,1,0,1,https://www.mindat.org/loc-19255.html,,,Titanium
Quebec Iron and Titanium Corp.,QIT Fer et Titane Inc.,,,,,Tio (Lake Tio or Allard Lake),Havre St. Pierre ,Quebec,50.555821,-63.416052,1948,open,,,,,,1,0,1,https://www.mindat.org/loc-19255.html,,,Iron
Starratt Olsen Gold Mines Ltd. ,,,,,,Sapawe,,Ontario,50.95092,-93.93332,1948,1956,,,,,,1,0,1,https://www.redlakemuseum.com/starratt-olsen-mine.html,,,Gold
New Dickenson Mines Ltd.,Dickenson Mines Ltd.,Arthur W. White Mine or Dickenson Mine,,,,,Balmertown ,Ontario,51.06167,-93.73222,1948,1990,,,,,,1,0,1,https://www.redlakemuseum.com/dickenson-mine.html,,,Gold
"Canadian Salt Co. Ltd., The ",,,,,,,Lindbergh ,Alberta,53.87536846,-110.6735157,1948,open,,,,,,1,0,1,https://lindberghab.ca/lindbergh-salt-plant,,,Salt
Ronald Nadon Inc. ,Canada Flint and Spar Company,,,,,Hickey or Evans-Lou,Saint-Pierre de Wakefield,Quebec,45.663446,-75.742268,1949,1951,1994,2000,,,,1,0,1,https://gq.mines.gouv.qc.ca/documents/examine/GM50986/GM50986.pdf,https://www.mindat.org/loc-4456.html,,Feldspar
Castle-Trethewey Mines Ltd. ,,,,,,Castle-Trethewey,,Ontario,47.67639,-80.74139,1949,1971,,,,,,1,0,1,https://www.mindat.org/loc-5830.html,https://www.geologyontario.mndm.gov.on.ca/mndmfiles/amis/data/records/03616.html,,Silver
Sheridan Geophysics Ltd.,Dominion Gulf Company,Fatima Mining Company Limited,Texmont Mines Limited.,New Texmont Explorations Limited,,Texmont or Fatima,,Ontario,48.16389,-81.20444,1949,1972,,,,,,1,0,1,https://www.mindat.org/loc-13091.html,https://www.geologyontario.mndm.gov.on.ca/mndmfiles/mdi/data/records/MDI42A03NE00002.html,http://www.geologyontario.mndm.gov.on.ca/mndmfiles/afri/data/imaging/20000007920/20011718.pdf,Copper
Beattie-Duquesne Mines Ltd. ,,,,,,Duquesne,,Quebec,48.474628,-79.035571,1949,1952,,,,,,1,0,1,https://publications.gc.ca/collections/Collection/M39-78-2001E.pdf,https://www.mindat.org/loc-213357.html,,Copper
Beattie-Duquesne Mines Ltd. ,,,,,,Duquesne,,Quebec,48.474628,-79.035571,1949,1952,,,,,,1,0,1,https://publications.gc.ca/collections/Collection/M39-78-2001E.pdf,https://www.mindat.org/loc-213357.html,,Gold
Beattie-Duquesne Mines Ltd. ,,,,,,Duquesne,,Quebec,48.474628,-79.035571,1949,1952,,,,,,1,0,1,https://publications.gc.ca/collections/Collection/M39-78-2001E.pdf,https://www.mindat.org/loc-213357.html,,Silver
Beattie-Duquesne Mines Ltd. ,,,,,,Duquesne,,Quebec,48.474628,-79.035571,1949,1952,,,,,,1,0,1,https://publications.gc.ca/collections/Collection/M39-78-2001E.pdf,https://www.mindat.org/loc-213357.html,,Molybdenum
Beattie-Duquesne Mines Ltd. ,,,,,,Duquesne,,Quebec,48.474628,-79.035571,1949,1952,,,,,,1,0,1,https://publications.gc.ca/collections/Collection/M39-78-2001E.pdf,https://www.mindat.org/loc-213357.html,,Iron
Campbell Red Lake Mines Ltd. ,Placer Dome Inc.,Placer Dome (CLA) Limited,,,,Campbell,Balmertown ,Ontario,51.06149,-93.74109,1949,2006,,,,,,1,0,1,https://www.redlakemuseum.com/campbell-mine.html,,,Gold
Suffield Metals Corp. Ltd.,,,,,,Giffith's,,Quebec,45.318923,-71.959127,1950,1956,,,,,The mine was also in operation from 1864 to 1914.,1,0,1,https://www.mindat.org/loc-23566.html,,,Lead
Suffield Metals Corp. Ltd.,,,,,,Giffith's,,Quebec,45.318923,-71.959127,1950,1956,,,,,The mine was also in operation from 1864 to 1914.,1,0,1,https://www.mindat.org/loc-23566.html,,,Gold
Suffield Metals Corp. Ltd.,,,,,,Giffith's,,Quebec,45.318923,-71.959127,1950,1956,,,,,The mine was also in operation from 1864 to 1914.,1,0,1,https://www.mindat.org/loc-23566.html,,,Copper
Suffield Metals Corp. Ltd.,,,,,,Giffith's,,Quebec,45.318923,-71.959127,1950,1956,,,,,The mine was also in operation from 1864 to 1914.,1,0,1,https://www.mindat.org/loc-23566.html,,,Silver
Suffield Metals Corp. Ltd.,,,,,,Giffith's,,Quebec,45.318923,-71.959127,1950,1956,,,,,The mine was also in operation from 1864 to 1914.,1,0,1,https://www.mindat.org/loc-23566.html,,,Zinc
Continental Iron and Titanium Mining Ltd.,,,,,,Bignell,,Quebec,47.540076,-70.566056,1950,1964,,,,,,1,0,1,https://numerique.banq.qc.ca/patrimoine/details/52327/2989001,,,Titanium
Continental Iron and Titanium Mining Ltd.,,,,,,Bignell,,Quebec,47.540076,-70.566056,1950,1964,,,,,,1,0,1,https://numerique.banq.qc.ca/patrimoine/details/52327/2989001,,,Iron
Zeballos Iron Mines Ltd.,,,,,,,Zeballos ,British Columbia,49.58934858,-126.394043,1950,1968,,,,,,1,0,1,https://www.beyondnootka.com/articles/zeballos_iron_mine.html,https://cmscontent.nrs.gov.bc.ca/geoscience/PropertyFile/NMI/092L2_Fe1.pdf,,Iron
Columbia Gypsum Products Ltd.,Western Gypsum Products Ltd. ,Westroc Industries Ltd. ,BPB Canada Inc.,,,Gypsum (Windermere Creek) or Windermere,Windermere,British Columbia,50.480554,-115.87333,1950,1988,,,,,Later surveys reported that it was probably the third largest deposit in North America,1,0,1,p.16 https://windermeredistricthistoricalsociety.files.wordpress.com/2018/01/mines-in-the-windermere-valley.pdf,,,Anhydrite
Columbia Gypsum Products Ltd.,Western Gypsum Products Ltd. ,Westroc Industries Ltd. ,BPB Canada Inc.,,,Gypsum (Windermere Creek) or Windermere,Windermere,British Columbia,50.480554,-115.87333,1950,1988,,,,,Later surveys reported that it was probably the third largest deposit in North America,1,0,1,p.16 https://windermeredistricthistoricalsociety.files.wordpress.com/2018/01/mines-in-the-windermere-valley.pdf,,,Gypsum
Yale Lead and Zinc Mines Ltd. ,,,,,,Red Cliff,Stewart,British Columbia,56.098333,-129.89833,1950,1959,,,,,,1,0,1,http://www.stewartbc.com/redcliff.html,,,Silver
Yale Lead and Zinc Mines Ltd. ,,,,,,Red Cliff,Stewart,British Columbia,56.098333,-129.89833,1950,1959,,,,,,1,0,1,http://www.stewartbc.com/redcliff.html,,,Lead
Yale Lead and Zinc Mines Ltd. ,,,,,,Red Cliff,Stewart,British Columbia,56.098333,-129.89833,1950,1959,,,,,,1,0,1,http://www.stewartbc.com/redcliff.html,,,Zinc
Dynatec Corporation,,,,,,Mineral Products Division,Marmora,Ontario,44.50306,-77.45278,1951,2020,,,,,,1,0,1,https://www.mindat.org/loc-10300.html,,,Dolomite
Dynatec Corporation,,,,,,Mineral Products Division,Marmora,Ontario,44.50306,-77.45278,1951,2020,,,,,,1,0,1,https://www.mindat.org/loc-10300.html,,,Talc
Mindamar Metals Corp. Ltd.,,,,,,Mindamar,Stirling Richmond County,Nova Scotia,45.727616,-60.43798935,1951,1956,,,,,,1,0,1,https://www.onemine.org/document/abstract.cfm?docid=229848,,,Lead
Mindamar Metals Corp. Ltd.,,,,,,Mindamar,Stirling Richmond County,Nova Scotia,45.727616,-60.43798935,1951,1956,,,,,,1,0,1,https://www.onemine.org/document/abstract.cfm?docid=229848,,,Copper
Mindamar Metals Corp. Ltd.,,,,,,Mindamar,Stirling Richmond County,Nova Scotia,45.727616,-60.43798935,1951,1956,,,,,,1,0,1,https://www.onemine.org/document/abstract.cfm?docid=229848,,,Gold
Mindamar Metals Corp. Ltd.,,,,,,Mindamar,Stirling Richmond County,Nova Scotia,45.727616,-60.43798935,1951,1956,,,,,,1,0,1,https://www.onemine.org/document/abstract.cfm?docid=229848,,,Silver
Mindamar Metals Corp. Ltd.,,,,,,Mindamar,Stirling Richmond County,Nova Scotia,45.727616,-60.43798935,1951,1956,,,,,,1,0,1,https://www.onemine.org/document/abstract.cfm?docid=229848,,,Zinc
Mindamar Metals Corp. Ltd.,,,,,,Mindamar,Stirling Richmond County,Nova Scotia,45.727616,-60.43798935,1951,1956,,,,,,1,0,1,https://www.onemine.org/document/abstract.cfm?docid=229848,,,Iron
Valley Mining Corp.,,,,,,Chibex,"La Dauversiere Twp, Chibougamau ",Quebec,49.57445587,-74.35867247,1951,1961,1974,1975,,,"""Mineralization was discovered in 1950 during surface prospecting on the property on which the Chibex mine is now located. The main ore-bearing zone was discovered and outlined by drilling carried out in 1951-1952. Underground development and production from this zone and others found subsequently were carried out from a 585 metre threecompartment shaft until 1960 when the mine was shut down for refinancing, shaft deepening and further underground development. In 1961 when the surface plant was destroyed by fire the operation was closed. Surface exploration in the mine area was started again in 1970 in anticipation of higher gold prices. The mine was dewatered and rehabilitated in late 1973 and was in production by late 1974. Financial and metallurgical problems, with lower gold prices, forced the operation to close again in late 1975. "" from https://gq.mines.gouv.qc.ca/documents/EXAMINE/TH0896/TH0896.pdf ",1,0,1,https://gq.mines.gouv.qc.ca/documents/EXAMINE/TH0896/TH0896.pdf,,,Gold
International Minerals and Chemical Corp. (Canada) Ltd.,,,,,,Back and Smith Lakes,Buckingham ,Quebec,45.58671889,-75.41974,1952,1971,,,,,,1,0,1,https://gq.mines.gouv.qc.ca/documents/examine/GM10861/GM10861.pdf,,,Feldspar
Altantic Gypsum Ltd.,,,,,,,Corner Brook,Newfoundland-and-Labrador,48.95223385,-57.94616146,1952,1961,2000,2007,,,"Atlantic Gypsum in Corner Brook, operated by Lafarge Canada, closed in 2007 laying off 57 workers taken by surprise. 
""The government also paid for another “new industry” at Corner Brook, a gypsum plant to manufacture plaster and wallboard. This was built by the German firm Benno Schilde""",1,0,1,https://www.heritage.nf.ca/articles/politics/new-industries.php,https://www.cbc.ca/news/canada/newfoundland-labrador/gypsum-plant-closure-catches-workforce-off-guard-1.646232,,Gypsum
National Gypsum (Canada) Ltd.,,,,,,,"Dutch Settlement, Halifax County",Nova Scotia,44.98442562,-63.45412681,1953,1955,,,,,"Closing of Drummond Colliery, Westville, Nova Scotia",1,0,1,Location: https://www.mindat.org/loc-27691.html,"https://notyourgrandfathersmining.ca/drummond According to this website, the mine was mined undergrounf between 1968-1984. A surface mine operetaed in 1980s-1990s to complete extraction of the coal and reclaim the site.",https://archives.novascotia.ca/meninmines/timeline/,Gypsum
Indusmin Ltd.,Dominion Silica Corporation,Dominion Industrial Mineral Corp. ,Unimin Canada Ltd. ,,,Saint-Donat,St. Donat/Montreal,Quebec,46.303527,-74.213339,1953,open,,,,,Alternative name: Quebec Silica Division (1979),1,0,1,https://gq.mines.gouv.qc.ca/documents/examine/GM02679/GM02679.pdf,,,Quartz
Les Mines Gallen Limitee,Noranda Inc.,Glencore,,,,Gallen,Noranda ,Quebec,48.325283,-78.951474,1953,1962,1980,1985,1997,2000,,1,0,1,https://gq.mines.gouv.qc.ca/documents/examine/GM55780/GM55780.pdf,https://gq.mines.gouv.qc.ca/documents/examine/GM55747/GM55747.pdf,,Lead
Les Mines Gallen Limitee,Noranda Inc.,Glencore,,,,Gallen,Noranda ,Quebec,48.325283,-78.951474,1953,1962,1980,1985,1997,2000,,1,0,1,https://gq.mines.gouv.qc.ca/documents/examine/GM55780/GM55780.pdf,https://gq.mines.gouv.qc.ca/documents/examine/GM55747/GM55747.pdf,,Copper
Les Mines Gallen Limitee,Noranda Inc.,Glencore,,,,Gallen,Noranda ,Quebec,48.325283,-78.951474,1953,1962,1980,1985,1997,2000,,1,0,1,https://gq.mines.gouv.qc.ca/documents/examine/GM55780/GM55780.pdf,https://gq.mines.gouv.qc.ca/documents/examine/GM55747/GM55747.pdf,,Gold
Les Mines Gallen Limitee,Noranda Inc.,Glencore,,,,Gallen,Noranda ,Quebec,48.325283,-78.951474,1953,1962,1980,1985,1997,2000,,1,0,1,https://gq.mines.gouv.qc.ca/documents/examine/GM55780/GM55780.pdf,https://gq.mines.gouv.qc.ca/documents/examine/GM55747/GM55747.pdf,,Silver
Les Mines Gallen Limitee,Noranda Inc.,Glencore,,,,Gallen,Noranda ,Quebec,48.325283,-78.951474,1953,1962,1980,1985,1997,2000,,1,0,1,https://gq.mines.gouv.qc.ca/documents/examine/GM55780/GM55780.pdf,https://gq.mines.gouv.qc.ca/documents/examine/GM55747/GM55747.pdf,,Zinc
Nu-Age Uranium Mines Ltds.,Old Smokey Occurrence,Imperial Oil Limited,,,,Nu-Age or Tripp,,Ontario,44.95564,-78.3246,1954,1956,,,,,,1,0,1,http://www.geologyontario.mndm.gov.on.ca/mndmfiles/MDI/data/records/MDI31D16NW00199.html,https://www.mindat.org/loc-21781.html,,Uranium
Greyhawk Uranium Mines Ltd,,,,,,Greyhawk,Faraday Twp,Ontario,45.031667,-77.895556,1954,1959,1976,1982,,,,1,0,1,https://www.mindat.org/loc-11592.html,,,Uranium
Nova Scotia Sand and Gravel Ltd.,Shaw Resources Ltd.,,,,,,Shubenacadie,Nova Scotia,45.0886171,-63.40213949,1954,open,,,,,,1,0,1,https://shawresources.ca/about-shaw/history/,,,Silica
Spar Mica Corp. Ltd. ,,,,,,,Baie-Johan-Beetz,Quebec,50.29118,-62.76928,1954,1959,,,,,,1,0,1,https://gq.mines.gouv.qc.ca/documents/EXAMINE/GM09971/GM09971PLAN_1-6.pdf,https://www.tomdelamer.ca/foret-en-feu,,Mica
Spar Mica Corp. Ltd. ,,,,,,,Baie-Johan-Beetz,Quebec,50.29118,-62.76928,1954,1959,,,,,,1,0,1,https://gq.mines.gouv.qc.ca/documents/EXAMINE/GM09971/GM09971PLAN_1-6.pdf,https://www.tomdelamer.ca/foret-en-feu,,Feldspar
National Gypsum (Canada) Ltd,,,,,,,Milford Station,Nova Scotia,45.00868,-63.41876368,1955,1987,,,,,"1992 May 9 explosion at Westray Colliery kills 26 miners and destroys the mine, Pictou, Nova Scotia. Gypsum deposit developed at Dutch Settlement, Halifax County (National Gypsum Limited).",1,0,0,,,,Gypsum
Rio Tinto Dow Ltd.,Rio Tinto Nuclear Products Limited,Sagamore Exploration,Amax Exploration Incorporated,,,,,Ontario,46.496994,-83.729875,1955,1970,,,,,,1,0,1,Opening Information : https://inis.iaea.org/collection/NCLCollectionStore/_Public/16/053/16053583.pdf,,,Thorium
North Canadian Enterprises Ltd.,,,,,,,Pointe Mamainse ,Ontario,47.05608,-84.76179,1955,1972,,,,,"Copper Corp.Ltd. sank a shaft on the property in 1955, Vauze Mines Limited brought the deposit into production in 1965 and closed down in 1972. Total production was 10,956,518 kg of copper.",1,0,1,https://www.mindat.org/loc-10329.html,http://www.geologyontario.mndm.gov.on.ca/mndmfiles/MDI/data/records/MDI41N02SW00004.html,,Copper
Campbell Chibougamau Mines Ltd. ,Campbell Resources Inc.,,,,,Campbell (Main),Chibougamau ,Quebec,49.871472,-74.334379,1955,1980,,,,,"I assume this is the Cambpell (Main Mine) gives the consistency between the 0,1,1 and the table 2 in link 1",1,0,1,http://www.chibougamaumines.com/documents/Technical_Reports_lac_chibougamau_SEDAR_000.pdf,,,Silver
Campbell Chibougamau Mines Ltd. ,Campbell Resources Inc.,,,,,Campbell (Main),Chibougamau ,Quebec,49.871472,-74.334379,1955,1980,,,,,"I assume this is the Cambpell (Main Mine) gives the consistency between the 0,1,1 and the table 2 in link 1",1,0,1,http://www.chibougamaumines.com/documents/Technical_Reports_lac_chibougamau_SEDAR_000.pdf,,,Gold
Campbell Chibougamau Mines Ltd. ,Campbell Resources Inc.,,,,,Campbell (Main),Chibougamau ,Quebec,49.871472,-74.334379,1955,1980,,,,,"I assume this is the Cambpell (Main Mine) gives the consistency between the 0,1,1 and the table 2 in link 1",1,0,1,http://www.chibougamaumines.com/documents/Technical_Reports_lac_chibougamau_SEDAR_000.pdf,,,Copper
Princeton Mining Corporation,Advocate Mines Ltd. ,Baie Verte Mines Reprocessing Inc.,,,,Baie Verte Tailings,Baie Verte ,Newfoundland-and-Labrador,49.9797357,-56.19399308,1955,1995,,,,,"500 workers /Advocate Mine, operated by Canadian Johns-Manville Co. Ltd., located in Baie Verte, Newfoundland. Years operational 1955 – 1995.",1,0,1,https://www.brownlawyers.ca/canadian-asbestos-mines.html,,,Asbestos
Forty-Four Mines Ltd.,,,,,,Wingold,Bissett,Manitoba,51.02598737,-95.68477857,1955,1963,,,,,,1,0,1,https://mrsearch.gov.mb.ca/dbtw-wpd/exec/dbtwpub.dll?AC=GET_RECORD&XC=/dbtw-wpd/exec/dbtwpub.dll&BU=https%3A%2F%2Fmrsearch.gov.mb.ca%2FItm-cat%2Fweb%2Fminsearch.html&GI=&TN=mineralinventorycard&SN=AUTO6752&SE=237&RN=4&MR=0&TR=0&TX=1000&ES=0&XP=&RF=Web%3A+Brief&EF=Basic+Record+Form&DF=Viewing+PrintingWeb&RL=1&EL=1&DL=1&NP=3&ID=&MF=&DT=&ST=0&IR=275&NR=0&NB=0&SV=0&SS=1&BG=&FG=&QS=minsearch,,,Gold
Algom Uranium Mines Ltd. ,,,,,,Quirke,,Ontario,46.5112,-82.6321,1956,1960,1968,1990,,,,1,0,1,https://nuclearsafety.gc.ca/eng/waste/uranium-mines-and-millswaste/index.cfm?pedisable=true,,,Uranium
Rainville Mines Ltd. ,,,,,,Groleau-Trenholme,,Quebec,48.074547,-77.568734,1956,1958,,,,,,1,0,1,https://publications.gc.ca/collections/collection_2018/statcan/26-209/CS26-209-1958-eng.pdf,,,Silver
Rainville Mines Ltd. ,,,,,,Groleau-Trenholme,,Quebec,48.074547,-77.568734,1956,1958,,,,,,1,0,1,https://publications.gc.ca/collections/collection_2018/statcan/26-209/CS26-209-1958-eng.pdf,,,Gold
Rainville Mines Ltd. ,,,,,,Groleau-Trenholme,,Quebec,48.074547,-77.568734,1956,1958,,,,,,1,0,1,https://publications.gc.ca/collections/collection_2018/statcan/26-209/CS26-209-1958-eng.pdf,,,Copper
Mid-West Copper and Uranium Mines Ltd.,,,,,,Swansea,Windermere,British Columbia,50.510165,-115.952649,1956,1960,,,,,Owned twenty-eight claims on Swansea Mountain. A previous two-mile trail to the forestry lookout on the mountain was reconstructed to four-wheel drive standards. Four men worked in the mine completing forty feet of excavations upward from the main level and 600 feet of underground passages.,1,0,1,https://windermeredistricthistoricalsociety.files.wordpress.com/2018/01/mines-in-the-windermere-valley.pdf,,,Lead
Mid-West Copper and Uranium Mines Ltd.,,,,,,Swansea,Windermere,British Columbia,50.510165,-115.952649,1956,1960,,,,,Owned twenty-eight claims on Swansea Mountain. A previous two-mile trail to the forestry lookout on the mountain was reconstructed to four-wheel drive standards. Four men worked in the mine completing forty feet of excavations upward from the main level and 600 feet of underground passages.,1,0,1,https://windermeredistricthistoricalsociety.files.wordpress.com/2018/01/mines-in-the-windermere-valley.pdf,,,Zinc
Electro Metallurgical Co.,Union Carbide Canada Mining Ltd ,Elkem Metal Canada Inc.,St. Lawrence Alloys and Metals Ltd.,,,,Melocheville ,Quebec,45.313175,-73.938671,1957,1979,,,,,FR: Construction de la St-Lawrence Alloys (devenue Union Carbide puis Elkem).,1,0,1,https://publications.gc.ca/collections/Collection/M39-78-2001E.pdf,,,Silica
Canadian Johns-Manville Co. Ltd.,Steetley Talc Ltd., Luzenac Inc. ,Imerys Talc,,,,Penhorwood Township,Ontario,48.19056,-82.09861,1957,2020,,,,,https://ero.ontario.ca/notice/019-2143,1,0,1,https://www.mindat.org/loc-255014.html,https://www.geologyontario.mndm.gov.on.ca/mndmfiles/amis/data/records/08652.html,"https://mininglifeonline.net/company-page/penhorwood-mine/477#:~:text=1978%20Steetley%20Talc%20began%20mining,out%20at%20the%20mine%20site.",Talc
Metal Mines Ltd. ,,,,,,,Gordon Lake mine,Ontario,50.4855,-94.3469,1957,1969,,,,,,1,0,1,Mine name: https://publications.gc.ca/collections/collection_2018/statcan/26-211/CS26-211-1966-eng.pdf,https://geohack.toolforge.org/geohack.php?pagename=Gordon_Lake_mine&params=50.4855_N_94.3469_W_region:CA-ON_type:landmark,,Nickel
Metal Mines Ltd. ,,,,,,,Gordon Lake mine,Ontario,50.4855,-94.3469,1957,1969,,,,,,1,0,1,Mine name: https://publications.gc.ca/collections/collection_2018/statcan/26-211/CS26-211-1966-eng.pdf,https://geohack.toolforge.org/geohack.php?pagename=Gordon_Lake_mine&params=50.4855_N_94.3469_W_region:CA-ON_type:landmark,,Copper
Stanrock Uranium Mines Ltd. ,,,,,,Stanrock,Elliot Lake ,Ontario,46.47102,-82.56182,1958,1985,,,,,"Maybe the same as Can Met /// the site was in operation from 1958 to 1964 as a traditional mining operation. Following the end of large scale drilling and blasting operations, the mine continued production using a leaching technique which utilized water and bacteria. Production contracts were fulfilled by 1970 and all operations ceased. The property was sold to Denison Mines in the early 1970s Total production was 6.4 million tonnes of ore // ",1,0,1,https://geohack.toolforge.org/geohack.php?pagename=Lacnor_Mine&params=46_23_42.27_N_82_36_28.5_W_region:CA-ON_type:landmark,,,Uranium
Ego Resources Limited,Gold Fields Canadian Mining Limited,Richmont Mines Limited,,,,Cobatec Operations,Cobalt ,Ontario,48.236614,-84.635213,1959,1991,,,,,,1,0,1,http://www.geologyontario.mndm.gov.on.ca/mndmfiles/mdi/data/records/MDI42C02NE00102.html,,,Nickel
Ego Resources Limited,Gold Fields Canadian Mining Limited,Richmont Mines Limited,,,,Cobatec Operations,Cobalt ,Ontario,48.236614,-84.635213,1959,1991,,,,,,1,0,1,http://www.geologyontario.mndm.gov.on.ca/mndmfiles/mdi/data/records/MDI42C02NE00102.html,,,Cobalt
Noranda Mines Ltd.,,,,,,Langmuir,Timmins ,Ontario,48.341494,-81.001861,1959,1992,,,,,,1,0,1,http://www.geologyontario.mndm.gov.on.ca/mndmfiles/mdi/data/records/MDI42A06SE00006.html,,,Nickel
Haulpai Enterprises Corp.,,,,,,,,British Columbia,49.0505054,-124.86671,1959,1960,,,,,p. 23 small scale (link1),1,0,1,https://cmscontent.nrs.gov.bc.ca/geoscience/publicationcatalogue/OpenFile/BCGS_OF1988-28.pdf,,,Barite
"Granby Consolidated Mining, Smelting & Power Co. Ltd., The ",,,,,,Granby,,British Columbia,49.098889,-118.597778,1959,1978,,,,,The mine was also in production from 1936 to 1946,1,0,0,,,,Silica
"Granby Consolidated Mining, Smelting & Power Co. Ltd., The ",,,,,,Granby,,British Columbia,49.098889,-118.597778,1959,1978,,,,,The mine was also in production from 1936 to 1946,1,0,0,,,,Lead
"Granby Consolidated Mining, Smelting & Power Co. Ltd., The ",,,,,,Granby,,British Columbia,49.098889,-118.597778,1959,1978,,,,,The mine was also in production from 1936 to 1946,1,0,0,,,,Copper
"Granby Consolidated Mining, Smelting & Power Co. Ltd., The ",,,,,,Granby,,British Columbia,49.098889,-118.597778,1959,1978,,,,,The mine was also in production from 1936 to 1946,1,0,0,,,,Gold
"Granby Consolidated Mining, Smelting & Power Co. Ltd., The ",,,,,,Granby,,British Columbia,49.098889,-118.597778,1959,1978,,,,,The mine was also in production from 1936 to 1946,1,0,0,,,,Silver
"Granby Consolidated Mining, Smelting & Power Co. Ltd., The ",,,,,,Granby,,British Columbia,49.098889,-118.597778,1959,1978,,,,,The mine was also in production from 1936 to 1946,1,0,0,,,,Zinc
Mines de Poirier inc. ,,,,,,,Joutel ,Quebec,49.443382,-78.38696,1959,1975,,,,,"In the 1973 list, this mine is reporded as 'Rio Algom Mines Ltd., (Mines de Poirier), Joutel' and it produces copper and silver. I assume it's the same as the one already in the master. The mone operated between 1959 and 1975 and  the extact location is Baie-James.",1,0,1,https://www.mindat.org/loc-207909.html,,https://gq.mines.gouv.qc.ca/documents/examine/GM17991/GM17991.pdf,Silver
Mines de Poirier inc. ,,,,,,,Joutel ,Quebec,49.443382,-78.38696,1959,1975,,,,,"In the 1973 list, this mine is reporded as 'Rio Algom Mines Ltd., (Mines de Poirier), Joutel' and it produces copper and silver. I assume it's the same as the one already in the master. The mone operated between 1959 and 1975 and  the extact location is Baie-James.",1,0,1,https://www.mindat.org/loc-207909.html,,https://gq.mines.gouv.qc.ca/documents/examine/GM17991/GM17991.pdf,Zinc
Mines de Poirier inc. ,,,,,,,Joutel ,Quebec,49.443382,-78.38696,1959,1975,,,,,"In the 1973 list, this mine is reporded as 'Rio Algom Mines Ltd., (Mines de Poirier), Joutel' and it produces copper and silver. I assume it's the same as the one already in the master. The mone operated between 1959 and 1975 and  the extact location is Baie-James.",1,0,1,https://www.mindat.org/loc-207909.html,,https://gq.mines.gouv.qc.ca/documents/examine/GM17991/GM17991.pdf,Copper
MSV Resources Inc. ,,,,,,Portage,Chibougamau ,Quebec,49.908567,-74.191811,1959,1997,,,,,,1,0,1,https://www.dorecopper.com/en/projects/portage-island/,https://www.mindat.org/loc-18891.html,,Silver
MSV Resources Inc. ,,,,,,Portage,Chibougamau ,Quebec,49.908567,-74.191811,1959,1997,,,,,,1,0,1,https://www.dorecopper.com/en/projects/portage-island/,https://www.mindat.org/loc-18891.html,,Gold
MSV Resources Inc. ,,,,,,Portage,Chibougamau ,Quebec,49.908567,-74.191811,1959,1997,,,,,,1,0,1,https://www.dorecopper.com/en/projects/portage-island/,https://www.mindat.org/loc-18891.html,,Copper
Baroid of Canada Ltd.,,,,,,,Spillimacheen ,British Columbia,50.93111,-116.48527,1959,1966,,,,,small part of silver giant,1,0,1,https://minfile.gov.bc.ca/Summary.aspx?minfilno=082KNE018,,,Barite
Surluga Gold Mines Ltd.,,,,,,,Wawa ,Ontario,47.96379,-84.74087,1960,1999,,,,,,1,0,1,http://www.geologyontario.mndm.gov.on.ca/mndmfiles/MDI/data/records/MDI41N15NE00014.html,,,Gold
St. Andrew Goldfields Ltd.,Hollinger Consolidated Gold Mines,Quebec Sturgeon River Mines Ltd.,,,,Stock or Clavos,Stock Township ,Ontario,48.55011,-80.75039,1960,2007,,,,,,1,0,1,http://www.geologyontario.mndm.gov.on.ca/mndmfiles/mdi/data/records/MDI42A10SE00007.html,,,Gold
Georgian Mineral Industries Ltd.,,,,,,Canoe North,,British Columbia,52.759722,-119.29444,1960,1961,,,,,"The last recorded producing mine was at Cedarside, near Valemount, on the North Thompson River. It operated for only a year or two, shipping a few hundred tonnes to joint cement manufacturers. The ore was a muscovite-quartz schist that was dried, crushed, screened, and then air-separated to produce five sizes of mica. The owner was Georgian Mineral Industries Ltd. of Calgary. It is thought that this schist contains significant levels of biotite, an undesirable contaminant, which might have contributed to the early closure of the mine.",1,0,1,https://cmscontent.nrs.gov.bc.ca/geoscience/PublicationCatalogue/OpenFile/BCGS_OF1995-26.pdf,,,Mica
Canada Tungsten Mining Corp. Ltd. ,,,,,,Cantung,"Tungsten (via Watson Lake, Y.T.)",Northwest Territories,61.97083333333334,-128.2333333,1960,1986,2001,2009,2010,2015,"Cantung, and the old townsite of “Tungsten”, is located on the NWT-Yukon border in the Mackenzie Mountains. A 305-kilometer all-weather road connects the site to the Alaska Highway in the Yukon. It is 200 kilometers north of Watson Lake, Yukon and although the mine is within the boundary of the NWT, the property and former community have historically been tied to the economic and social interests of the Yukon. (source3, p.79)",1,0,1,https://www.miningnorth.com/_rsc/site-content/library/NWT_Mines_History_RSilke2009.pdf,,,Tungsten
King Mining Co. Ltd.,Dufferin Mining Ltd.,,,,,,,New Brunswick,46.0457,-66.0439,1961,1967,,,,,Minor occurrence (limited to no exploration work),1,0,1,https://www1.gnb.ca/0078/GeoscienceDatabase/IndustrialMinerals/qryIndMinSummary-e.asp?Num=568,,,Coal
Mensilvo Mines Ltd. ,Silver Crater Mines Ltd.,,,,,,,Ontario,47.37373,-79.68272,1961,1964,,,,,,1,0,1,https://www.mindat.org/loc-22960.html,,,Silver
Mensilvo Mines Ltd. ,Silver Crater Mines Ltd.,,,,,,,Ontario,47.37373,-79.68272,1961,1964,,,,,,1,0,1,https://www.mindat.org/loc-22960.html,,,Cobalt
United Hearne Resources Ltd.,,,,,,London Hill,New Denver ,British Columbia,50.060833,-117.215278,1961,1967,1974,1975,,,The mine was also in operation from 1893 to 1912.,1,0,1,https://minfile.gov.bc.ca/summary.aspx?minfilno=082KSW115,,,Silver
Malartic Hygrade Gold Mines Ltd. ,,,,,,,Malartic ,Quebec,48.16361,-78.02917,1962,1964,1985,1992,,,,1,0,1,https://www.mindat.org/loc-256997.html,https://depositum.uqat.ca/id/eprint/424/1/cahierhist6.pdf,https://publications.gc.ca/collections/Collection/M39-78-2001E.pdf,Gold
Mining Corporation of Canada Ltd.,,,,,,,Palomar,Ontario,48.284072,-79.788836,1962,1982,,,,,Minor production scale,1,0,1,https://www.geologyontario.mndm.gov.on.ca/mndmfiles/mdi/data/records/MDI32D05SW00034.html,p.18 http://www.geologyontario.mndm.gov.on.ca/mndmfiles/pub/data/imaging/MDC018//MDC018.pdf,,Gold
Cerna Copper Mines Ltd.,Cowichan Copper Co. Ltd. ,Jordan River Mines Ltd.,,,,Sunro,Jordan River ,British Columbia,48.448333,-124.03305,1962,1976,,,,,,1,0,1,https://minfile.gov.bc.ca/Summary.aspx?minfilno=092C%20%20073,,,Nickel
Cerna Copper Mines Ltd.,Cowichan Copper Co. Ltd. ,Jordan River Mines Ltd.,,,,Sunro,Jordan River ,British Columbia,48.448333,-124.03305,1962,1976,,,,,,1,0,1,https://minfile.gov.bc.ca/Summary.aspx?minfilno=092C%20%20073,,,Cobalt
Cerna Copper Mines Ltd.,Cowichan Copper Co. Ltd. ,Jordan River Mines Ltd.,,,,Sunro,Jordan River ,British Columbia,48.448333,-124.03305,1962,1976,,,,,,1,0,1,https://minfile.gov.bc.ca/Summary.aspx?minfilno=092C%20%20073,,,Gold
Cerna Copper Mines Ltd.,Cowichan Copper Co. Ltd. ,Jordan River Mines Ltd.,,,,Sunro,Jordan River ,British Columbia,48.448333,-124.03305,1962,1976,,,,,,1,0,1,https://minfile.gov.bc.ca/Summary.aspx?minfilno=092C%20%20073,,,Copper
Cerna Copper Mines Ltd.,Cowichan Copper Co. Ltd. ,Jordan River Mines Ltd.,,,,Sunro,Jordan River ,British Columbia,48.448333,-124.03305,1962,1976,,,,,,1,0,1,https://minfile.gov.bc.ca/Summary.aspx?minfilno=092C%20%20073,,,Silver
Cerna Copper Mines Ltd.,Cowichan Copper Co. Ltd. ,Jordan River Mines Ltd.,,,,Sunro,Jordan River ,British Columbia,48.448333,-124.03305,1962,1976,,,,,,1,0,1,https://minfile.gov.bc.ca/Summary.aspx?minfilno=092C%20%20073,,,Molybdenum
River Hebert Coal Co. Ltd.,,,,,,,River Hebert ,Nova Scotia,45.69318242,-64.41173139,1963,1980,,,,,,1,0,1,https://www.cbc.ca/news/canada/nova-scotia/gypsum-layoffs-shutdown-mine-plant-1.3822094,https://www.cbc.ca/news/canada/nova-scotia/little-narrows-gypsum-plant-not-mining-this-summer-1.3648387,,Coal
"Mattagami Lake Mines Ltd., Noranda Mines Limited (Matagami Division), Noranda Mining and Exploration Inc.",,,,,,Mattagami Lake,Matagami ,Quebec,49.717571,-77.718765,1963,1998,,,,,https://publications.gc.ca/collections/Collection/M39-78-2001E.pdf,1,0,1,https://www.mindat.org/loc-579.html,https://mrdata.usgs.gov/mrds/show-mrds.php?dep_id=10133385,https://www.mindat.org/loc-579.html,Nickel
"Mattagami Lake Mines Ltd., Noranda Mines Limited (Matagami Division), Noranda Mining and Exploration Inc.",,,,,,Mattagami Lake,Matagami ,Quebec,49.717571,-77.718765,1963,1998,,,,,https://publications.gc.ca/collections/Collection/M39-78-2001E.pdf,1,0,1,https://www.mindat.org/loc-579.html,https://mrdata.usgs.gov/mrds/show-mrds.php?dep_id=10133385,https://www.mindat.org/loc-579.html,Lead
"Mattagami Lake Mines Ltd., Noranda Mines Limited (Matagami Division), Noranda Mining and Exploration Inc.",,,,,,Mattagami Lake,Matagami ,Quebec,49.717571,-77.718765,1963,1998,,,,,https://publications.gc.ca/collections/Collection/M39-78-2001E.pdf,1,0,1,https://www.mindat.org/loc-579.html,https://mrdata.usgs.gov/mrds/show-mrds.php?dep_id=10133385,https://www.mindat.org/loc-579.html,Gold
"Mattagami Lake Mines Ltd., Noranda Mines Limited (Matagami Division), Noranda Mining and Exploration Inc.",,,,,,Mattagami Lake,Matagami ,Quebec,49.717571,-77.718765,1963,1998,,,,,https://publications.gc.ca/collections/Collection/M39-78-2001E.pdf,1,0,1,https://www.mindat.org/loc-579.html,https://mrdata.usgs.gov/mrds/show-mrds.php?dep_id=10133385,https://www.mindat.org/loc-579.html,Copper
"Mattagami Lake Mines Ltd., Noranda Mines Limited (Matagami Division), Noranda Mining and Exploration Inc.",,,,,,Mattagami Lake,Matagami ,Quebec,49.717571,-77.718765,1963,1998,,,,,https://publications.gc.ca/collections/Collection/M39-78-2001E.pdf,1,0,1,https://www.mindat.org/loc-579.html,https://mrdata.usgs.gov/mrds/show-mrds.php?dep_id=10133385,https://www.mindat.org/loc-579.html,Silver
"Mattagami Lake Mines Ltd., Noranda Mines Limited (Matagami Division), Noranda Mining and Exploration Inc.",,,,,,Mattagami Lake,Matagami ,Quebec,49.717571,-77.718765,1963,1998,,,,,https://publications.gc.ca/collections/Collection/M39-78-2001E.pdf,1,0,1,https://www.mindat.org/loc-579.html,https://mrdata.usgs.gov/mrds/show-mrds.php?dep_id=10133385,https://www.mindat.org/loc-579.html,Zinc
Orecan Mines Ltd.,,,,,,,,British Columbia,50.38436641,-125.9593634,1963,1966,,,,,,1,0,1,http://www.homegoldresourcesltd.com/projects/Magnet/projects_Magnet_iron.htm,,,Iron
Quebec Cartier Mining Co.,Sidbec-Normines Inc.,,,,,Fire Lake,Gagnon (Lake Jeannine),Quebec,52.346166,-67.347029,1963,1984,,,,,"Gagnon was a mining town, now abandoned and populated moved. Extracton resumed in 2006 by Arcelor Mittal",1,0,1,https://fr.wikipedia.org/wiki/Gagnon_(Qu%C3%A9bec)#cite_note-1,https://store.cim.org/en/operations-mini%C3%A8res-et-concentration-du-minerai-du-lac-fire-de-sidbec-normines,https://publications.gc.ca/collections/Collection/M39-78-2001E.pdf,Iron
Roseval Silica Inc.,Canadian Johns Manville,Horwood Mining Ltd ,La Societe de Gestion Maskours Inc.,,,,Penhorwood Township,Ontario,48.082989,-82.155906,1964,1990,,,,,,1,0,1,http://www.geologyontario.mndm.gov.on.ca/mndmfiles/mdi/data/records/MDI42B01SE00006.html,,,Silica
Lake Dufault Mines Ltd. ,,,,,,Norbec (Lake Dufault),Noranda ,Quebec,48.35275651,-79.05126458,1964,1967,,,,,"In the 1973's 900A Map, this mine is operated by Falconbridge Copper Ltd. ",1,0,1,https://numerique.banq.qc.ca/patrimoine/details/52327/3223443,,,Zinc
Lake Dufault Mines Ltd. ,,,,,,Norbec (Lake Dufault),Noranda ,Quebec,48.35275651,-79.05126458,1964,1967,,,,,"In the 1973's 900A Map, this mine is operated by Falconbridge Copper Ltd. ",1,0,1,https://numerique.banq.qc.ca/patrimoine/details/52327/3223443,,,Copper
Western Gypsum Products Ltd. ,Westroc Industries Ltd.,,,,,Silver Plains,"Silver Plains (Amaranth, Harcus, Winnipeg)",Manitoba,49.45666,-97.27,1964,1975,,,,,,1,0,1,https://mrsearch.gov.mb.ca/dbtw-wpd/exec/dbtwpub.dll?AC=GET_RECORD&XC=/dbtw-wpd/exec/dbtwpub.dll&BU=https%3A%2F%2Fmrsearch.gov.mb.ca%2FItm-cat%2Fweb%2Fminsearch.html&GI=&TN=mineralinventorycard&SN=AUTO12810&SE=243&RN=0&MR=0&TR=0&TX=1000&ES=0&XP=&RF=Web%3A+Brief&EF=Basic+Record+Form&DF=Viewing+PrintingWeb&RL=1&EL=1&DL=1&NP=3&ID=&MF=&DT=&ST=0&IR=802&NR=0&NB=0&SV=0&SS=1&BG=&FG=&QS=minsearch,https://gov.mb.ca/iem/info/libmin/gypsum_in_manitoba.pdf,https://gov.mb.ca/iem/info/libmin/gypsum_in_manitoba.pdf,Gypsum
Hudson Bay Mining and Smelting Co. Ltd.,Stall Lake Mines Ltd.,,,,,Stall Lake,,Manitoba,54.85277777777778,-99.94166667,1964,1991,,,,,,1,0,1,https://www.manitoba.ca/iem/min-ed/mbhistory/mininv/481.htm,,,Silver
Hudson Bay Mining and Smelting Co. Ltd.,Stall Lake Mines Ltd.,,,,,Stall Lake,,Manitoba,54.85277777777778,-99.94166667,1964,1991,,,,,,1,0,1,https://www.manitoba.ca/iem/min-ed/mbhistory/mininv/481.htm,,,Gold
Hudson Bay Mining and Smelting Co. Ltd.,Stall Lake Mines Ltd.,,,,,Stall Lake,,Manitoba,54.85277777777778,-99.94166667,1964,1991,,,,,,1,0,1,https://www.manitoba.ca/iem/min-ed/mbhistory/mininv/481.htm,,,Zinc
Hudson Bay Mining and Smelting Co. Ltd.,Stall Lake Mines Ltd.,,,,,Stall Lake,,Manitoba,54.85277777777778,-99.94166667,1964,1991,,,,,,1,0,1,https://www.manitoba.ca/iem/min-ed/mbhistory/mininv/481.htm,,,Copper
Camflo Mattagami Mines Ltds,Camflo Mines Ltd. ,Barrick Resources and American Barrisk,,,,,Malartic ,Quebec,48.15278,-78.03611,1965,1992,,,,,"Alternative names: Camflo Mines Ltd. (1981), After renamed Barrick Resources and American Barrisk in 1987 ",1,0,1,https://www.mindat.org/loc-195158.html,https://www.mining.com/draft-monarch-gold-camflo-gold-property/,https://www.northernminer.com/subscribe-login/?id=1000153292,Gold
Upper Beaver Mines Ltd. ,Agnico Eagle Mines Limited,,,,,Argonaut (Upper Beaver; Huronia),Dobie ,Ontario,48.1659,-79.76462,1965,2011,,,,,Also produced from 1912 to 1928,1,0,1,http://www.geologyontario.mndm.gov.on.ca/mndmfiles/mdi/data/records/MDI32D04SW00068.html,,,Copper
Upper Beaver Mines Ltd. ,Agnico Eagle Mines Limited,,,,,Argonaut (Upper Beaver; Huronia),Dobie ,Ontario,48.1659,-79.76462,1965,2011,,,,,Also produced from 1912 to 1928,1,0,1,http://www.geologyontario.mndm.gov.on.ca/mndmfiles/mdi/data/records/MDI32D04SW00068.html,,,Gold
Cadillac Moly Mines Ltd.,Preissac Molybdenite Mines Ltd,,,,,,Cadillac ,Quebec,48.319561,-78.379925,1965,1970,,,,,,1,0,1,https://depositum.uqat.ca/id/eprint/424/1/cahierhist6.pdf,,,Silver
Cadillac Moly Mines Ltd.,Preissac Molybdenite Mines Ltd,,,,,,Cadillac ,Quebec,48.319561,-78.379925,1965,1970,,,,,,1,0,1,https://depositum.uqat.ca/id/eprint/424/1/cahierhist6.pdf,,,Molybdenum
Cadillac Moly Mines Ltd.,Preissac Molybdenite Mines Ltd,,,,,,Cadillac ,Quebec,48.319561,-78.379925,1965,1970,,,,,,1,0,1,https://depositum.uqat.ca/id/eprint/424/1/cahierhist6.pdf,,,Bismuth
Cadillac Moly Mines Ltd.,Preissac Molybdenite Mines Ltd,,,,,,Cadillac ,Quebec,48.319561,-78.379925,1965,1970,,,,,,1,0,1,https://depositum.uqat.ca/id/eprint/424/1/cahierhist6.pdf,,,Copper
Mountain Minerals Ltd.,Mountain Mineral Co. Ltd.,,,,,Mineral King (part)       ,Invermere,British Columbia,50.340555,-116.42499,1966,1974,,,,,"p.3 and 4 //Focused on the upper and lower tailings ponds of the mine for barite (used for oil drilling). Worked three shifts a day, seven days a week. /// During this period of mass production, a town site was built at Mineral King. It consisted of thirty houses, a large bunkhouse, a cookhouse, a small store, a one-room (later two room) schoolhouse, a community hall, staff house and a post office (the address was Toby Creek, British Columbia). Residents enjoyed dances, parties, movies once a week, and even a small library in the community hall. Other amenities included a curling rink, a ballpark, billiard room, and various picnic sites. The road up to the town site and the mine was narrow, difficult to maintain, and subject to closure from snow slides, especially in the spring. As the road to the mine was improved over time, more employees lived in the Windermere Valley and made the commute to the mine. After the mine closed, most of the houses were dismantled and moved down the valley. Today, very little remains.",1,0,1,https://windermeredistricthistoricalsociety.files.wordpress.com/2018/01/mines-in-the-windermere-valley.pdf,,McIntyre only for 1979 (McIntyre Ranching Co. Ltd. barite mine 1979 british columbia),Barite
Sablede Silice Cremazie Inc.,Montreal Silical Mines Ltd.,Bon Sable Ltd. (Good Sand Company Ltd.),,,,,Ormstown,Quebec,45.123624,-73.972543,1967,open,,,,,,1,0,1,https://gq.mines.gouv.qc.ca/documents/examine/ET9904/ET9904.pdf,http://www.quebecentreprises.com/la-compagnie-bon-sable-lt-e-m03z/,,Silica
Dekalb Mining Corp.,Selco Mining Corp,Royal Canadian Ventures,O.K. Syndicate,,,Alwin,Highland Valley,British Columbia,50.473667,-121.093167,1967,1981,,,,,1971 and 72 suspension of production ////// more companies like GSP Resource Corp. /// contradicting information about production years,1,0,1,https://minfile.gov.bc.ca/summary.aspx?minfilno=092ISW010,https://www.globenewswire.com/news-release/2021/05/19/2232429/0/en/GSP-Resource-Corp-Completes-Alwin-Mine-Model-Announces-Summer-Drilling-Program.html,,Lead
Dekalb Mining Corp.,Selco Mining Corp,Royal Canadian Ventures,O.K. Syndicate,,,Alwin,Highland Valley,British Columbia,50.473667,-121.093167,1967,1981,,,,,1971 and 72 suspension of production ////// more companies like GSP Resource Corp. /// contradicting information about production years,1,0,1,https://minfile.gov.bc.ca/summary.aspx?minfilno=092ISW010,https://www.globenewswire.com/news-release/2021/05/19/2232429/0/en/GSP-Resource-Corp-Completes-Alwin-Mine-Model-Announces-Summer-Drilling-Program.html,,Gold
Dekalb Mining Corp.,Selco Mining Corp,Royal Canadian Ventures,O.K. Syndicate,,,Alwin,Highland Valley,British Columbia,50.473667,-121.093167,1967,1981,,,,,1971 and 72 suspension of production ////// more companies like GSP Resource Corp. /// contradicting information about production years,1,0,1,https://minfile.gov.bc.ca/summary.aspx?minfilno=092ISW010,https://www.globenewswire.com/news-release/2021/05/19/2232429/0/en/GSP-Resource-Corp-Completes-Alwin-Mine-Model-Announces-Summer-Drilling-Program.html,,Copper
Dekalb Mining Corp.,Selco Mining Corp,Royal Canadian Ventures,O.K. Syndicate,,,Alwin,Highland Valley,British Columbia,50.473667,-121.093167,1967,1981,,,,,1971 and 72 suspension of production ////// more companies like GSP Resource Corp. /// contradicting information about production years,1,0,1,https://minfile.gov.bc.ca/summary.aspx?minfilno=092ISW010,https://www.globenewswire.com/news-release/2021/05/19/2232429/0/en/GSP-Resource-Corp-Completes-Alwin-Mine-Model-Announces-Summer-Drilling-Program.html,,Silver
Dekalb Mining Corp.,Selco Mining Corp,Royal Canadian Ventures,O.K. Syndicate,,,Alwin,Highland Valley,British Columbia,50.473667,-121.093167,1967,1981,,,,,1971 and 72 suspension of production ////// more companies like GSP Resource Corp. /// contradicting information about production years,1,0,1,https://minfile.gov.bc.ca/summary.aspx?minfilno=092ISW010,https://www.globenewswire.com/news-release/2021/05/19/2232429/0/en/GSP-Resource-Corp-Completes-Alwin-Mine-Model-Announces-Summer-Drilling-Program.html,,Molybdenum
Dekalb Mining Corp.,Selco Mining Corp,Royal Canadian Ventures,O.K. Syndicate,,,Alwin,Highland Valley,British Columbia,50.473667,-121.093167,1967,1981,,,,,1971 and 72 suspension of production ////// more companies like GSP Resource Corp. /// contradicting information about production years,1,0,1,https://minfile.gov.bc.ca/summary.aspx?minfilno=092ISW010,https://www.globenewswire.com/news-release/2021/05/19/2232429/0/en/GSP-Resource-Corp-Completes-Alwin-Mine-Model-Announces-Summer-Drilling-Program.html,,Zinc
Cassiar Asbestos Corp. Ltd. ,,,,,,Clinton Creek,Clinton Creek ,Yukon,64.43916666666667,-140.7161111,1967,1978,,,,,health hazard,1,0,1,https://thenarwhal.ca/unremediated-yukon-asbestos-mine-health-hazards-flood-risk/,https://www.mindat.org/loc-250350.html,https://www.brownlawyers.ca/canadian-asbestos-mines.html,Asbestos
Pickands Mather & Co.,Setlco Inc,,,,,Griffith,Bruce Lake ,Ontario,50.81628,-93.38841,1968,1986,,,,,,1,0,1,https://www.mindat.org/loc-256508.html,https://www.redlakemuseum.com/griffith-mine.html,,Iron
Mount Nansen Mines Ltd.,BYG Natural Resources Inc. (1984-1999); Peso Silver Mines Ltd. (n.d. -1984) Time of operation: Sep. 1968 – Apr. 1969; 1975 – 1976 (5 months); Nov. 1996 – Nov. 1997; March 1998 – Feb. 1999,,,,,Mount Nansen,Carmacks ,Yukon,62.05444444444444,-137.1761111,1968,1976,1997,1999,,," It is 60 km west of the Village of Carmacks and within the traditional territory of the Little Salmon/Carmacks First Nation // 70 workers /// Over the last decade the Government of the Yukon, the Government of Canada, and the Little Salmon Carmacks First Nation have been actively collaborating to develop a final remediation plan for the site. Percentage of Indigenous employees: 40% from Little Salmon Carmacks First Nation///the mine repeatedly violated environmental regulations and was forced to shut down.",1,0,0,,,,Silver
Mount Nansen Mines Ltd.,BYG Natural Resources Inc. (1984-1999); Peso Silver Mines Ltd. (n.d. -1984) Time of operation: Sep. 1968 – Apr. 1969; 1975 – 1976 (5 months); Nov. 1996 – Nov. 1997; March 1998 – Feb. 1999,,,,,Mount Nansen,Carmacks ,Yukon,62.05444444444444,-137.1761111,1968,1976,1997,1999,,," It is 60 km west of the Village of Carmacks and within the traditional territory of the Little Salmon/Carmacks First Nation // 70 workers /// Over the last decade the Government of the Yukon, the Government of Canada, and the Little Salmon Carmacks First Nation have been actively collaborating to develop a final remediation plan for the site. Percentage of Indigenous employees: 40% from Little Salmon Carmacks First Nation///the mine repeatedly violated environmental regulations and was forced to shut down.",1,0,0,,,,Gold
Spanish River Mines Ltd.,Inco Ltd.,,,,,,Espanola,Ontario,46.36403,-81.74991,1969,1998,,,,,,1,0,1,http://www.geologyontario.mndm.gov.on.ca/mndmfiles/mdi/data/records/MDI41I05NE00047.html,,,Copper
Extender Minerals of Canada Ltd.,,,,,,Glendinning or Yarrow Township,Matachewan,Ontario,47.89694,-80.76806,1969,2003,,,,,possibly more years of production by other owner (pre-1950 and by Independent Minign Corp Ltd.),1,0,1,http://www.geologyontario.mndm.gov.on.ca/mndmfiles/mdi/data/records/MDI41P15NE00003.html,https://www.mindat.org/loc-229483.html,,Barite
Hedman Mines Ltd.,Hedman Resources Limited,,,,,Larder Lake Division,Matheson,Ontario,48.63032,-80.19659,1969,1998,,,,,,1,0,1,http://www.geologyontario.mndm.gov.on.ca/mndmfiles/pub/data/imaging/IMR036//IMR036.pdf,http://www.geologyontario.mndm.gov.on.ca/mndmfiles/MDI/data/records/MDI42A09NE00004.html,,Asbestos
Hedman Mines Ltd.,Hedman Resources Limited,,,,,Larder Lake Division,Matheson,Ontario,48.63032,-80.19659,1969,1998,,,,,,1,0,1,http://www.geologyontario.mndm.gov.on.ca/mndmfiles/pub/data/imaging/IMR036//IMR036.pdf,http://www.geologyontario.mndm.gov.on.ca/mndmfiles/MDI/data/records/MDI42A09NE00004.html,,Serpentine
Continental Lime Ltd.,,,,,,,Faulkner,Manitoba,51.41611111111111,-98.775,1969,1976,,,,,,1,0,1,https://mrsearch.gov.mb.ca/dbtw-wpd/exec/dbtwpub.dll?AC=GET_RECORD&XC=/dbtw-wpd/exec/dbtwpub.dll&BU=https%3A%2F%2Fmrsearch.gov.mb.ca%2FItm-cat%2Fweb%2Fminsearch.html&GI=&TN=mineralinventorycard&SN=AUTO10665&SE=241&RN=14&MR=0&TR=0&TX=1000&ES=0&XP=&RF=Web%3A+Brief&EF=Basic+Record+Form&DF=Viewing+PrintingWeb&RL=1&EL=1&DL=1&NP=3&ID=&MF=&DT=&ST=0&IR=840&NR=0&NB=0&SV=0&SS=1&BG=&FG=&QS=minsearch,,,Limestone
Continental Lime Ltd.,,,,,,,Faulkner,Manitoba,51.41611111111111,-98.775,1969,1976,,,,,,1,0,1,https://mrsearch.gov.mb.ca/dbtw-wpd/exec/dbtwpub.dll?AC=GET_RECORD&XC=/dbtw-wpd/exec/dbtwpub.dll&BU=https%3A%2F%2Fmrsearch.gov.mb.ca%2FItm-cat%2Fweb%2Fminsearch.html&GI=&TN=mineralinventorycard&SN=AUTO10665&SE=241&RN=14&MR=0&TR=0&TX=1000&ES=0&XP=&RF=Web%3A+Brief&EF=Basic+Record+Form&DF=Viewing+PrintingWeb&RL=1&EL=1&DL=1&NP=3&ID=&MF=&DT=&ST=0&IR=840&NR=0&NB=0&SV=0&SS=1&BG=&FG=&QS=minsearch,,,Lime
"Hudson-Yukon Mining Co., Ltd.",Wellgreen Platinum Ltd.,,,,,Wellgreen property,Kluane Lake ,Yukon,61.46528,-139.5275,1969,1972,,,,,environmental ,1,0,1,https://emrlibrary.gov.yk.ca/minerals/MajorMines/wellgreen/project_overview_report_archer_cathro.pdf,https://thenarwhal.ca/environmental-risk-yukon-mine-federal-remediation/,https://www.mindat.org/loc-9386.html,Nickel
"Hudson-Yukon Mining Co., Ltd.",Wellgreen Platinum Ltd.,,,,,Wellgreen property,Kluane Lake ,Yukon,61.46528,-139.5275,1969,1972,,,,,environmental ,1,0,1,https://emrlibrary.gov.yk.ca/minerals/MajorMines/wellgreen/project_overview_report_archer_cathro.pdf,https://thenarwhal.ca/environmental-risk-yukon-mine-federal-remediation/,https://www.mindat.org/loc-9386.html,Gold
"Hudson-Yukon Mining Co., Ltd.",Wellgreen Platinum Ltd.,,,,,Wellgreen property,Kluane Lake ,Yukon,61.46528,-139.5275,1969,1972,,,,,environmental ,1,0,1,https://emrlibrary.gov.yk.ca/minerals/MajorMines/wellgreen/project_overview_report_archer_cathro.pdf,https://thenarwhal.ca/environmental-risk-yukon-mine-federal-remediation/,https://www.mindat.org/loc-9386.html,Platinum
"Hudson-Yukon Mining Co., Ltd.",Wellgreen Platinum Ltd.,,,,,Wellgreen property,Kluane Lake ,Yukon,61.46528,-139.5275,1969,1972,,,,,environmental ,1,0,1,https://emrlibrary.gov.yk.ca/minerals/MajorMines/wellgreen/project_overview_report_archer_cathro.pdf,https://thenarwhal.ca/environmental-risk-yukon-mine-federal-remediation/,https://www.mindat.org/loc-9386.html,Copper
Kaiser Celestite Mining Ltd.,,,,,,,Lake Enon,Nova Scotia,45.811266,-60.53299178,1970,1976,,,,,,1,0,1,Opening and Closure Information: http://nsminerals.atspace.com/LakeEnon.html,,,Strontium
N.B Coal Ltd.,,,,,,Salmon Harbour,Minto ,New Brunswick,46.09865726,-66.02331455,1970,2008,,,,,Minor occurrence (limited to no exploration work),1,0,1,https://www.atlanticclra.ca/wp-content/uploads/2014/12/Ghost-Hollow-Brook.pdf,,,Coal
NFX Mining Company Inc. and Dynatec Corporation,,,,,,McCreedy West,Sudbury,Ontario,46.63799,-81.39871,1970,1998,,,,,,1,0,1,https://www.mindat.org/loc-135257.html,,,Nickel
Industrie Loma Inc.,,,,,,,Beauport ,Quebec,46.91271211,-71.18326223,1970,1989,2016,open,,,,1,0,1,https://ehq-production-canada.s3.ca-central-1.amazonaws.com/8b17d62e50fb8ae0075b002dfcbd8628de421c86/original/1631810073/314bfef00cfebc4451e31a254d332d33_029._CSL-Loma_inc.pdf?X-Amz-Algorithm=AWS4-HMAC-SHA256&X-Amz-Credential=AKIA4KKNQAKIOR7VAOP4%2F20230112%2Fca-central-1%2Fs3%2Faws4_request&X-Amz-Date=20230112T102659Z&X-Amz-Expires=300&X-Amz-SignedHeaders=host&X-Amz-Signature=1ad1b3e3707a9e5165d257f7f320d3ea828e9b2837a9f57cd999397e9f2d8776,https://gq.mines.gouv.qc.ca/documents/examine/ET9904/ET9904.pdf,,Silica
Louvem Mines Inc. ,Teck Resources Limited,,,,,Louvem,Val d'Or,Quebec,48.100722,-77.514291,1970,1980,,,,,,1,0,1,https://depositum.uqat.ca/id/eprint/424/1/cahierhist6.pdf,,,Lead
Louvem Mines Inc. ,Teck Resources Limited,,,,,Louvem,Val d'Or,Quebec,48.100722,-77.514291,1970,1980,,,,,,1,0,1,https://depositum.uqat.ca/id/eprint/424/1/cahierhist6.pdf,,,Copper
Louvem Mines Inc. ,Teck Resources Limited,,,,,Louvem,Val d'Or,Quebec,48.100722,-77.514291,1970,1980,,,,,,1,0,1,https://depositum.uqat.ca/id/eprint/424/1/cahierhist6.pdf,,,Gold
Louvem Mines Inc. ,Teck Resources Limited,,,,,Louvem,Val d'Or,Quebec,48.100722,-77.514291,1970,1980,,,,,,1,0,1,https://depositum.uqat.ca/id/eprint/424/1/cahierhist6.pdf,,,Silver
Louvem Mines Inc. ,Teck Resources Limited,,,,,Louvem,Val d'Or,Quebec,48.100722,-77.514291,1970,1980,,,,,,1,0,1,https://depositum.uqat.ca/id/eprint/424/1/cahierhist6.pdf,,,Zinc
King Resources Co.,KRC Operator Ltd.,,,,,,Revelstoke ,British Columbia,51.11333,-118.46611,1970,1974,,,,,,1,0,1,http://www.24hgold.com/english/project.aspx?id=228760242F8350,https://www.mindat.org/loc-265324.html,,Molybdenum
King Resources Co.,KRC Operator Ltd.,,,,,,Revelstoke ,British Columbia,51.11333,-118.46611,1970,1974,,,,,,1,0,1,http://www.24hgold.com/english/project.aspx?id=228760242F8350,https://www.mindat.org/loc-265324.html,,Copper
Sea Mining Corp.,,,,,,,Stephenville,Newfoundland-and-Labrador,48.55989653,-58.77043387,1971,1972,,,,,"DOSCO sold the Aguathuna land holdings back to the Newfoundland government for $1000 on 30 November 1966, but a large quantity of pure limestone still remained at the site. The stone attracted the attention of individuals interested in 'sea mining' for the metal, magnesium. They formed the Sea Mining Corporation and built a plant within the quarry to extract magnesium hydroxide from sea water using limestone as a precipitator. There the plant sits, unused to this day: financial troubles crippled the company before it could get underway. //// very small scale",1,0,1,https://www.hiddennewfoundland.ca/aguathuna-limestone-quarry,,,Magnesia
Robin Red Lake Mines Ltd.,Dickenson Mines Ltd.,,,,,Robin Red Lake,Balmertown ,Ontario,51.061528,-93.73225,1972,1978,,,,,,1,0,1,https://www.redlakemuseum.com/robin-red-lake-mine.html,,,Gold
Chaleur Silica Ltd.,Bass River quarry,,,,,Bass River,Belledune,New Brunswick,47.89767949,-65.86984304,1974,1992,,,,,,1,0,1,https://www2.gnb.ca/content/dam/gnb/Departments/en/pdf/Minerals-Minerales/MCP_2-e.pdf,,,Silica
Agrium Inc.,Continental Copper Mines Limited,Kennco Explorations (Canada) Ltd.,International Minerals and Chemical Corporation (Canada) Limited,Sherritt Gordon Mines Ltd. ,,Kapuskasing,Kapuskasing,Ontario,49.30751,-82.80103,1974,2013,,,,,,1,0,1,http://www.geologyontario.mndm.gov.on.ca/mndmfiles/MDI/data/records/MDI42G07SW00004.html,,,Phosphate
Agnico Eagle Mines Ltd. (Gold Division),,,,,,,Joutel,Quebec,49.45812408,-78.305858,1974,1993,,,,,ghost town possibly this specific mine was called estrades,1,0,1,https://www.globexmining.com/property.php?id=32,https://www.agnicoeagle.com/English/60th-anniversary/default.aspx,,Gold
Camchib Resources Inc. ,,,,,,Gwillum Lake,Chibougamau ,Quebec,49.9254504,-74.53208728,1974,1976,1980,1984,,,the Gwillim mine operated between 1974 and 1976 and again from 1980 to 1984 (see link 2),1,0,1,https://www.mindat.org/loc-194377.html,https://www.dorecopper.com/en/projects/gwillim/,http://www.chibougamaumines.com/properties.htm  ,Gold
"Cape Breton Development Corp., (DEVCO)",,,,,,Prince ,Point Aconi,Nova Scotia,46.31856612,-60.30707601,1975,2001,,,,,,1,0,1,https://www.cbc.ca/news/canada/cape-breton-s-last-underground-coal-mine-closing-1.296787,,,Coal
Canadian Salt Company Limited,German group K+S,SOQUEM,,,,Seleine,Les Îles-de-la-Madeleine,Quebec,47.618447,-61.555091,1975,open,,,,,Status: Active underground mine Jobs: 150,1,0,1,https://www.mindat.org/loc-14295.html,http://minesqc.com/en/informations-sheets/mines-seleine-quebecs-only-salt-mine/,,Salt
Northfield Minerals Inc.,NFX Gold Inc. and Towerland Properties Inc,Amalgamted Larder Mines Limited,,,,Cheminis,Virginiatown,Ontario,48.11739,-79.66481,1975,1980,1990,2011,1990,2011,The mine was also in operation from 1934 to 1940.,1,0,1,http://www.geologyontario.mndm.gov.on.ca/mndmfiles/MDI/data/records/MDI32D04SE00019.html,http://www.geologyontario.mndm.gov.on.ca/mndmfiles/amis/data/records/08331.html,,Gold
Belmoral Mines Ltd.,,,,,,Mine Ferderber (Belmoral),Val d'Or ,Quebec,48.135688,-77.649952,1975,1994,,,,,"The May, 1980, cave-in killed eight miners at the company's Ferderber gold mine. Belmoral was charged and the case went to tria",1,0,1,https://gq.mines.gouv.qc.ca/documents/EXAMINE/GM61098/GM61098.pdf,https://www.mindat.org/loc-195141.html,,Silver
Belmoral Mines Ltd.,,,,,,Mine Ferderber (Belmoral),Val d'Or ,Quebec,48.135688,-77.649952,1975,1994,,,,,"The May, 1980, cave-in killed eight miners at the company's Ferderber gold mine. Belmoral was charged and the case went to tria",1,0,1,https://gq.mines.gouv.qc.ca/documents/EXAMINE/GM61098/GM61098.pdf,https://www.mindat.org/loc-195141.html,,Gold
Niobec Inc.,SOMEX,Teck Corporation,Cambior Inc.,,,Niobec,Chicoutimi ,Quebec,48.531545,-71.159139,1976,open,,,,,,1,0,1,https://www.mindat.org/loc-588.html,https://publications.gc.ca/collections/Collection/M39-78-2001E.pdf,,Zircon
Niobec Inc.,SOMEX,Teck Corporation,Cambior Inc.,,,Niobec,Chicoutimi ,Quebec,48.531545,-71.159139,1976,open,,,,,,1,0,1,https://www.mindat.org/loc-588.html,https://publications.gc.ca/collections/Collection/M39-78-2001E.pdf,,Rare Earth Elements (REE)
Niobec Inc.,SOMEX,Teck Corporation,Cambior Inc.,,,Niobec,Chicoutimi ,Quebec,48.531545,-71.159139,1976,open,,,,,,1,0,1,https://www.mindat.org/loc-588.html,https://publications.gc.ca/collections/Collection/M39-78-2001E.pdf,,Niobium
Seleine Mines Inc.,Sel Windsor,K+S Sel Windsor,,,,Seleine,Madeleine Islands,Quebec,47.618447,-61.555091,1978,open,,,,,closure between 1995 and 1997. currently employs 150 (2022),1,0,1,https://publications.gc.ca/collections/Collection/M39-78-2001E.pdf,https://www.ilesdelamadeleine.com/2021/08/ephemerides-les-debuts-de-lexploitation-de-sel-aux-iles-de-la-madeleine-5/,https://gq.mines.gouv.qc.ca/documents/examine/ET9904/ET9904.pdf,Salt
Great Pacific Pumice Inc.,Garibaldi Pumice Ltd.,,,,,Mt. Meager,Pemberton,British Columbia,50.667221,-123.48527,1978,1988,1996,open,,,"The pumice deposits were first held as a minerals lease by J. MacIsaac. After J. MacIsaac's death in the late 1970s a new lease was issued to W.H. Willes, who explored and exploited the deposit from the mid 1970s to the mid 1980s. The mined pumice was crushed, screened and stockpiled near Pemberton. The operation ceased when an access bridge was washed out. In 1988",1,0,1,https://minfile.gov.bc.ca/Summary.aspx?minfilno=092JW+040,https://garibaldipumice.com/,,Pozzolan
Great Pacific Pumice Inc.,Garibaldi Pumice Ltd.,,,,,Mt. Meager,Pemberton,British Columbia,50.667221,-123.48527,1978,1988,1996,open,,,"The pumice deposits were first held as a minerals lease by J. MacIsaac. After J. MacIsaac's death in the late 1970s a new lease was issued to W.H. Willes, who explored and exploited the deposit from the mid 1970s to the mid 1980s. The mined pumice was crushed, screened and stockpiled near Pemberton. The operation ceased when an access bridge was washed out. In 1988",1,0,1,https://minfile.gov.bc.ca/Summary.aspx?minfilno=092JW+040,https://garibaldipumice.com/,,Pumice
"Novex Mining & Exploration Co. Ltd.,",,,,,,Lake Uist ,Pine Brook,Nova Scotia,45.79881,-60.56764,1980,1985,,,,,"Production begins at Novex Mining and Exploration Company’s barite mine at Pine Brook, Cape Breton, Nova Scotia",1,0,1,p.4 https://www.novascotia.ca/natr/meb/data/ar/2004/AR_ME_2004-126.pdf,,,Barite
Algoma Steel Corp. Ltd.,,,,,,,Sault Ste. Marie ,Ontario,46.52147471,-84.35947501,1980,open,,,,, aimed at local production.,1,0,1,http://www.downloads.ene.gov.on.ca/envision/env_reg/er/documents/2017/013-1457_d_Method.pdf,Opening Information: https://publications.gc.ca/collections/collection_2019/rncan-nrcan/m38-13/M38-13-80-19-eng.pdf,,Lime
Algoma Steel Corp. Ltd.,,,,,,,Sault Ste. Marie ,Ontario,46.52147471,-84.35947501,1980,open,,,,, aimed at local production.,1,0,1,http://www.downloads.ene.gov.on.ca/envision/env_reg/er/documents/2017/013-1457_d_Method.pdf,Opening Information: https://publications.gc.ca/collections/collection_2019/rncan-nrcan/m38-13/M38-13-80-19-eng.pdf,,Dolomite
Commercial Industrial Minerals Ltd.,,,,,,,Clarendon,Ontario,44.90505,-76.73871,1981,1987,,,,,,1,0,1,http://www.geologyontario.mndm.gov.on.ca/mndmfiles/mdi/data/records/MDI31C15NE00008.html,,,Tremolite
Selco Inc. (Les Mines Selbaie),B.P. Resources Canada Ltd.,Billiton Metals Canada Inc.,,,,Selbaie (Detour),Brouillon,Quebec,49.80869,-78.948672,1981,2004,,,,,,1,0,1,https://www.northernminer.com/news/exploration-87-bp-selco/1000123126/,https://www.mindat.org/loc-207911.html,https://collections.banq.qc.ca/ark:/52327/bs20585,Copper
Selco Inc. (Les Mines Selbaie),B.P. Resources Canada Ltd.,Billiton Metals Canada Inc.,,,,Selbaie (Detour),Brouillon,Quebec,49.80869,-78.948672,1981,2004,,,,,,1,0,1,https://www.northernminer.com/news/exploration-87-bp-selco/1000123126/,https://www.mindat.org/loc-207911.html,https://collections.banq.qc.ca/ark:/52327/bs20585,Silver
Selco Inc. (Les Mines Selbaie),B.P. Resources Canada Ltd.,Billiton Metals Canada Inc.,,,,Selbaie (Detour),Brouillon,Quebec,49.80869,-78.948672,1981,2004,,,,,,1,0,1,https://www.northernminer.com/news/exploration-87-bp-selco/1000123126/,https://www.mindat.org/loc-207911.html,https://collections.banq.qc.ca/ark:/52327/bs20585,Zinc
Selco Inc. (Les Mines Selbaie),B.P. Resources Canada Ltd.,Billiton Metals Canada Inc.,,,,Selbaie (Detour),Brouillon,Quebec,49.80869,-78.948672,1981,2004,,,,,,1,0,1,https://www.northernminer.com/news/exploration-87-bp-selco/1000123126/,https://www.mindat.org/loc-207911.html,https://collections.banq.qc.ca/ark:/52327/bs20585,Gold
Steetly Industries Ltd.,Lafarge Canada Inc.,,,,,Dundas Division,Dundas,Ontario,43.314953,-79.989558,1982,open,,,,,,1,0,1,http://www.geologyontario.mndm.gov.on.ca/mndmfiles/mdi/data/records/MDI30M05SW00003.html,,,Dolomite
B.-Mac Silica Aggregates Ltd.,,,,,,,Bracebridge,Ontario,45.06715867,-79.28666786,1983,open,,,,,,1,0,1,http://www.geologyontario.mndmf.gov.on.ca/mndmfiles/pub/data/imaging/OFR5526/OFR5526.pdf,,,Silica
River Gold Mines Ltd.,Noranda Explorations Company Limited,Central Crude Limited,,,,Eagle River,Wawa ,Ontario,47.98439,-85.45937,1983,open,,,,,,1,0,1,https://miningdataonline.com/property/232/Eagle-River-Mine.aspx,,,Gold
Lenora Explorations Ltd.,,,,,,Omega,,Ontario,48.11889,-79.69833,1983,1987,2011,2012,,,The mine also produced between 1946 to 1947. It is possible that last closure occured in 1947 - the opening from mine in 1987 seems to only represent a change in the mine ownership. In 2010s some work have been done but no production,1,0,1,http://www.geologyontario.mndm.gov.on.ca/mndmfiles/mdi/data/records/MDI32D04SE00017.html,https://www.mindat.org/loc-255891.html,https://mistango.com/site/assets/files/3327/omega_-_43-101_technical_report.pdf,Silver
Lenora Explorations Ltd.,,,,,,Omega,,Ontario,48.11889,-79.69833,1983,1987,2011,2012,,,The mine also produced between 1946 to 1947. It is possible that last closure occured in 1947 - the opening from mine in 1987 seems to only represent a change in the mine ownership. In 2010s some work have been done but no production,1,0,1,http://www.geologyontario.mndm.gov.on.ca/mndmfiles/mdi/data/records/MDI32D04SE00017.html,https://www.mindat.org/loc-255891.html,https://mistango.com/site/assets/files/3327/omega_-_43-101_technical_report.pdf,Gold
Canreos Minerals (1980) Ltd.,,,,,,Braminco,Missanabie,Ontario,48.36542,-83.85631,1983,1987,,,,,,1,0,1,http://www.geologyontario.mndm.gov.on.ca/mndmfiles/mdi/data/records/MDI42B05SW00003.html,,,Silica
Canreos Minerals (1980) Ltd.,,,,,,Braminco,Missanabie,Ontario,48.36542,-83.85631,1983,1987,,,,,,1,0,1,http://www.geologyontario.mndm.gov.on.ca/mndmfiles/mdi/data/records/MDI42B05SW00003.html,,,Gold
Bachelor Lake Gold Mines Inc.,Metanor Resources,O’Brien Gold Mines Ltd.,,,,Bachelor,Desmaraisville ,Quebec,49.496237,-76.14276,1983,1989,,open,,,"Roughly 225 Québec workers are currently employed by Metanor Resources Inc. at Bachelor Mine. Contradictory information: Opening of Bachelor Lake gold mine, Desmaraisville, Quebec."" from https://publications.gc.ca/collections/Collection/M39-78-2001E.pdf",1,0,1,https://www.mindat.org/loc-8522.html,http://minesqc.com/en/informations-sheets/the-bachelor-mine/,https://publications.gc.ca/collections/Collection/M39-78-2001E.pdf,Gold
Corp. Falconbridge Copper  ,Minnova Inc.,,,,,Short Lake,Desmaraisville ,Quebec,49.615786,-75.856815,1983,1992,,,,,,1,0,1,https://publications.gc.ca/collections/Collection/M39-78-2001E.pdf,,,Gold
Campbell Red Lake Mines Ltd. ,Placer Dome Inc.,Denison Mines Ltd. ,,,,Detour Lake,Timmins ,Ontario,50.01609,-79.71192,1983,open,,,,,,1,0,1,https://www.northernontariobusiness.com/industry-news/mining/detour-lake-mine-has-the-legs-to-last-to-2052-5641034,,,Gold
Fording Coal Ltd.,Pohang Steel Canada Ltd.,Teck Resources,B.C. Coal Ltd.,,,Greenhills,Sparwood,British Columbia,50.211111,-114.89888,1983,open,,,,,another cie : Westar Mining Corporation,1,0,1,https://elkvalleycoal.com/history/,,,Coal
Bethlehem Resources Corporation,,,,,,Goldstream,Revelstoke ,British Columbia,51.621667,-118.424,1983,1996,,,,,,1,0,1,https://minfile.gov.bc.ca/Summary.aspx?minfilno=082M++141,,,Gold
Bethlehem Resources Corporation,,,,,,Goldstream,Revelstoke ,British Columbia,51.621667,-118.424,1983,1996,,,,,,1,0,1,https://minfile.gov.bc.ca/Summary.aspx?minfilno=082M++141,,,Copper
Bethlehem Resources Corporation,,,,,,Goldstream,Revelstoke ,British Columbia,51.621667,-118.424,1983,1996,,,,,,1,0,1,https://minfile.gov.bc.ca/Summary.aspx?minfilno=082M++141,,,Silver
Bethlehem Resources Corporation,,,,,,Goldstream,Revelstoke ,British Columbia,51.621667,-118.424,1983,1996,,,,,,1,0,1,https://minfile.gov.bc.ca/Summary.aspx?minfilno=082M++141,,,Cadmium
Bethlehem Resources Corporation,,,,,,Goldstream,Revelstoke ,British Columbia,51.621667,-118.424,1983,1996,,,,,,1,0,1,https://minfile.gov.bc.ca/Summary.aspx?minfilno=082M++141,,,Zinc
Bethlehem Resources Corporation,,,,,,Goldstream,Revelstoke ,British Columbia,51.621667,-118.424,1983,1996,,,,,,1,0,1,https://minfile.gov.bc.ca/Summary.aspx?minfilno=082M++141,,,Antimony
Dresser Canada Inc.,,,,,,,Bass River,Nova Scotia,45.45330413,-63.80544222,1984,1985,,,,,It is also called : Magcohar Dresser Canada source : https://novascotia.ca/natr/meb/data/pubs/ic/ic15.pdf,1,0,1,,,,Copper
Dresser Canada Inc.,,,,,,,Bass River,Nova Scotia,45.45330413,-63.80544222,1984,1985,,,,,It is also called : Magcohar Dresser Canada source : https://novascotia.ca/natr/meb/data/pubs/ic/ic15.pdf,1,0,1,,,,Fluorine
Dresser Canada Inc.,,,,,,,Bass River,Nova Scotia,45.45330413,-63.80544222,1984,1985,,,,,It is also called : Magcohar Dresser Canada source : https://novascotia.ca/natr/meb/data/pubs/ic/ic15.pdf,1,0,1,,,,Barite
Dresser Canada Inc.,,,,,,,Bass River,Nova Scotia,45.45330413,-63.80544222,1984,1985,,,,,It is also called : Magcohar Dresser Canada source : https://novascotia.ca/natr/meb/data/pubs/ic/ic15.pdf,1,0,1,,,,Iron
Dresser Canada Inc.,,,,,,,Bass River,Nova Scotia,45.45330413,-63.80544222,1984,1985,,,,,It is also called : Magcohar Dresser Canada source : https://novascotia.ca/natr/meb/data/pubs/ic/ic15.pdf,1,0,1,,,,Barium
Western Industrial Clay Products Ltd. (Red Lake),,,,,,Red Lake,Kamloops,British Columbia,50.94111,-120.81388,1984,open,,,,,seasonal mining,1,0,1,https://minfile.gov.bc.ca/summary.aspx?minfilno=092INE081,,,Diatomite
Western Industrial Clay Products Ltd. (Red Lake),,,,,,Red Lake,Kamloops,British Columbia,50.94111,-120.81388,1984,open,,,,,seasonal mining,1,0,1,https://minfile.gov.bc.ca/summary.aspx?minfilno=092INE081,,,Fullers Earth
Denison-Potacan Potash Co,,,,,,,Sussex ,New Brunswick,45.42,-65.38,1985,1992,,,,,,1,0,1,https://www1.gnb.ca/0078/GeoscienceDatabase/IndustrialMinerals/qryIndMinSummary-e.asp?Num=204,,,Salt
Denison-Potacan Potash Co,,,,,,,Sussex ,New Brunswick,45.42,-65.38,1985,1992,,,,,,1,0,1,https://www1.gnb.ca/0078/GeoscienceDatabase/IndustrialMinerals/qryIndMinSummary-e.asp?Num=204,,,Potash
Potash Corporation of Saskatchewan Inc.,,,,,,,Sussex ,New Brunswick,45.754711,-65.422669,1985,2016,,,,,,1,0,1,https://www1.gnb.ca/0078/GeoscienceDatabase/IndustrialMinerals/qryIndMinSummary-e.asp?Num=1117,,,Salt
Potash Corporation of Saskatchewan Inc.,,,,,,,Sussex ,New Brunswick,45.754711,-65.422669,1985,2016,,,,,,1,0,1,https://www1.gnb.ca/0078/GeoscienceDatabase/IndustrialMinerals/qryIndMinSummary-e.asp?Num=1117,,,Potash
Temisca Silice (1985) Inc. ,Flint Sands Ltd,Temisca Exploration Inc.,,,,,Saint-Bruno-de-Guigues,Quebec,47.46408419,-79.43802566,1985,open,,,,,,1,0,1,https://opengovca.com/quebec-business/1140577892,https://gq.mines.gouv.qc.ca/documents/examine/ET9904/ET9904.pdf,,Silica
Resources Beauchastel Inc.,,,,,,,Rouyn ,Quebec,48.12817862,-79.13210639,1985,open,,,,,,1,0,1,https://gq.mines.gouv.qc.ca/documents/examine/GM43344/GM43344.pdf,,,Silica
Noranda Inc. ,,,,,,Remnor,Royun,Quebec,48.253437,-79.011323,1985,1989,,,,,,1,0,1,https://gq.mines.gouv.qc.ca/documents/examine/DV8701/DV8701.pdf,https://www.miningdataonline.com/reports/Horne%205_PEA_2016.pdf,,Copper
Noranda Inc. ,,,,,,Remnor,Royun,Quebec,48.253437,-79.011323,1985,1989,,,,,,1,0,1,https://gq.mines.gouv.qc.ca/documents/examine/DV8701/DV8701.pdf,https://www.miningdataonline.com/reports/Horne%205_PEA_2016.pdf,,Gold
Williams Operating Corp.,Homestake Canada Inc. and Teck Corporation,Lac Minerals Ltd.,,,,Williams or Page-Williams,Marathon ,Ontario,48.69442,-85.92069,1985,open,,,,,1999: production from Williams Mine and neighbouring David Bell mine processed together at the Williams mill,1,0,1,https://www.mindat.org/loc-26366.html,,,Silver
Williams Operating Corp.,Homestake Canada Inc. and Teck Corporation,Lac Minerals Ltd.,,,,Williams or Page-Williams,Marathon ,Ontario,48.69442,-85.92069,1985,open,,,,,1999: production from Williams Mine and neighbouring David Bell mine processed together at the Williams mill,1,0,1,https://www.mindat.org/loc-26366.html,,,Gold
Breakwater Resources Ltd.,Galway Metals,,,,,Estrades,La Sarre,Quebec,49.586987,-78.863607,1985,1992,,,,,p.15 https://galwaymetalsinc.com/wp-content/uploads/2021/11/GWM-MDA-Q3-2021-FINAL.pdf,1,0,1,https://galwaymetalsinc.com/estrades/,https://gq.mines.gouv.qc.ca/documents/examine/MF0420/MF0420RAP001.pdf,https://gq.mines.gouv.qc.ca/documents/examine/GM48077/GM48077.pdf,Lead
Breakwater Resources Ltd.,Galway Metals,,,,,Estrades,La Sarre,Quebec,49.586987,-78.863607,1985,1992,,,,,p.15 https://galwaymetalsinc.com/wp-content/uploads/2021/11/GWM-MDA-Q3-2021-FINAL.pdf,1,0,1,https://galwaymetalsinc.com/estrades/,https://gq.mines.gouv.qc.ca/documents/examine/MF0420/MF0420RAP001.pdf,https://gq.mines.gouv.qc.ca/documents/examine/GM48077/GM48077.pdf,Copper
Breakwater Resources Ltd.,Galway Metals,,,,,Estrades,La Sarre,Quebec,49.586987,-78.863607,1985,1992,,,,,p.15 https://galwaymetalsinc.com/wp-content/uploads/2021/11/GWM-MDA-Q3-2021-FINAL.pdf,1,0,1,https://galwaymetalsinc.com/estrades/,https://gq.mines.gouv.qc.ca/documents/examine/MF0420/MF0420RAP001.pdf,https://gq.mines.gouv.qc.ca/documents/examine/GM48077/GM48077.pdf,Gold
Breakwater Resources Ltd.,Galway Metals,,,,,Estrades,La Sarre,Quebec,49.586987,-78.863607,1985,1992,,,,,p.15 https://galwaymetalsinc.com/wp-content/uploads/2021/11/GWM-MDA-Q3-2021-FINAL.pdf,1,0,1,https://galwaymetalsinc.com/estrades/,https://gq.mines.gouv.qc.ca/documents/examine/MF0420/MF0420RAP001.pdf,https://gq.mines.gouv.qc.ca/documents/examine/GM48077/GM48077.pdf,Silver
Breakwater Resources Ltd.,Galway Metals,,,,,Estrades,La Sarre,Quebec,49.586987,-78.863607,1985,1992,,,,,p.15 https://galwaymetalsinc.com/wp-content/uploads/2021/11/GWM-MDA-Q3-2021-FINAL.pdf,1,0,1,https://galwaymetalsinc.com/estrades/,https://gq.mines.gouv.qc.ca/documents/examine/MF0420/MF0420RAP001.pdf,https://gq.mines.gouv.qc.ca/documents/examine/GM48077/GM48077.pdf,Zinc
ERG Resources Inc,,,,,,,Timmins ,Ontario,48.51176,-81.24516,1988,1989,,,,,"In the late 1980's, E.R.G. Resources (ERG), Giant Yellowknife Mines Resources Inc. established a tailings recovery plant on the McIntyre property to reprocess tailings and recover their contained gold values. The plant started up in 1988 but financial
problems led to operations being abandoned in late 1989. from ""PLANNING FOR CLOSURE – PORCUPINE GOLD MINES’ MINE CLOSURE PROGRAM"" https://open.library.ubc.ca/media/download/pdf/59367/1.0042653/1 ",1,0,1,,,,Gold
Minnova Inc. ,Hemlo Gold Mines Inc. ,Cambior Inc,,,,Ansil,Rouyn-Noranda,Quebec,48.356189,-79.116781,1989,1993,,,,,https://www.mindat.org/loc-205483.html,1,0,1,https://mrdata.usgs.gov/mrds/show-mrds.php?dep_id=10303447,https://store.cim.org/en/an-overview-of-minnovas-ansil-mine,https://thediggings.com/mines/usgs10056487,Silver
Minnova Inc. ,Hemlo Gold Mines Inc. ,Cambior Inc,,,,Ansil,Rouyn-Noranda,Quebec,48.356189,-79.116781,1989,1993,,,,,https://www.mindat.org/loc-205483.html,1,0,1,https://mrdata.usgs.gov/mrds/show-mrds.php?dep_id=10303447,https://store.cim.org/en/an-overview-of-minnovas-ansil-mine,https://thediggings.com/mines/usgs10056487,Gold
Minnova Inc. ,Hemlo Gold Mines Inc. ,Cambior Inc,,,,Ansil,Rouyn-Noranda,Quebec,48.356189,-79.116781,1989,1993,,,,,https://www.mindat.org/loc-205483.html,1,0,1,https://mrdata.usgs.gov/mrds/show-mrds.php?dep_id=10303447,https://store.cim.org/en/an-overview-of-minnovas-ansil-mine,https://thediggings.com/mines/usgs10056487,Zinc
Minnova Inc. ,Hemlo Gold Mines Inc. ,Cambior Inc,,,,Ansil,Rouyn-Noranda,Quebec,48.356189,-79.116781,1989,1993,,,,,https://www.mindat.org/loc-205483.html,1,0,1,https://mrdata.usgs.gov/mrds/show-mrds.php?dep_id=10303447,https://store.cim.org/en/an-overview-of-minnovas-ansil-mine,https://thediggings.com/mines/usgs10056487,Copper
Cal Graphite Corp.,Applied Carbon Technology Incorporated,,,,,Butt Township,Huntsville ,Ontario,45.72644,-79.07675,1990,1994,,,,,,1,0,1,http://www.geologyontario.mndm.gov.on.ca/mndmfiles/mdi/data/records/MDI31E11NE00004.html,,,Graphite
Stratmin Inc.,,,,,,Lac-des-iles (Diotte),Notre-Dame-du-Laus/Bouthillier Twnship,Quebec,46.376045,-75.530895,1990,1991,,,,,"In 1992's 900A Map,this mine changed location to Lac-des-Iles which is very close to Notre-Dame. In 1995, the location changed to Bouthillier Township",1,0,1,https://www.canadacarbon.com/asbury-graphite-project,https://publications.gc.ca/collections/Collection/M39-78-2001E.pdf,,Graphite
Pioneer Coal Co. Ltd. ,,,,,,,Westville ,Nova Scotia,45.556667,-62.66,1991,2019,,,,," Opening in 1996 ""Pioneer Coal Ltd., an Antigonish-based mining company is in the process of winding down its open pit mine in Stellarton and has been looking for new sources of coal. It approached Westville last year about doing exploratory drilling on historical underground mine works. - Aaron Beswick"" (source3 link1)",1,0,1,https://www.saltwire.com/nova-scotia/business/proposed-pictou-county-open-pit-coal-mine-project-has-westville-residents-riled-328087/,https://notyourgrandfathersmining.ca/stellarton-surface-mine,,Coal
Dolobec Inc.,Mazarin Mining Corporation Inc.,Sequoia Minerals Inc. ,,,,Dolobex,Portage-du-Fort,Quebec,45.600774,-76.652273,1991,2004,,,,,,1,0,1,https://gq.mines.gouv.qc.ca/documents/examine/GM68420/GM68420.pdf,https://gq.mines.gouv.qc.ca/documents/examine/GM68420/GM68420.pdf,https://gq.mines.gouv.qc.ca/documents/examine/GM68420/GM68420.pdf,Dolomite
AquaGold Resources Inc.,Atlantic Industrial Minerals Incorporated,,,,,Glen Morrison,Sydney ,Nova Scotia,45.999181,-60.31690195,1992,open,,,,,,1,0,1,https://www.mindat.org/feature-5962022.html,,,GM68420
AquaGold Resources Inc.,Atlantic Industrial Minerals Incorporated,,,,,Glen Morrison,Sydney ,Nova Scotia,45.999181,-60.31690195,1992,open,,,,,,1,0,1,https://www.mindat.org/feature-5962022.html,,,gq.mines.gouv.qc.ca
AquaGold Resources Inc.,Atlantic Industrial Minerals Incorporated,,,,,Glen Morrison,Sydney ,Nova Scotia,45.999181,-60.31690195,1992,open,,,,,,1,0,1,https://www.mindat.org/feature-5962022.html,,,GM68420.pdf
AquaGold Resources Inc.,Atlantic Industrial Minerals Incorporated,,,,,Glen Morrison,Sydney ,Nova Scotia,45.999181,-60.31690195,1992,open,,,,,,1,0,1,https://www.mindat.org/feature-5962022.html,,,https:
AquaGold Resources Inc.,Atlantic Industrial Minerals Incorporated,,,,,Glen Morrison,Sydney ,Nova Scotia,45.999181,-60.31690195,1992,open,,,,,,1,0,1,https://www.mindat.org/feature-5962022.html,,,examine
AquaGold Resources Inc.,Atlantic Industrial Minerals Incorporated,,,,,Glen Morrison,Sydney ,Nova Scotia,45.999181,-60.31690195,1992,open,,,,,,1,0,1,https://www.mindat.org/feature-5962022.html,,,documents
AquaGold Resources Inc.,Atlantic Industrial Minerals Incorporated,,,,,Glen Morrison,Sydney ,Nova Scotia,45.999181,-60.31690195,1992,open,,,,,,1,0,1,https://www.mindat.org/feature-5962022.html,,,Limestone
Saskatoon Chemicals Ltd. (a Division of Weyerhaeuer Canada Ltd.),Sterling Pulp Chemicals (Sask) Ltd.,,,,,,Saskatoon,Saskatchewan,52.15826771,-106.6747102,1992,open,,,,,,1,0,1,https://www.cleartech.ca/History,,,Salt
"EcoSource Garnet, Inc.",,,,,,Street Township,Sudbury,Ontario,46.579953,-80.608442,1993,2016,,,,,,1,0,1,https://www.geologyontario.mndm.gov.on.ca/mndmfiles/mdi/data/records/MDI000000001564.html,,,Almandine
North American Palladium Ltd.,The Sheridan Platinum,,,,,Lac-des-iles,Thunder Bay ,Ontario,49.16997,-89.61277,1993,2008,2010,open,,,,1,0,1,https://www.mining-technology.com/projects/lacdesilesmine/,,,Palladium
"Hudson Bay Mining and Smelting Co., Umited",,,,,,Konuto Lake (Denare Beach),Creighton,Saskatchewan,54.652502,-102.0563816,1993,2005,,,,,"""About 65 people will work at the mine."" from https://www.cbc.ca/news/canada/lynn-lake-hit-hard-while-flin-flon-gains-1.192718 but also ""Meanwhile, Keystone Gold Project is shutting down it's operations in Lynn Lake after six years."" This might cancel the impact",1,0,1,https://www.woodmac.com/reports/metals-konuto-lake-closed-zinc-mine-16180095 /// closure due to depletion of the resource,http://saskmining.ca/fileLibrary/0_History%20of%20Mining%20in%20Saskatchewan.pdf,,Zinc
"Hudson Bay Mining and Smelting Co., Umited",,,,,,Konuto Lake (Denare Beach),Creighton,Saskatchewan,54.652502,-102.0563816,1993,2005,,,,,"""About 65 people will work at the mine."" from https://www.cbc.ca/news/canada/lynn-lake-hit-hard-while-flin-flon-gains-1.192718 but also ""Meanwhile, Keystone Gold Project is shutting down it's operations in Lynn Lake after six years."" This might cancel the impact",1,0,1,https://www.woodmac.com/reports/metals-konuto-lake-closed-zinc-mine-16180095 /// closure due to depletion of the resource,http://saskmining.ca/fileLibrary/0_History%20of%20Mining%20in%20Saskatchewan.pdf,,Copper
Baskatong Quartz Inc.,Sitec Inc.,,,,,,Saint-Edwidge,Quebec,45.2036193,-71.68163026,1995,2003,,,,,,1,0,1,https://publications.gc.ca/Collection/Statcan/26-226-X/26-226-XIB1998000.pdf,,,Silica
Louvem Mines Inc. ,Monarques Resources,Richmont Mines Inc.,,,,Beaufor (Courvan),Val d'Or,Quebec,48.161693,-77.554619,1996,2022,,,,,The mine was also in production from 1939 to 1942 ///// from 1939-42 under the name courvan,1,0,1,https://miningdataonline.com/property/929/Beaufor-Mine.aspx#Overview,https://www.mindat.org/loc-195138.html,,Silver
Louvem Mines Inc. ,Monarques Resources,Richmont Mines Inc.,,,,Beaufor (Courvan),Val d'Or,Quebec,48.161693,-77.554619,1996,2022,,,,,The mine was also in production from 1939 to 1942 ///// from 1939-42 under the name courvan,1,0,1,https://miningdataonline.com/property/929/Beaufor-Mine.aspx#Overview,https://www.mindat.org/loc-195138.html,,Gold
Flintkote Co. Of Canada Ltd.,"Atlantic Gypsum Resources, Inc",,,,,Fischell Brook,Division No. 4 (St. Georges and Flat Bay),Newfoundland-and-Labrador,48.30833,-58.675,1996,2001,,,,,,1,0,1,https://www.mindat.org/loc-243838.html,,,Gypsum
Cambior Inc.,Breakwater Resources Ltd.,Nystar NV,,,,Gonzague Langlois (Grevet),Lebel-sur-Quevillon,Quebec,49.245851,-76.674092,1996,2008,2012,2019,,,,1,0,1,https://geologica.qc.ca/portfolio/gonzague-langlois-nyrstar/?lang=en,https://www.mindat.org/loc-257055.html,https://comexqc.ca/cr/fiches-de-projet/projet-dexploitation-miniere-grevet/,Lead
Cambior Inc.,Breakwater Resources Ltd.,Nystar NV,,,,Gonzague Langlois (Grevet),Lebel-sur-Quevillon,Quebec,49.245851,-76.674092,1996,2008,2012,2019,,,,1,0,1,https://geologica.qc.ca/portfolio/gonzague-langlois-nyrstar/?lang=en,https://www.mindat.org/loc-257055.html,https://comexqc.ca/cr/fiches-de-projet/projet-dexploitation-miniere-grevet/,Copper
Cambior Inc.,Breakwater Resources Ltd.,Nystar NV,,,,Gonzague Langlois (Grevet),Lebel-sur-Quevillon,Quebec,49.245851,-76.674092,1996,2008,2012,2019,,,,1,0,1,https://geologica.qc.ca/portfolio/gonzague-langlois-nyrstar/?lang=en,https://www.mindat.org/loc-257055.html,https://comexqc.ca/cr/fiches-de-projet/projet-dexploitation-miniere-grevet/,Gold
Cambior Inc.,Breakwater Resources Ltd.,Nystar NV,,,,Gonzague Langlois (Grevet),Lebel-sur-Quevillon,Quebec,49.245851,-76.674092,1996,2008,2012,2019,,,,1,0,1,https://geologica.qc.ca/portfolio/gonzague-langlois-nyrstar/?lang=en,https://www.mindat.org/loc-257055.html,https://comexqc.ca/cr/fiches-de-projet/projet-dexploitation-miniere-grevet/,Silver
Cambior Inc.,Breakwater Resources Ltd.,Nystar NV,,,,Gonzague Langlois (Grevet),Lebel-sur-Quevillon,Quebec,49.245851,-76.674092,1996,2008,2012,2019,,,,1,0,1,https://geologica.qc.ca/portfolio/gonzague-langlois-nyrstar/?lang=en,https://www.mindat.org/loc-257055.html,https://comexqc.ca/cr/fiches-de-projet/projet-dexploitation-miniere-grevet/,Zinc
Imperial Metals Corporation and Sumitomo Corp.,,,,,,Mount Polly or Mount Polley,McLeese Lake,British Columbia,52.544959,-121.633931,1997,2014,2015,2019,,,,1,0,1,https://imperialmetals.com/our-operations/mount-polley-mine/overview,,,Copper
Imperial Metals Corporation and Sumitomo Corp.,,,,,,Mount Polly or Mount Polley,McLeese Lake,British Columbia,52.544959,-121.633931,1997,2014,2015,2019,,,,1,0,1,https://imperialmetals.com/our-operations/mount-polley-mine/overview,,,Gold
Placer Dome North America and TVX Gold Inc.,,,,,,Musselwhite,Opapamiskan Lake,Ontario,52.60936,-90.3926,1997,open,,,,,,1,0,1,https://www.nrcan.gc.ca/science-data/science-research/earth-sciences/earth-sciences-resources/earth-sciences-federal-programs/musselwhite-mine-ontario/8818,,,Gold
Royal Oak Mines Inc.,Northgate Exploration Limited,Aurico Gold Inc.,,,,Kemess,North-Central British-Columbia,British Columbia,57.004722,-126.758611,1998,2011,,,,,,1,0,1,https://geohack.toolforge.org/geohack.php?pagename=Kemess_Mine&params=57_0_17_N_126_45_31_W_region:CA-BC_type:landmark,,,Silver
Royal Oak Mines Inc.,Northgate Exploration Limited,Aurico Gold Inc.,,,,Kemess,North-Central British-Columbia,British Columbia,57.004722,-126.758611,1998,2011,,,,,,1,0,1,https://geohack.toolforge.org/geohack.php?pagename=Kemess_Mine&params=57_0_17_N_126_45_31_W_region:CA-BC_type:landmark,,,Gold
Royal Oak Mines Inc.,Northgate Exploration Limited,Aurico Gold Inc.,,,,Kemess,North-Central British-Columbia,British Columbia,57.004722,-126.758611,1998,2011,,,,,,1,0,1,https://geohack.toolforge.org/geohack.php?pagename=Kemess_Mine&params=57_0_17_N_126_45_31_W_region:CA-BC_type:landmark,,,Molybdenum
Royal Oak Mines Inc.,Northgate Exploration Limited,Aurico Gold Inc.,,,,Kemess,North-Central British-Columbia,British Columbia,57.004722,-126.758611,1998,2011,,,,,,1,0,1,https://geohack.toolforge.org/geohack.php?pagename=Kemess_Mine&params=57_0_17_N_126_45_31_W_region:CA-BC_type:landmark,,,Copper
Shabogamo Mining and Exploration Co. Ltd.,FerroQuartz Labrador Inc.,,,,,Shabogamo,Smokey Mountain ,Newfoundland-and-Labrador,52.986343,-66.937508,1999,2008,,,,,reopening environmental assessment/ new owner spanish,1,0,1,https://www.gov.nl.ca/ecc/files/env-assessment-projects-y2015-1809-1809-reg-doc-roy.pdf,,,Quartz
FNX Mining Company Inc.,,,,,,Levack,,Ontario,46.6607,-81.3779,1937,1999,2010,open,,,The mine also produced between 1915 and 1929.,1,0,0,,,,Nickel
FNX Mining Company Inc.,,,,,,Levack,,Ontario,46.6607,-81.3779,1937,1999,2010,open,,,The mine also produced between 1915 and 1929.,1,0,0,,,,PM
FNX Mining Company Inc.,,,,,,Levack,,Ontario,46.6607,-81.3779,1937,1999,2010,open,,,The mine also produced between 1915 and 1929.,1,0,0,,,,Copper
Sigma Mines (Quebec) Ltd. ,Placer Dome Inc.,McWatters Mining Inc,,,,Sigma,Bourlamaque ,Quebec,48.100313,-77.757144,1937,2007,,,,,,1,0,0,,,,Gold
Wabush Mines,Cliffs Natural Resources Inc.,,,,,Scully,Wabush ,Newfoundland-and-Labrador,52.907129,-66.912573,1962,2013,,,,,"Wabush Mines started mining iron ore from the Scully Mine in Labrador in 1965. Cliffs Natural Resources (CNR) bought out its partners and became sole owner of the mine in 2011. Concentrate was railed for pelletizing in Pointe-Noire, Québec, until the pellet plant closed in 2013.
In February 2014, CNR announced that mining and concentrating activities at Wabush Mines would be idled; later in 2014, CNR announced that the mine was permanently closed. Wabush Mines entered the Companies’ Creditors Arrangement Act (CCAA) process and on July 19, 2017, Tacora Resources Inc. announced that it had closed the acquisition of assets associated with the Scully Mine.",1,0,0,,,,Iron
Endako Mines ,Placer Development Ltd.,Canex placer Ltd.,Thompson Creek Mining Limited and Nissho Iwai Moly Resources Inc.,,,,Endako,British Columbia,54.03611,-125.11,1965,2016,,,,,,1,0,0,,,,Copper
Endako Mines ,Placer Development Ltd.,Canex placer Ltd.,Thompson Creek Mining Limited and Nissho Iwai Moly Resources Inc.,,,,Endako,British Columbia,54.03611,-125.11,1965,2016,,,,,,1,0,0,,,,Molybdenum
Endako Mines ,Placer Development Ltd.,Canex placer Ltd.,Thompson Creek Mining Limited and Nissho Iwai Moly Resources Inc.,,,,Endako,British Columbia,54.03611,-125.11,1965,2016,,,,,,1,0,0,,,,Bismuth
Endako Mines ,Placer Development Ltd.,Canex placer Ltd.,Thompson Creek Mining Limited and Nissho Iwai Moly Resources Inc.,,,,Endako,British Columbia,54.03611,-125.11,1965,2016,,,,,,1,0,0,,,,Tungsten
Endako Mines ,Placer Development Ltd.,Canex placer Ltd.,Thompson Creek Mining Limited and Nissho Iwai Moly Resources Inc.,,,,Endako,British Columbia,54.03611,-125.11,1965,2016,,,,,,1,0,0,,,,Zinc
Lafarge Canada Inc.,,,,,,Harper Ranch,,British Columbia,50.667488,-120.064293,1970,2016,,,,,,1,0,0,,,,Limestone
Battle River Coal Ltd. ,Manalta Coal Ltd. ,Westmoreland Coal Company,,,,Sheerness,Sheerness ,Alberta,51.49346416,-111.6880825,1986,2021,,,,,,1,0,0,,,,Coal
Labrador Inuit Development Corporation,,,,,,Ten Mile Bay,,Newfoundland-and-Labrador,56.4869,-61.6362,1992,2010,,,,,,1,0,0,,,,Anorthosite
Sunshine Lardeau Mines Ltd.,,,,,,Spider,,British Columbia,49.789999,-117.3625,1897,1979,,,,,,1,0,1,https://minfile.gov.bc.ca/Summary.aspx?minfilno=082KNW045,,,Lead
Sunshine Lardeau Mines Ltd.,,,,,,Spider,,British Columbia,49.789999,-117.3625,1897,1979,,,,,,1,0,1,https://minfile.gov.bc.ca/Summary.aspx?minfilno=082KNW045,,,Silica
Sunshine Lardeau Mines Ltd.,,,,,,Spider,,British Columbia,49.789999,-117.3625,1897,1979,,,,,,1,0,1,https://minfile.gov.bc.ca/Summary.aspx?minfilno=082KNW045,,,Gold
Sunshine Lardeau Mines Ltd.,,,,,,Spider,,British Columbia,49.789999,-117.3625,1897,1979,,,,,,1,0,1,https://minfile.gov.bc.ca/Summary.aspx?minfilno=082KNW045,,,Copper
Sunshine Lardeau Mines Ltd.,,,,,,Spider,,British Columbia,49.789999,-117.3625,1897,1979,,,,,,1,0,1,https://minfile.gov.bc.ca/Summary.aspx?minfilno=082KNW045,,,Silver
Sunshine Lardeau Mines Ltd.,,,,,,Spider,,British Columbia,49.789999,-117.3625,1897,1979,,,,,,1,0,1,https://minfile.gov.bc.ca/Summary.aspx?minfilno=082KNW045,,,Cadmium
Sunshine Lardeau Mines Ltd.,,,,,,Spider,,British Columbia,49.789999,-117.3625,1897,1979,,,,,,1,0,1,https://minfile.gov.bc.ca/Summary.aspx?minfilno=082KNW045,,,Zinc
Phoenix Copper Co. Ltd. ,Granby Mining Co. Ltd. ,Zuni Energy Corp,McKinney Gold Mines Ltd.,,,Phoenix (Knob Hill),Phoenix ,British Columbia,49.090833,-118.59944,1900,1976,,,,,,1,0,0,,,,Lead
Phoenix Copper Co. Ltd. ,Granby Mining Co. Ltd. ,Zuni Energy Corp,McKinney Gold Mines Ltd.,,,Phoenix (Knob Hill),Phoenix ,British Columbia,49.090833,-118.59944,1900,1976,,,,,,1,0,0,,,,Gold
Phoenix Copper Co. Ltd. ,Granby Mining Co. Ltd. ,Zuni Energy Corp,McKinney Gold Mines Ltd.,,,Phoenix (Knob Hill),Phoenix ,British Columbia,49.090833,-118.59944,1900,1976,,,,,,1,0,0,,,,Copper
Phoenix Copper Co. Ltd. ,Granby Mining Co. Ltd. ,Zuni Energy Corp,McKinney Gold Mines Ltd.,,,Phoenix (Knob Hill),Phoenix ,British Columbia,49.090833,-118.59944,1900,1976,,,,,,1,0,0,,,,Silver
Phoenix Copper Co. Ltd. ,Granby Mining Co. Ltd. ,Zuni Energy Corp,McKinney Gold Mines Ltd.,,,Phoenix (Knob Hill),Phoenix ,British Columbia,49.090833,-118.59944,1900,1976,,,,,,1,0,0,,,,Iron
Cominco Ltd. ,"Consolidated Mining and Smelting Co. of Canada Ltd., The",,,,,Sullivan,Kimberley,British Columbia,49.7075,-116.00527,1900,2001,,,,,,1,0,0,,,,Sulphur
Cominco Ltd. ,"Consolidated Mining and Smelting Co. of Canada Ltd., The",,,,,Sullivan,Kimberley,British Columbia,49.7075,-116.00527,1900,2001,,,,,,1,0,0,,,,Lead
Cominco Ltd. ,"Consolidated Mining and Smelting Co. of Canada Ltd., The",,,,,Sullivan,Kimberley,British Columbia,49.7075,-116.00527,1900,2001,,,,,,1,0,0,,,,Copper
Cominco Ltd. ,"Consolidated Mining and Smelting Co. of Canada Ltd., The",,,,,Sullivan,Kimberley,British Columbia,49.7075,-116.00527,1900,2001,,,,,,1,0,0,,,,Gold
Cominco Ltd. ,"Consolidated Mining and Smelting Co. of Canada Ltd., The",,,,,Sullivan,Kimberley,British Columbia,49.7075,-116.00527,1900,2001,,,,,,1,0,0,,,,Silver
Cominco Ltd. ,"Consolidated Mining and Smelting Co. of Canada Ltd., The",,,,,Sullivan,Kimberley,British Columbia,49.7075,-116.00527,1900,2001,,,,,,1,0,0,,,,Iron
Cominco Ltd. ,"Consolidated Mining and Smelting Co. of Canada Ltd., The",,,,,Sullivan,Kimberley,British Columbia,49.7075,-116.00527,1900,2001,,,,,,1,0,0,,,,Tin
Cominco Ltd. ,"Consolidated Mining and Smelting Co. of Canada Ltd., The",,,,,Sullivan,Kimberley,British Columbia,49.7075,-116.00527,1900,2001,,,,,,1,0,0,,,,Zinc
Newfoundland Minerals Ltd.,Armstrong World Industries Canada Ltd.,,,,,,Manuels ,Newfoundland-and-Labrador,47.48704708,-52.95292769,1902,2019,,,,,,1,0,0,,,,Pyrophyllite
"Cariboo Gold Quartz Mining Co. Ltd., The ",,,,,,,,British Columbia,53.089721,-121.56138,1902,1966,,,,,,1,0,0,,,,Lead
"Cariboo Gold Quartz Mining Co. Ltd., The ",,,,,,,,British Columbia,53.089721,-121.56138,1902,1966,,,,,,1,0,0,,,,Gold
"Cariboo Gold Quartz Mining Co. Ltd., The ",,,,,,,,British Columbia,53.089721,-121.56138,1902,1966,,,,,,1,0,0,,,,Silver
"Cariboo Gold Quartz Mining Co. Ltd., The ",,,,,,,,British Columbia,53.089721,-121.56138,1902,1966,,,,,,1,0,0,,,,Bismuth
"Cariboo Gold Quartz Mining Co. Ltd., The ",,,,,,,,British Columbia,53.089721,-121.56138,1902,1966,,,,,,1,0,0,,,,Tungsten
"Cariboo Gold Quartz Mining Co. Ltd., The ",,,,,,,,British Columbia,53.089721,-121.56138,1902,1966,,,,,,1,0,0,,,,Zinc
Corona Corp. ,Homestake Canada Ltd.,,,,,Nickel Plate,Hedley,British Columbia,49.365277,-120.03444,1904,1996,,,,,,1,0,0,,,,Lead
Corona Corp. ,Homestake Canada Ltd.,,,,,Nickel Plate,Hedley,British Columbia,49.365277,-120.03444,1904,1996,,,,,,1,0,0,,,,Cobalt
Corona Corp. ,Homestake Canada Ltd.,,,,,Nickel Plate,Hedley,British Columbia,49.365277,-120.03444,1904,1996,,,,,,1,0,0,,,,Copper
Corona Corp. ,Homestake Canada Ltd.,,,,,Nickel Plate,Hedley,British Columbia,49.365277,-120.03444,1904,1996,,,,,,1,0,0,,,,Gold
Corona Corp. ,Homestake Canada Ltd.,,,,,Nickel Plate,Hedley,British Columbia,49.365277,-120.03444,1904,1996,,,,,,1,0,0,,,,Silver
Corona Corp. ,Homestake Canada Ltd.,,,,,Nickel Plate,Hedley,British Columbia,49.365277,-120.03444,1904,1996,,,,,,1,0,0,,,,Bismuth
Corona Corp. ,Homestake Canada Ltd.,,,,,Nickel Plate,Hedley,British Columbia,49.365277,-120.03444,1904,1996,,,,,,1,0,0,,,,Arsenic
Corona Corp. ,Homestake Canada Ltd.,,,,,Nickel Plate,Hedley,British Columbia,49.365277,-120.03444,1904,1996,,,,,,1,0,0,,,,Zinc
Britannia Mining and Smelting Co. Ltd.,,,,,,,,British Columbia,49.611111,-123.14111,1905,1974,,,,,,1,0,0,,,,Lead
Britannia Mining and Smelting Co. Ltd.,,,,,,,,British Columbia,49.611111,-123.14111,1905,1974,,,,,,1,0,0,,,,Gold
Britannia Mining and Smelting Co. Ltd.,,,,,,,,British Columbia,49.611111,-123.14111,1905,1974,,,,,,1,0,0,,,,Copper
Britannia Mining and Smelting Co. Ltd.,,,,,,,,British Columbia,49.611111,-123.14111,1905,1974,,,,,,1,0,0,,,,Silver
Britannia Mining and Smelting Co. Ltd.,,,,,,,,British Columbia,49.611111,-123.14111,1905,1974,,,,,,1,0,0,,,,Cadmium
Britannia Mining and Smelting Co. Ltd.,,,,,,,,British Columbia,49.611111,-123.14111,1905,1974,,,,,,1,0,0,,,,Zinc
Princeton Mining Corporation (Similco Mines Corporation)),,,,,,Similco,Princeton,British Columbia,49.33111,-120.53416,1908,2018,,,,,,1,0,0,,,,Silver
Princeton Mining Corporation (Similco Mines Corporation)),,,,,,Similco,Princeton,British Columbia,49.33111,-120.53416,1908,2018,,,,,,1,0,0,,,,Gold
Princeton Mining Corporation (Similco Mines Corporation)),,,,,,Similco,Princeton,British Columbia,49.33111,-120.53416,1908,2018,,,,,,1,0,0,,,,Copper
Utica Mines Ltd.,Lajo Mines Ltd. ,,,,,,Keremeos ,British Columbia,49.974999,-117.12722,1909,1980,,,,,,1,0,0,,,,Lead
Utica Mines Ltd.,Lajo Mines Ltd. ,,,,,,Keremeos ,British Columbia,49.974999,-117.12722,1909,1980,,,,,,1,0,0,,,,Gold
Utica Mines Ltd.,Lajo Mines Ltd. ,,,,,,Keremeos ,British Columbia,49.974999,-117.12722,1909,1980,,,,,,1,0,0,,,,Copper
Utica Mines Ltd.,Lajo Mines Ltd. ,,,,,,Keremeos ,British Columbia,49.974999,-117.12722,1909,1980,,,,,,1,0,0,,,,Silver
Utica Mines Ltd.,Lajo Mines Ltd. ,,,,,,Keremeos ,British Columbia,49.974999,-117.12722,1909,1980,,,,,,1,0,0,,,,Cadmium
Utica Mines Ltd.,Lajo Mines Ltd. ,,,,,,Keremeos ,British Columbia,49.974999,-117.12722,1909,1980,,,,,,1,0,0,,,,Zinc
Dome Mines Ltd. ,Placer Dome Inc.,Placer Dome (CLA) Limited and Kinross Gold Corporation,Goldcorp Inc.,,,Dome,South Porcupine ,Ontario,48.46351,-81.24272,1910,2017,,,,,,1,0,0,,,,Gold
Silver Standard Mines Ltd. ,,,,,,,,British Columbia,55.316943,-127.62972,1913,1989,,,,,,1,0,0,,,,Lead
Silver Standard Mines Ltd. ,,,,,,,,British Columbia,55.316943,-127.62972,1913,1989,,,,,,1,0,0,,,,Copper
Silver Standard Mines Ltd. ,,,,,,,,British Columbia,55.316943,-127.62972,1913,1989,,,,,,1,0,0,,,,Gold
Silver Standard Mines Ltd. ,,,,,,,,British Columbia,55.316943,-127.62972,1913,1989,,,,,,1,0,0,,,,Silver
Silver Standard Mines Ltd. ,,,,,,,,British Columbia,55.316943,-127.62972,1913,1989,,,,,,1,0,0,,,,Cadmium
Silver Standard Mines Ltd. ,,,,,,,,British Columbia,55.316943,-127.62972,1913,1989,,,,,,1,0,0,,,,Zinc
Wesfrob Mines Ltd.,Falconbridge Nickel Mines Ltd.,,,,,Wesfrob Mining Division,Tasu,British Columbia,52.756666,-132.04333,1914,1983,,,,,,1,0,0,,,,Magnetite
Wesfrob Mines Ltd.,Falconbridge Nickel Mines Ltd.,,,,,Wesfrob Mining Division,Tasu,British Columbia,52.756666,-132.04333,1914,1983,,,,,,1,0,0,,,,Gold
Wesfrob Mines Ltd.,Falconbridge Nickel Mines Ltd.,,,,,Wesfrob Mining Division,Tasu,British Columbia,52.756666,-132.04333,1914,1983,,,,,,1,0,0,,,,Copper
Wesfrob Mines Ltd.,Falconbridge Nickel Mines Ltd.,,,,,Wesfrob Mining Division,Tasu,British Columbia,52.756666,-132.04333,1914,1983,,,,,,1,0,0,,,,Silver
Wesfrob Mines Ltd.,Falconbridge Nickel Mines Ltd.,,,,,Wesfrob Mining Division,Tasu,British Columbia,52.756666,-132.04333,1914,1983,,,,,,1,0,0,,,,Iron
Dankoe Mine Ltd.,,,,,,,Keremeos ,British Columbia,49.056944,-119.68999,1915,1983,,,,,,1,0,0,,,,Lead
Dankoe Mine Ltd.,,,,,,,Keremeos ,British Columbia,49.056944,-119.68999,1915,1983,,,,,,1,0,0,,,,Copper
Dankoe Mine Ltd.,,,,,,,Keremeos ,British Columbia,49.056944,-119.68999,1915,1983,,,,,,1,0,0,,,,Gold
Dankoe Mine Ltd.,,,,,,,Keremeos ,British Columbia,49.056944,-119.68999,1915,1983,,,,,,1,0,0,,,,Silver
Dankoe Mine Ltd.,,,,,,,Keremeos ,British Columbia,49.056944,-119.68999,1915,1983,,,,,,1,0,0,,,,Zinc
Kirkland Lake Gold Mining Co. Ltd. ,,,,,,,,Ontario,48.14543,-80.05872,1916,1960,,,,,,1,0,0,,,,Gold
Sissons Mines Ltd.,,,,,,,Alix,Alberta,52.31971666,-113.2133589,1919,2002,,,,,,1,0,0,,,,Coal
"Alexco Resources Corp (2006- Present); Dominion Mineral Resources and Sterling Frontier Properties Company of Canada Ltd. (1990-1997); United Keno Hill Mines Ltd. (1947-1989); Treadwell Yukon Corp. Ltd. (1925-1941), Keno Hill, Ltd. [formed by Yukon Gold Company] (1919-1934)","Dominion Mineral Resources and Sterling Frontier Properties Company of Canada Ltd. (1990-1997); United Keno Hill Mines Ltd. (1947-1989); Treadwell Yukon Corp. Ltd. (1925-1941), Keno Hill, Ltd. [formed by Yukon Gold Company] (1919-1934)",,,,,Historic Keno Hill District,,Yukon,63.90947,-135.30225,1919,1989,1990,1997,2006,open,"140 to 600 workers // famous historic mining camp, the majority of employees were local; mostly European immigrants; exact  numbers unknown",1,0,0,,,,Silver
"Alexco Resources Corp (2006- Present); Dominion Mineral Resources and Sterling Frontier Properties Company of Canada Ltd. (1990-1997); United Keno Hill Mines Ltd. (1947-1989); Treadwell Yukon Corp. Ltd. (1925-1941), Keno Hill, Ltd. [formed by Yukon Gold Company] (1919-1934)","Dominion Mineral Resources and Sterling Frontier Properties Company of Canada Ltd. (1990-1997); United Keno Hill Mines Ltd. (1947-1989); Treadwell Yukon Corp. Ltd. (1925-1941), Keno Hill, Ltd. [formed by Yukon Gold Company] (1919-1934)",,,,,Historic Keno Hill District,,Yukon,63.90947,-135.30225,1919,1989,1990,1997,2006,open,"140 to 600 workers // famous historic mining camp, the majority of employees were local; mostly European immigrants; exact  numbers unknown",1,0,0,,,,Lead
"Alexco Resources Corp (2006- Present); Dominion Mineral Resources and Sterling Frontier Properties Company of Canada Ltd. (1990-1997); United Keno Hill Mines Ltd. (1947-1989); Treadwell Yukon Corp. Ltd. (1925-1941), Keno Hill, Ltd. [formed by Yukon Gold Company] (1919-1934)","Dominion Mineral Resources and Sterling Frontier Properties Company of Canada Ltd. (1990-1997); United Keno Hill Mines Ltd. (1947-1989); Treadwell Yukon Corp. Ltd. (1925-1941), Keno Hill, Ltd. [formed by Yukon Gold Company] (1919-1934)",,,,,Historic Keno Hill District,,Yukon,63.90947,-135.30225,1919,1989,1990,1997,2006,open,"140 to 600 workers // famous historic mining camp, the majority of employees were local; mostly European immigrants; exact  numbers unknown",1,0,0,,,,Zinc
"Alexco Resources Corp (2006- Present); Dominion Mineral Resources and Sterling Frontier Properties Company of Canada Ltd. (1990-1997); United Keno Hill Mines Ltd. (1947-1989); Treadwell Yukon Corp. Ltd. (1925-1941), Keno Hill, Ltd. [formed by Yukon Gold Company] (1919-1934)","Dominion Mineral Resources and Sterling Frontier Properties Company of Canada Ltd. (1990-1997); United Keno Hill Mines Ltd. (1947-1989); Treadwell Yukon Corp. Ltd. (1925-1941), Keno Hill, Ltd. [formed by Yukon Gold Company] (1919-1934)",,,,,Historic Keno Hill District,,Yukon,63.90947,-135.30225,1919,1989,1990,1997,2006,open,"140 to 600 workers // famous historic mining camp, the majority of employees were local; mostly European immigrants; exact  numbers unknown",1,0,0,,,,Gold
Renabie Mines Ltd.,,,,,,,Missanabie (Renabie),Ontario,48.37559,-83.873,1920,1991,,,,,,1,0,0,,,,Gold
Luscar Coals Ltd. ,,,,,,,Luscar,Alberta,53.06594227,-117.4070829,1921,1958,,,,,Luscar is a ghost town,1,0,0,,,,Coal
Alberta Power Limited,Battle River Coal Ltd. ,Manalta Coal Ltd. ,,,,Vesta,Halkirk ,Alberta,52.46720085,-112.1525496,1922,2012,,,,,,1,0,0,,,,Coal
Royal Oak Mines Inc.,,,,,,Nighthawk Lake,Timmins,Ontario,48.49567,-80.9732,1924,1979,,,,,,1,0,0,,,,Gold
Violamac Mines (B.C.) Ltd. ,,,,,,,,British Columbia,49.994999,-117.27166,1924,1985,,,,,,1,0,0,,,,Lead
Violamac Mines (B.C.) Ltd. ,,,,,,,,British Columbia,49.994999,-117.27166,1924,1985,,,,,,1,0,0,,,,Gold
Violamac Mines (B.C.) Ltd. ,,,,,,,,British Columbia,49.994999,-117.27166,1924,1985,,,,,,1,0,0,,,,Copper
Violamac Mines (B.C.) Ltd. ,,,,,,,,British Columbia,49.994999,-117.27166,1924,1985,,,,,,1,0,0,,,,Silver
Violamac Mines (B.C.) Ltd. ,,,,,,,,British Columbia,49.994999,-117.27166,1924,1985,,,,,,1,0,0,,,,Cadmium
Violamac Mines (B.C.) Ltd. ,,,,,,,,British Columbia,49.994999,-117.27166,1924,1985,,,,,,1,0,0,,,,Zinc
Bathurst Feldspar Mines Ltd. ,,,,,,,,Ontario,44.91281,-76.39586,1926,1952,,,,,,1,0,0,,,,Feldspar
Lethbridge Collieries Ltd. ,,,,,,,,Alberta,49.84729193,-112.8413593,1927,1965,,,,,,1,0,0,,,,Coal
Torbrit Silver Mines Ltd. ,,,,,,,,British Columbia,55.686944,-129.5075,1928,1959,,,,,,1,0,0,,,,Lead
Torbrit Silver Mines Ltd. ,,,,,,,,British Columbia,55.686944,-129.5075,1928,1959,,,,,,1,0,0,,,,Copper
Torbrit Silver Mines Ltd. ,,,,,,,,British Columbia,55.686944,-129.5075,1928,1959,,,,,,1,0,0,,,,Gold
Torbrit Silver Mines Ltd. ,,,,,,,,British Columbia,55.686944,-129.5075,1928,1959,,,,,,1,0,0,,,,Silver
Torbrit Silver Mines Ltd. ,,,,,,,,British Columbia,55.686944,-129.5075,1928,1959,,,,,,1,0,0,,,,Zinc
Hudson Bay Mining and Smelting Co. Ltd. ,,,,,,,Flin Flon ,Saskatchewan,54.75694,-101.8786249,1930,1977,,,,,,1,0,0,,,,Gold
Hudson Bay Mining and Smelting Co. Ltd. ,,,,,,,Flin Flon ,Saskatchewan,54.75694,-101.8786249,1930,1977,,,,,,1,0,0,,,,Zinc
Hudson Bay Mining and Smelting Co. Ltd. ,,,,,,,Flin Flon ,Saskatchewan,54.75694,-101.8786249,1930,1977,,,,,,1,0,0,,,,Copper
Cochenour Willans Gold Mines Ltd.,,,,,,Cochenour ,Cochenour ,Ontario,51.07729,-93.80895,1932,1971,,,,,,1,0,0,,,,Gold
Pickle Crow Gold Mines Ltd,,,,,,,,Ontario,51.50195,-90.05537,1933,1966,,,,,,1,0,0,,,,Gold
Ronald Nadon Inc.,Mud Lake Gold Mines Development Company,,,,,Mud Lake,Poltimore / Guillet,Quebec,45.76183,-75.698564,1934,2000,,,,,,1,0,0,,,,Feldspar
Hollinger Consolidated Gold Mines Ltd. ,,,,,,Ross,Holtyre ,Ontario,48.47809,-80.28421,1934,1989,,,,,,1,0,0,,,,Gold
MacLeod-Cockshutt Gold Mines Ltd.,MacLeod Mosher Gold Mines Ltd.,MacLeod Mosher Gold Mines Ltd.,Consolidated Mosher Mines Ltd. ,,,,Geraldton ,Ontario,49.67884,-86.93622,1934,1970,,,,,,1,0,0,,,,Gold
Island Mountain Mines Co. Ltd. ,,,,,,,,British Columbia,53.101111,-121.58388,1934,1954,,,,,,1,0,0,,,,Lead
Island Mountain Mines Co. Ltd. ,,,,,,,,British Columbia,53.101111,-121.58388,1934,1954,,,,,,1,0,0,,,,Gold
Island Mountain Mines Co. Ltd. ,,,,,,,,British Columbia,53.101111,-121.58388,1934,1954,,,,,,1,0,0,,,,Silver
Island Mountain Mines Co. Ltd. ,,,,,,,,British Columbia,53.101111,-121.58388,1934,1954,,,,,,1,0,0,,,,Bismuth
Island Mountain Mines Co. Ltd. ,,,,,,,,British Columbia,53.101111,-121.58388,1934,1954,,,,,,1,0,0,,,,Tungsten
Island Mountain Mines Co. Ltd. ,,,,,,,,British Columbia,53.101111,-121.58388,1934,1954,,,,,,1,0,0,,,,Zinc
Leitch Gold Mines Ltd,,,,,,,,Ontario,49.62588,-88.0339,1935,1965,,,,,,1,0,0,,,,Gold
Colt Resources Ltd.,,,,,,,Greenwood,British Columbia,49.086388,-117.79138,1936,1995,,,,,,1,0,0,,,,Silver
Colt Resources Ltd.,,,,,,,Greenwood,British Columbia,49.086388,-117.79138,1936,1995,,,,,,1,0,0,,,,Copper
Colt Resources Ltd.,,,,,,,Greenwood,British Columbia,49.086388,-117.79138,1936,1995,,,,,,1,0,0,,,,Cobalt
Colt Resources Ltd.,,,,,,,Greenwood,British Columbia,49.086388,-117.79138,1936,1995,,,,,,1,0,0,,,,Gold
Murray Collieries Ltd.,,,,,,,,Alberta,51.32831643,-112.5183234,1936,1959,,,,,,1,0,0,,,,Coal
Delnite Mines Ltd. ,,,,,,,,Ontario,48.43722,-81.29701,1937,1963,,,,,,1,0,0,,,,Gold
Preston East Dome Mines Ltd. ,,,,,,,,Ontario,48.45524,-81.2393,1939,1967,,,,,,1,0,0,,,,Gold
Cominco Ltd.,,,,,,Pinchi Lake,Fort St. James ,British Columbia,54.632777,-124.43722,1940,1975,,,,,,1,0,0,,,,Mercury
Egg Kale Coal Co. Ltd. ,,,,,,,Morinville,Alberta,53.8883266,-113.7289473,1941,2004,,,,,,1,0,0,,,,Coal
Alberta Coal Sales Ltd.,,,,,,,,Alberta,49.80567707,-112.1788169,1943,1968,,,,,,1,0,0,,,,Coal
Mining Corporation of Canada (1964) Ltd.,,,,,,New Joburke Property,Keith Twp,Ontario,48.14714,-82.2833,1946,1974,,,,,,1,0,0,,,,Gold
H. G. Young Mines Ltd. ,,,,,,,,Ontario,51.07547,-93.74805,1946,1962,,,,,,1,0,0,,,,Gold
North West Coal Co. Ltd. ,,,,,,,,Saskatchewan,49.142675,-102.858797,1947,1965,,,,,,1,0,0,,,,Coal
Giant Yellowknife Gold Mines Ltd.,Royal Oak Mines Inc.,Lolor Mines Ltd.,Supercrest Mines Ltd.,,,Giant,Yellowknife ,Northwest Territories,62.5,-114.35,1948,2004,,,,,"The property is now under the management of the Department of Indian Affairs and Northern Development (D.I.A.N.D.), which assumed ownership of the property in 1999. Reclamation activities surrounding the underground arsenic trioxide storage problem are ongoing. Other sections of the property are under ownership of the City of Yellowknife and will be utilized for future recreational purpose (source1 (Silke), p.246)",1,0,0,,,,Gold
Reeves MacDonald Mines Ltd.,,,,,,,Remac ,British Columbia,49.024443,-117.35222,1949,1971,,,,,,1,0,0,,,,Lead
Reeves MacDonald Mines Ltd.,,,,,,,Remac ,British Columbia,49.024443,-117.35222,1949,1971,,,,,,1,0,0,,,,Gallium
Reeves MacDonald Mines Ltd.,,,,,,,Remac ,British Columbia,49.024443,-117.35222,1949,1971,,,,,,1,0,0,,,,Copper
Reeves MacDonald Mines Ltd.,,,,,,,Remac ,British Columbia,49.024443,-117.35222,1949,1971,,,,,,1,0,0,,,,Silver
Reeves MacDonald Mines Ltd.,,,,,,,Remac ,British Columbia,49.024443,-117.35222,1949,1971,,,,,,1,0,0,,,,Cadmium
Reeves MacDonald Mines Ltd.,,,,,,,Remac ,British Columbia,49.024443,-117.35222,1949,1971,,,,,,1,0,0,,,,Germanium
Reeves MacDonald Mines Ltd.,,,,,,,Remac ,British Columbia,49.024443,-117.35222,1949,1971,,,,,,1,0,0,,,,Zinc
Goldcorp Inc.,Newmont Goldcorp,Evolution Mining,,,,Red Lake,Balmertown,Ontario,51.06028,-93.73128,1949,open,,,,,The Red Lake mine is one of the largest gold mines in Canada and in the world,1,0,0,,,,Gold
TVX Gold Inc.,High River Gold Mines Ltd. ,Britannia Mining and Smelting Co. Ltd.,Howe Sound Exploration Co. Ltd. ,HudBay Minerals Inc.,,New Britannia ( Nor-Acme),Snow Lake,Manitoba,54.858333333333334,-100.0333333,1949,2000,2021,open,,,,1,0,0,,,,Gold
Westroc Industries Ltd. ,BPB Canada Inc.,CertainTeed Gypsum Canada,,,,Kootenay River or Elkhorn,Invermere (Windermere Creek),British Columbia,49.454444,-115.42972,1950,open,,,,,,1,0,0,https://minfile.gov.bc.ca/Summary.aspx?minfilno=082JSW021,,,Limestone
Giant Soo Mines Ltd.,,,,,,Estella,,British Columbia,49.769443,-115.60527,1951,1967,,,,,,1,0,0,,,,Lead
Giant Soo Mines Ltd.,,,,,,Estella,,British Columbia,49.769443,-115.60527,1951,1967,,,,,,1,0,0,,,,Copper
Giant Soo Mines Ltd.,,,,,,Estella,,British Columbia,49.769443,-115.60527,1951,1967,,,,,,1,0,0,,,,Gold
Giant Soo Mines Ltd.,,,,,,Estella,,British Columbia,49.769443,-115.60527,1951,1967,,,,,,1,0,0,,,,Silver
Giant Soo Mines Ltd.,,,,,,Estella,,British Columbia,49.769443,-115.60527,1951,1967,,,,,,1,0,0,,,,Cadmium
Giant Soo Mines Ltd.,,,,,,Estella,,British Columbia,49.769443,-115.60527,1951,1967,,,,,,1,0,0,,,,Zinc
Domtar Construction Materials Ltd.,Domtar Inc.,"Georgia-Pacific Canada, Inc.",,,,Gypsum Division (No.3),Caledonia ,Ontario,43.09114,-79.96713,1952,1991,,,,,,1,0,0,,,,Gypsum
Texada Mines Ltd.,,,,,,,Texada Island ,British Columbia,49.703055,-124.55055,1952,1956,,,,,,1,0,0,,,,Magnetite
Texada Mines Ltd.,,,,,,,Texada Island ,British Columbia,49.703055,-124.55055,1952,1956,,,,,,1,0,0,,,,Cobalt
Texada Mines Ltd.,,,,,,,Texada Island ,British Columbia,49.703055,-124.55055,1952,1956,,,,,,1,0,0,,,,Gold
Texada Mines Ltd.,,,,,,,Texada Island ,British Columbia,49.703055,-124.55055,1952,1956,,,,,,1,0,0,,,,Copper
Texada Mines Ltd.,,,,,,,Texada Island ,British Columbia,49.703055,-124.55055,1952,1956,,,,,,1,0,0,,,,Silver
Texada Mines Ltd.,,,,,,,Texada Island ,British Columbia,49.703055,-124.55055,1952,1956,,,,,,1,0,0,,,,Molybdenum
Texada Mines Ltd.,,,,,,,Texada Island ,British Columbia,49.703055,-124.55055,1952,1956,,,,,,1,0,0,,,,Iron
Texada Mines Ltd.,,,,,,,Texada Island ,British Columbia,49.703055,-124.55055,1952,1956,,,,,,1,0,0,,,,Zinc
Princeton Mining Corporation,,,,,,,Cassiar,British Columbia,59.324999,-129.81805,1952,1998,,,,,,1,0,0,,,,Chrysotile
Princeton Mining Corporation,,,,,,,Cassiar,British Columbia,59.324999,-129.81805,1952,1998,,,,,,1,0,0,,,,Gemstones
Princeton Mining Corporation,,,,,,,Cassiar,British Columbia,59.324999,-129.81805,1952,1998,,,,,,1,0,0,,,,Magnesium
Princeton Mining Corporation,,,,,,,Cassiar,British Columbia,59.324999,-129.81805,1952,1998,,,,,,1,0,0,,,,Asbestos
Princeton Mining Corporation,,,,,,,Cassiar,British Columbia,59.324999,-129.81805,1952,1998,,,,,,1,0,0,,,,Nephrite
Princeton Mining Corporation,,,,,,,Cassiar,British Columbia,59.324999,-129.81805,1952,1998,,,,,,1,0,0,,,,Jade
Radiore Uranium Mines Ltd.,,,,,,,,Saskatchewan,59.46944214,-108.6097487,1952,1959,,,,,,1,0,0,,,,Uranium
East Rim Nickel Mines Ltd. ,Nickel Rim Mines Ltd. ,,,,,,,Ontario,46.67426,-80.80414,1953,1958,,,,,Rim Nickel and East Rim Nickel Mines are the same.,1,0,0,,,,Nickel
Steep Rock Iron Mines Ltd,,,,,,,Steep Rock Lake ,Ontario,48.7932,-91.64844,1953,1980,,,,,,1,0,0,,,,Iron
Eldorado Mining and Refining Ltd. ,Cameco - A Canadian Mining & Energy Corp.,,,,,Rabbit Lake-Eagle Point,Uranium City ,Saskatchewan,59.562501,-108.4666611,1953,1982,,,,,,1,0,0,,,,Uranium
Northspan Uranium Mines Ltd. ,,,,,,Lacnor,,Ontario,46.395075,-82.607917,1954,1960,,,,,,1,0,0,,,,Uranium
Jardun Mines Ltd.,,,,,,,,Ontario,46.63751,-84.14293,1954,1957,,,,,,1,0,0,,,,Lead
Cayzor Athabaska Mines Ltd.,,,,,,,,Saskatchewan,59.581944,-108.6402774,1954,1960,,,,,,1,0,0,,,,Uranium
Canadian Rock Salt Co. Ltd. The,,,,,,,Ojibway ,Ontario,42.25575,-83.10301,1955,open,,,,,"The first is the Ojibway Mine at 200 Morton Drive in Windsor, established in 1955, and is owned by The Canadian Salt Company, Limited. The facility has 250 employees, earns roughly $75–99 million a year, producing road and mining salt",1,0,0,,,,Salt
Marmoraton Mining Co. Ltd. ,Bethlehem Chile Iron Iron Mine Co.,,,,,,Marmora ,Ontario,44.47905,-77.65775,1955,1978,,,,,,1,0,0,,,,Iron
Minnesota Minerals Ltd.,Building Products Ltd. ,,,,,,,Ontario,44.50305,-77.42273,1955,1968,,,,,,1,0,0,,,,Granite
McMann V. C. Ltd. ,A.W. Wasson Ltd.,,,,,,,New Brunswick,46.07595292,-66.0748075,1955,1965,,,,,Minor occurrence (limited to no exploration work),1,0,0,,,,Coal
D.W. and R.A. Mills Ltd.,,,,,,,Minto ,New Brunswick,46.07595292,-66.0748075,1955,1969,,,,,Minor occurrence (limited to no exploration work),1,0,0,,,,Coal
Anglo-Rouyn Mines Ltd.,,,,,,,Waden Bay ,Saskatchewan,55.293889,-105.0041731,1955,1992,,,,,,1,0,0,,,,Silver
Anglo-Rouyn Mines Ltd.,,,,,,,Waden Bay ,Saskatchewan,55.293889,-105.0041731,1955,1992,,,,,,1,0,0,,,,Gold
Anglo-Rouyn Mines Ltd.,,,,,,,Waden Bay ,Saskatchewan,55.293889,-105.0041731,1955,1992,,,,,,1,0,0,,,,Copper
Gunnar Mines Ltd. ,,,,,,,,Saskatchewan,59.385834,-108.8794467,1955,1964,,,,,,1,0,0,,,,Uranium
Cenex Limited,,,,,,,Uranium City ,Saskatchewan,59.543056,-108.6680637,1955,1979,,,,,,1,0,0,,,,Uranium
Empire Development Co. Ltd. ,Empire Venture Ltd.,,,,,,,British Columbia,50.355277,-127.25361,1957,1967,,,,,,1,0,0,,,,Magnetite
Empire Development Co. Ltd. ,Empire Venture Ltd.,,,,,,,British Columbia,50.355277,-127.25361,1957,1967,,,,,,1,0,0,,,,Cobalt
Empire Development Co. Ltd. ,Empire Venture Ltd.,,,,,,,British Columbia,50.355277,-127.25361,1957,1967,,,,,,1,0,0,,,,Gold
Empire Development Co. Ltd. ,Empire Venture Ltd.,,,,,,,British Columbia,50.355277,-127.25361,1957,1967,,,,,,1,0,0,,,,Copper
Empire Development Co. Ltd. ,Empire Venture Ltd.,,,,,,,British Columbia,50.355277,-127.25361,1957,1967,,,,,,1,0,0,,,,Limestone
Empire Development Co. Ltd. ,Empire Venture Ltd.,,,,,,,British Columbia,50.355277,-127.25361,1957,1967,,,,,,1,0,0,,,,Iron
Empire Development Co. Ltd. ,Empire Venture Ltd.,,,,,,,British Columbia,50.355277,-127.25361,1957,1967,,,,,,1,0,0,,,,Arsenic
Empire Development Co. Ltd. ,Empire Venture Ltd.,,,,,,,British Columbia,50.355277,-127.25361,1957,1967,,,,,,1,0,0,,,,Zinc
Lorado Uranium Mines Ltd.,,,,,,,,Saskatchewan,59.492226,-108.6683393,1957,1960,,,,,,1,0,0,,,,Uranium
North Rankin Nickel Mines Ltd. ,,,,,,North Rankin,Rankin Inlet,Nunavut,62.80972222222222,-92.09944444,1957,1962,,,,,"9,760 t nickel and 2,634 t copper, mine site reclaimed (small producer).",1,0,0,,,,Nickel
North Rankin Nickel Mines Ltd. ,,,,,,North Rankin,Rankin Inlet,Nunavut,62.80972222222222,-92.09944444,1957,1962,,,,,"9,760 t nickel and 2,634 t copper, mine site reclaimed (small producer).",1,0,0,,,,Copper
Rayrock Mines Ltd.,,,,,,,,Northwest Territories,63.45,-116.5458333,1957,1959,,,,,"""In 1957, the operation employed 145 and in 1958, with steady operations, it was reported that 135 employees were working at Rayrock Mine. In March 1959, the last date for which information is available, the mine employed a total of 136, including 10 natives who worked manual labour jobs. By department, this workforce was reduced to: mining, 54; shops, 17; general surface, 13; contractors, 19; mill, 19; laboratory, 8; cookery, 12; and office, 13 (mine records). Most of these employees were single men housed in four bunkhouses with total capacity for 140 persons, and a staffhouse for 14 persons. The cookery was rated to handle 125 men at one sitting, and the company townsite contained almost twenty residences including four duplex houses. In 1957, it was reported that the Rayrock townsite contained nine residences including three duplex units, accommodating 12 families. There were also eight school pupils in that year, housed in a small school house on the property. Recreation was provided by an indoor curling rink and recreation room with café, games, and library, built in 1958. Additional family housing was erected in 1958. The Operational History of Mines in the Northwest Territories, Canada Ryan Silke, 2009 Population of the townsite and mine camp in 1958 was reported as 17 families and 135 employees (Byrne, 1957; Rayrock Mines Ltd. Annual Report, 1958)."" (source3, p.417-418)",1,0,0,https://www.miningnorth.com/_rsc/site-content/library/NWT_Mines_History_RSilke2009.pdf,,,Silver
Rayrock Mines Ltd.,,,,,,,,Northwest Territories,63.45,-116.5458333,1957,1959,,,,,"""In 1957, the operation employed 145 and in 1958, with steady operations, it was reported that 135 employees were working at Rayrock Mine. In March 1959, the last date for which information is available, the mine employed a total of 136, including 10 natives who worked manual labour jobs. By department, this workforce was reduced to: mining, 54; shops, 17; general surface, 13; contractors, 19; mill, 19; laboratory, 8; cookery, 12; and office, 13 (mine records). Most of these employees were single men housed in four bunkhouses with total capacity for 140 persons, and a staffhouse for 14 persons. The cookery was rated to handle 125 men at one sitting, and the company townsite contained almost twenty residences including four duplex houses. In 1957, it was reported that the Rayrock townsite contained nine residences including three duplex units, accommodating 12 families. There were also eight school pupils in that year, housed in a small school house on the property. Recreation was provided by an indoor curling rink and recreation room with café, games, and library, built in 1958. Additional family housing was erected in 1958. The Operational History of Mines in the Northwest Territories, Canada Ryan Silke, 2009 Population of the townsite and mine camp in 1958 was reported as 17 families and 135 employees (Byrne, 1957; Rayrock Mines Ltd. Annual Report, 1958)."" (source3, p.417-418)",1,0,0,https://www.miningnorth.com/_rsc/site-content/library/NWT_Mines_History_RSilke2009.pdf,,,Uranium
Miliken Lake Uranium Mines Ltd.,,,,,,Milliken,Elliot Lake ,Ontario,46.40026,-82.62527,1958,1964,,,,,,1,0,0,,,,Uranium
Canadian Charleson Ltd. ,,,,,,,,Ontario,48.774029,-91.630097,1958,1964,,,,,,1,0,0,,,,Iron
Potash Co. Of America Ltd.,Potash Company of America Inc. (a Division of Rio Algom Limited),,,,,Patience Lake,Saskatoon ,Saskatchewan,52.089315,-106.3741196,1958,open,,,,,,1,0,0,,,,Potash
Rix-Ahabasca Uranium Mines Ltd.,,,,,,,,Saskatchewan,59.54027286,-108.7222283,1958,1959,,,,,,1,0,0,,,,Uranium
Nimpkish Iron Mines Ltd.,,,,,,,,British Columbia,50.255277,-126.85361,1959,1963,,,,,,1,0,0,,,,Magnetite
Nimpkish Iron Mines Ltd.,,,,,,,,British Columbia,50.255277,-126.85361,1959,1963,,,,,,1,0,0,,,,Gold
Nimpkish Iron Mines Ltd.,,,,,,,,British Columbia,50.255277,-126.85361,1959,1963,,,,,,1,0,0,,,,Copper
Nimpkish Iron Mines Ltd.,,,,,,,,British Columbia,50.255277,-126.85361,1959,1963,,,,,,1,0,0,,,,Iron
Nimpkish Iron Mines Ltd.,,,,,,,,British Columbia,50.255277,-126.85361,1959,1963,,,,,,1,0,0,,,,Zinc
National Asbestos Mines Ltd,"Lake Asbestos of Quebec, Ltd., (National Mines Div.)",,,,,,Thetford Mines ,Quebec,46.138215,-71.252179,1960,1986,,,,,,1,0,0,,,,Chrysotile
National Asbestos Mines Ltd,"Lake Asbestos of Quebec, Ltd., (National Mines Div.)",,,,,,Thetford Mines ,Quebec,46.138215,-71.252179,1960,1986,,,,,,1,0,0,,,,Talc
Utility Coals Ltd.,Manitoba and Saskatchewan Coal Co. (Ltd.),Utility Coals Ltd.,Saskatchewan Power Corporation,,,Unity,Estevan ,Saskatchewan,49.1395576,-102.9918586,1960,open,,,,,,1,0,0,,,,Coal
Hudson Bay Mining and Smelting Co. Ltd.,,,,,,Chisel Lake,Snow Lake,Manitoba,54.834722222222226,-100.1166667,1960,1994,2000,2001,2009,2012,,1,0,0,,,,Zinc
Hudson Bay Mining and Smelting Co. Ltd.,,,,,,Chisel Lake,Snow Lake,Manitoba,54.834722222222226,-100.1166667,1960,1994,2000,2001,2009,2012,,1,0,0,,,,Copper
Kam-Kotia Porcupine Mines Ltd.,,,,,,,Timmins ,Ontario,48.59145,-81.60529,1961,1972,,,,,,1,0,0,,,,Gold
Kam-Kotia Porcupine Mines Ltd.,,,,,,,Timmins ,Ontario,48.59145,-81.60529,1961,1972,,,,,,1,0,0,,,,Copper
Kam-Kotia Porcupine Mines Ltd.,,,,,,,Timmins ,Ontario,48.59145,-81.60529,1961,1972,,,,,,1,0,0,,,,Gold Silver
Kam-Kotia Porcupine Mines Ltd.,,,,,,,Timmins ,Ontario,48.59145,-81.60529,1961,1972,,,,,,1,0,0,,,,Silver
Kam-Kotia Porcupine Mines Ltd.,,,,,,,Timmins ,Ontario,48.59145,-81.60529,1961,1972,,,,,,1,0,0,,,,Zinc
Pacific Silica Ltd. ,,,,,,,Oliver ,British Columbia,49.19673443,-119.5552884,1961,1969,,,,,,1,0,0,,,,Silica
Atlantic Coast Copper Corp. Ltd. ,,,,,,,Little Bay ,Newfoundland-and-Labrador,49.5960993,-55.94530574,1961,1969,,,,,,1,0,0,,,,Gold
Atlantic Coast Copper Corp. Ltd. ,,,,,,,Little Bay ,Newfoundland-and-Labrador,49.5960993,-55.94530574,1961,1969,,,,,,1,0,0,,,,Iron
Atlantic Coast Copper Corp. Ltd. ,,,,,,,Little Bay ,Newfoundland-and-Labrador,49.5960993,-55.94530574,1961,1969,,,,,,1,0,0,,,,Copper
Great West Coal Co. Ltd.,Western Dominion Coal Mines Ltd. ,,,,,,,Alberta,53.54493837,-113.3834964,1962,1968,,,,,,1,0,0,,,,Coal
Alberta Southern Coal Co. Ltd. ,Alberta Coal Ltd. ,Manalta Coal Ltd. ,TransAlberta Utilities Corporation,,,Whitewood ,Wabamun ,Alberta,53.58966554,-114.5237074,1962,2010,,,,,,1,0,0,,,,Coal
Texas Gulf Sulphur Co. ,Canada Development Corporation,Glencore Inc. ,Falconbridge Ltd. ,Kidd Creek Mines Ltd.,Escall Mining Ltd.,Kidd Creek,Timmins ,Ontario,48.68701,-81.36811,1963,open,,,,,,1,0,0,,,,Lead
Texas Gulf Sulphur Co. ,Canada Development Corporation,Glencore Inc. ,Falconbridge Ltd. ,Kidd Creek Mines Ltd.,Escall Mining Ltd.,Kidd Creek,Timmins ,Ontario,48.68701,-81.36811,1963,open,,,,,,1,0,0,,,,Copper
Texas Gulf Sulphur Co. ,Canada Development Corporation,Glencore Inc. ,Falconbridge Ltd. ,Kidd Creek Mines Ltd.,Escall Mining Ltd.,Kidd Creek,Timmins ,Ontario,48.68701,-81.36811,1963,open,,,,,,1,0,0,,,,Silver
Texas Gulf Sulphur Co. ,Canada Development Corporation,Glencore Inc. ,Falconbridge Ltd. ,Kidd Creek Mines Ltd.,Escall Mining Ltd.,Kidd Creek,Timmins ,Ontario,48.68701,-81.36811,1963,open,,,,,,1,0,0,,,,Cadmium
Texas Gulf Sulphur Co. ,Canada Development Corporation,Glencore Inc. ,Falconbridge Ltd. ,Kidd Creek Mines Ltd.,Escall Mining Ltd.,Kidd Creek,Timmins ,Ontario,48.68701,-81.36811,1963,open,,,,,,1,0,0,,,,Tin
Texas Gulf Sulphur Co. ,Canada Development Corporation,Glencore Inc. ,Falconbridge Ltd. ,Kidd Creek Mines Ltd.,Escall Mining Ltd.,Kidd Creek,Timmins ,Ontario,48.68701,-81.36811,1963,open,,,,,,1,0,0,,,,Zinc
Bethlehem Copper Corp. Ltd.,Bethlehem Mines Corp. Ltd.,,,,,,Highland Valley/Ashcroft ,British Columbia,50.498055,-120.98777,1963,1982,,,,,,1,0,0,,,,Silver
Bethlehem Copper Corp. Ltd.,Bethlehem Mines Corp. Ltd.,,,,,,Highland Valley/Ashcroft ,British Columbia,50.498055,-120.98777,1963,1982,,,,,,1,0,0,,,,Gold
Bethlehem Copper Corp. Ltd.,Bethlehem Mines Corp. Ltd.,,,,,,Highland Valley/Ashcroft ,British Columbia,50.498055,-120.98777,1963,1982,,,,,,1,0,0,,,,Molybdenum
Bethlehem Copper Corp. Ltd.,Bethlehem Mines Corp. Ltd.,,,,,,Highland Valley/Ashcroft ,British Columbia,50.498055,-120.98777,1963,1982,,,,,,1,0,0,,,,Copper
Iron Ore Co. of Canada,,,,,,,Labrador City ,Newfoundland-and-Labrador,52.94122939,-66.91593509,1963,1988,,,,,,1,0,0,,,,Iron
"Camlaren Mines, Ltd.",,,,,,,Gordon Lake ,Northwest Territories,62.987500000000004,-113.2041667,1963,1963,1980,1981,,,"""In the summer of 1938 an average of 50 employees worked at Camlaren. Women and children of employees were also living on the property, being housed in small tent shacks and log cabins in the area. Ken Muir was mine manager, Hugh Fraser was geologist, A. Van Raalte was engineer, and Fred Prout was master mechanic. Camlaren Mine was a well-built camp, consisting of two bunkhouses and a cookery. Ken Muir, mine manager, had his own house"" (source1 (Silke), p.72)
""A 70 man camp was erected on Muir Island in 1980 consisting of 25 Atco portable trailers, arranged into two forty-man bunkhouses, one cookery complex, a recreation hall and commissary, and a 70 man dry. In 1979, the operation was considered to have a 16-month life span, and even though the project was extended a few more months, the short life of the Camlaren operation required that the site be totally portable.""(source1 (Silke), p.74)",1,0,0,,,,Gold
Cliffs of Canada Ltd. ,Dofasco Inc.,Jones & Laughlin Steel Corp.,"Dominion Foundries and Steel, Ltd., (Dofasco)",,,Adams,Kirkland Lake,Ontario,48.06926,-79.93457,1964,1990,,,,,,1,0,0,,,,Iron
Willecho Mines Ltd.,,,,,,,Manitouwadge ,Ontario,49.18005,-85.888,1964,1976,,,,,,1,0,0,,,,Copper
Teck Corporation Ltd.,Silverfields Mining Corp. Ltd.,"Canadaka Mines Ltd., Cobalt Silver",Teck Corporation (Silverfields Division),,,Silverfields Division,Cobalt ,Ontario,47.39509152,-79.68578198,1965,1983,,,,,,1,0,0,,,,Silver
The Winnipeg Supply and Fuel Co. Ltd.,Steel Brother Canada Ltd. ,Marine Transport Limited,Selkirk Silica Co. Ltd,,,,Black Island ,Manitoba,51.20694155,-96.44856599,1965,1993,,,,,,1,0,0,,,,Silica
Brynnor Mines Ltd. ,,,,,,,Boss Mountain ,British Columbia,52.096666,-120.9075,1965,1983,,,,,,1,0,0,,,,Rhenium
Brynnor Mines Ltd. ,,,,,,,Boss Mountain ,British Columbia,52.096666,-120.9075,1965,1983,,,,,,1,0,0,,,,Copper
Brynnor Mines Ltd. ,,,,,,,Boss Mountain ,British Columbia,52.096666,-120.9075,1965,1983,,,,,,1,0,0,,,,Silver
Brynnor Mines Ltd. ,,,,,,,Boss Mountain ,British Columbia,52.096666,-120.9075,1965,1983,,,,,,1,0,0,,,,Molybdenum
Brynnor Mines Ltd. ,,,,,,,Boss Mountain ,British Columbia,52.096666,-120.9075,1965,1983,,,,,,1,0,0,,,,Bismuth
Brynnor Mines Ltd. ,,,,,,,Boss Mountain ,British Columbia,52.096666,-120.9075,1965,1983,,,,,,1,0,0,,,,Tungsten
Brynnor Mines Ltd. ,,,,,,,Boss Mountain ,British Columbia,52.096666,-120.9075,1965,1983,,,,,,1,0,0,,,,Zinc
Canadian Jamieson Mines Ltd.,,,,,,,Timmins ,Ontario,48.53393,-81.56071,1966,1971,,,,,,1,0,0,,,,Copper
Red Mountain Mines Ltd.,,,,,,,Rossland ,British Columbia,49.089721,-117.82777,1966,1971,,,,,,1,0,0,,,,Molybdenum
Red Mountain Mines Ltd.,,,,,,,Rossland ,British Columbia,49.089721,-117.82777,1966,1971,,,,,,1,0,0,,,,Gold
Red Mountain Mines Ltd.,,,,,,,Rossland ,British Columbia,49.089721,-117.82777,1966,1971,,,,,,1,0,0,,,,Tungsten
Red Mountain Mines Ltd.,,,,,,,Rossland ,British Columbia,49.089721,-117.82777,1966,1971,,,,,,1,0,0,,,,Copper
Kalium Chemicals Ltd.,PPG Industries Canada Ltd.,,,,,Kalium Chemicals Division,Belle Plaine ,Saskatchewan,50.39373442,-105.1557625,1966,open,,,,,,1,0,0,,,,Potash
Granisle Copper Ltd. ,Zapata Granby Corporation,,,,,,Granisle ,British Columbia,54.944444,-126.15722,1966,1982,,,,,,1,0,0,,,,Silver
Granisle Copper Ltd. ,Zapata Granby Corporation,,,,,,Granisle ,British Columbia,54.944444,-126.15722,1966,1982,,,,,,1,0,0,,,,Gold
Granisle Copper Ltd. ,Zapata Granby Corporation,,,,,,Granisle ,British Columbia,54.944444,-126.15722,1966,1982,,,,,,1,0,0,,,,Molybdenum
Granisle Copper Ltd. ,Zapata Granby Corporation,,,,,,Granisle ,British Columbia,54.944444,-126.15722,1966,1982,,,,,,1,0,0,,,,Copper
Thomas Brogan & Son,,,,,,,,Nova Scotia,46.31704363,-60.30067648,1967,1993,,,,,,1,0,0,,,,Coal
Evans Coal Mines Ltd. ,Pioneer Coal Co. Inc. and Thorburn,,,,,Evans or St. Rose,St. Rose  (Inverness),Nova Scotia,46.33443215,-61.20440514,1967,1992,,,,,,1,0,0,,,,Coal
Tribag Mining Co. Ltd.,,,,,,,Batchawana Bay,Ontario,47.08586,-84.50815,1967,1974,,,,,,1,0,0,,,,Copper
Anglo American Molybdenite Mining Corp. Ltd. ,,,,,,,Cadillac ,Quebec,48.21218624,-78.47988967,1967,1968,,,,,,1,0,0,,,,Molybdenum
Munro Copper Mines Ltd.,,,,,,,,Ontario,48.59931,-80.21119,1967,1970,,,,,,1,0,0,,,,Nickel
Saskatchewan Minerals (Sodium Sulphate Division) ,Kam-Kotia Mines Ltd. ,Dickenson Mines Ltd.,,,,,Fox Valley,Saskatchewan,50.35664,-109.3219499,1967,2001,,,,,,1,0,0,,,,Sodium Sulphate
B.A.C.M. Ltd.,,,,,,,Amaranth ,Manitoba,50.56111111111111,-98.72083333,1967,1970,,,,,,1,0,0,,,,Gypsum
International Minerals and Chemical Corp. (Canada) Ltd. ,International Minerals & Chemical Corporation (Canada) Global Umited,,,,,K2,Esterhazy ,Saskatchewan,50.68298991,-101.8498299,1967,open,,,,,,1,0,0,,,,Potash
Allan Potash Mines,APM Operators Ltd.,,,,,Allan Potashs,Allan,Saskatchewan,51.936923,-106.0871614,1968,open,,,,,,1,0,0,,,,Potash
Cardinal River Coals Ltd.,Teck Resources Limited,,,,,Cardinal River (Cheviot),Luscar and Hinton,Alberta,53.10082201,-117.4407696,1968,open,,,,,,1,0,0,,,,Coal
Terra Mining and Exploitation Ltd.,,,,,,Bullmoose,Port Radium ,Northwest Territories,65.60416666666666,-118.1166667,1968,1985,,,,,,1,0,0,,,,Silver
Terra Mining and Exploitation Ltd.,,,,,,Bullmoose,Port Radium ,Northwest Territories,65.60416666666666,-118.1166667,1968,1985,,,,,,1,0,0,,,,Lead
Terra Mining and Exploitation Ltd.,,,,,,Bullmoose,Port Radium ,Northwest Territories,65.60416666666666,-118.1166667,1968,1985,,,,,,1,0,0,,,,Zinc
Terra Mining and Exploitation Ltd.,,,,,,Bullmoose,Port Radium ,Northwest Territories,65.60416666666666,-118.1166667,1968,1985,,,,,,1,0,0,,,,Copper
Midland Mining Co. Ltd.,,,,,,,Minto ,New Brunswick,46.07595292,-66.0748075,1969,1969,,,,,Minor occurrence (limited to no exploration work),1,0,0,,,,Coal
Manalta Coal Ltd.,TransAlberta Utilities Corporation,TransAlta Utilities Corporation,Transalta Corporation,,,Highvale,Seba Beach ,Alberta,53.4692849,-114.5245868,1969,2021,,,,,,1,0,0,,,,Coal
United Asbestos Inc.,,,,,,,Matachewan,Ontario,47.88154,-81.00254,1970,1978,,,,,,1,0,0,,,,Asbestos
Greyhound Mines Ltd.,,,,,,,Greenwood,British Columbia,49.101666,-118.70277,1970,1971,,,,,,1,0,0,,,,Silver
Greyhound Mines Ltd.,,,,,,,Greenwood,British Columbia,49.101666,-118.70277,1970,1971,,,,,,1,0,0,,,,Gold
Greyhound Mines Ltd.,,,,,,,Greenwood,British Columbia,49.101666,-118.70277,1970,1971,,,,,,1,0,0,,,,Cobalt
Greyhound Mines Ltd.,,,,,,,Greenwood,British Columbia,49.101666,-118.70277,1970,1971,,,,,,1,0,0,,,,Copper
Brenda Mines Ltd.,,,,,,,Peachland,British Columbia,49.879443,-120.00638,1970,1990,,,,,,1,0,0,,,,Lead
Brenda Mines Ltd.,,,,,,,Peachland,British Columbia,49.879443,-120.00638,1970,1990,,,,,,1,0,0,,,,Gold
Brenda Mines Ltd.,,,,,,,Peachland,British Columbia,49.879443,-120.00638,1970,1990,,,,,,1,0,0,,,,Copper
Brenda Mines Ltd.,,,,,,,Peachland,British Columbia,49.879443,-120.00638,1970,1990,,,,,,1,0,0,,,,Silver
Brenda Mines Ltd.,,,,,,,Peachland,British Columbia,49.879443,-120.00638,1970,1990,,,,,,1,0,0,,,,Molybdenum
Brenda Mines Ltd.,,,,,,,Peachland,British Columbia,49.879443,-120.00638,1970,1990,,,,,,1,0,0,,,,Zinc
Sherritt Gordon Mines Ltd. ,,,,,,,Fox Lake,Manitoba,56.63333333333333,-101.6430556,1970,1985,,,,,,1,0,0,,,,Silver
Sherritt Gordon Mines Ltd. ,,,,,,,Fox Lake,Manitoba,56.63333333333333,-101.6430556,1970,1985,,,,,,1,0,0,,,,Gold
Sherritt Gordon Mines Ltd. ,,,,,,,Fox Lake,Manitoba,56.63333333333333,-101.6430556,1970,1985,,,,,,1,0,0,,,,Zinc
Sherritt Gordon Mines Ltd. ,,,,,,,Fox Lake,Manitoba,56.63333333333333,-101.6430556,1970,1985,,,,,,1,0,0,,,,Copper
Churchill Copper Corp. Ltd.,Consolidated Churchill Copper Corp. Ltd.,,,,,,Fort Nelson,British Columbia,58.510833,-125.40472,1970,1974,,,,,,1,0,0,,,,Copper
Placid Oil Co.,,,,,,,Bull River,British Columbia,49.503333,-115.38583,1971,1974,,,,,,1,0,0,,,,Lead
Placid Oil Co.,,,,,,,Bull River,British Columbia,49.503333,-115.38583,1971,1974,,,,,,1,0,0,,,,Gold
Placid Oil Co.,,,,,,,Bull River,British Columbia,49.503333,-115.38583,1971,1974,,,,,,1,0,0,,,,Copper
Placid Oil Co.,,,,,,,Bull River,British Columbia,49.503333,-115.38583,1971,1974,,,,,,1,0,0,,,,Silver
Placid Oil Co.,,,,,,,Bull River,British Columbia,49.503333,-115.38583,1971,1974,,,,,,1,0,0,,,,Zinc
Ming Minerals Inc.,Rambler Metals and Mining PLC,,,,,Ming,Baie Verte ,Newfoundland-and-Labrador,49.91535301,-56.08697945,1971,2019,,,,,,1,0,0,,,,Silver
Ming Minerals Inc.,Rambler Metals and Mining PLC,,,,,Ming,Baie Verte ,Newfoundland-and-Labrador,49.91535301,-56.08697945,1971,2019,,,,,,1,0,0,,,,Gold
Ming Minerals Inc.,Rambler Metals and Mining PLC,,,,,Ming,Baie Verte ,Newfoundland-and-Labrador,49.91535301,-56.08697945,1971,2019,,,,,,1,0,0,,,,Zinc
Ming Minerals Inc.,Rambler Metals and Mining PLC,,,,,Ming,Baie Verte ,Newfoundland-and-Labrador,49.91535301,-56.08697945,1971,2019,,,,,,1,0,0,,,,Copper
Prime Resources Group Inc. ,Homestake Mining Company,Barrick Gold Corporation,,,,Eskay Creek,Stewart,British Columbia,56.653888,-130.42888,1971,2008,,,,,,1,0,0,,,,Lead
Prime Resources Group Inc. ,Homestake Mining Company,Barrick Gold Corporation,,,,Eskay Creek,Stewart,British Columbia,56.653888,-130.42888,1971,2008,,,,,,1,0,0,,,,Copper
Prime Resources Group Inc. ,Homestake Mining Company,Barrick Gold Corporation,,,,Eskay Creek,Stewart,British Columbia,56.653888,-130.42888,1971,2008,,,,,,1,0,0,,,,Gold
Prime Resources Group Inc. ,Homestake Mining Company,Barrick Gold Corporation,,,,Eskay Creek,Stewart,British Columbia,56.653888,-130.42888,1971,2008,,,,,,1,0,0,,,,Silver
Prime Resources Group Inc. ,Homestake Mining Company,Barrick Gold Corporation,,,,Eskay Creek,Stewart,British Columbia,56.653888,-130.42888,1971,2008,,,,,,1,0,0,,,,Zinc
"Cape Breton Development Corp., ",,,,,,Lingan,New Waterford,Nova Scotia,46.25249299,-60.0978728,1972,1992,,,,,"1966: Formation of Cape Breton Development Corporation to revitalize mining in the Sydney coalfield, Nova Scotia. 1968: Cape Breton Development Corporation takes over operations of remaining mines in Sydney coalfield, Nova Scotia.",1,0,0,,,,Coal
Mattabi Mines Ltd.,,,,,,,Sturgeon Lake,Ontario,49.87404,-90.97111,1972,1988,,,,,,1,0,0,,,,Copper
Fording Coal Ltd. ,,,,,,Fording River,Elkford,British Columbia,50.194999,-114.84138,1972,open,,,,,,1,0,0,https://elkvalleycoal.com/history/,,,Coal
Lornex Mining Corporation Ltd.,,,,,,,Highland Valley,British Columbia,50.450277,-121.04305,1972,1986,,,,,,1,0,0,,,,Gold
Lornex Mining Corporation Ltd.,,,,,,,Highland Valley,British Columbia,50.450277,-121.04305,1972,1986,,,,,,1,0,0,,,,Copper
Lornex Mining Corporation Ltd.,,,,,,,Highland Valley,British Columbia,50.450277,-121.04305,1972,1986,,,,,,1,0,0,,,,Silver
Lornex Mining Corporation Ltd.,,,,,,,Highland Valley,British Columbia,50.450277,-121.04305,1972,1986,,,,,,1,0,0,,,,Molybdenum
Lornex Mining Corporation Ltd.,,,,,,,Highland Valley,British Columbia,50.450277,-121.04305,1972,1986,,,,,,1,0,0,,,,Zinc
Luscar Ltd.,,,,,,Boundary Dam,Estevan ,Saskatchewan,49.105929,-103.0202158,1973,2019,,,,,,1,0,0,,,,Coal
Sheridan Geophysics Ltd.,,,,,,Maybrun,Atikwa - Populus Lake,Ontario,49.42166,-93.65084,1973,1974,,,,,,1,0,0,,,,Copper
Falconbridge Copper Ltd. ,,,,,,Sturgeon Lake Property,Sturgeon Lake,Ontario,49.86967,-90.87355,1974,1980,,,,,,1,0,0,,,,Copper
Asbury Graphite Quebec Inc.,,,,,,,Notre-Dame-du-Laus ,Quebec,46.144042,-75.552239,1975,1975,1980,1988,,,,1,0,0,,,,Graphite
Pine Point Mines Ltd. ,,,,,,,Pine Point,Northwest Territories,60.833333333333336,-114.5,1975,1976,1983,1987,,,"100 man capacity // ""The Bullmoose Mine is located 84 kilometers east of Yellowknife, NWT. between Campbell and Buckham Lakes. Although it was open for a short time as an underground prospect in the 1940s, the main development period for this property was in the 1980s when a small mill went into production. The site was remediated and all buildings removed following 1987 closure. The site was viewed from the air in 2000."" (source 1 (Silke), p. 55-61)",1,0,0,,,,Lead
Pine Point Mines Ltd. ,,,,,,,Pine Point,Northwest Territories,60.833333333333336,-114.5,1975,1976,1983,1987,,,"100 man capacity // ""The Bullmoose Mine is located 84 kilometers east of Yellowknife, NWT. between Campbell and Buckham Lakes. Although it was open for a short time as an underground prospect in the 1940s, the main development period for this property was in the 1980s when a small mill went into production. The site was remediated and all buildings removed following 1987 closure. The site was viewed from the air in 2000."" (source 1 (Silke), p. 55-61)",1,0,0,,,,Zinc
Agnew Lake Mines Ltd.,,,,,,Agnew Lake,Elliot Lake ,Ontario,46.431,-81.62501,1977,1983,,,,,,1,0,0,,,,Uranium
Afton Mines Ltd.,Afton Operating Corporation,,,,,,Kamloops,British Columbia,50.661111,-120.515,1977,2018,,,,,,1,0,0,,,,Gold
Afton Mines Ltd.,Afton Operating Corporation,,,,,,Kamloops,British Columbia,50.661111,-120.515,1977,2018,,,,,,1,0,0,,,,Copper
Afton Mines Ltd.,Afton Operating Corporation,,,,,,Kamloops,British Columbia,50.661111,-120.515,1977,2018,,,,,,1,0,0,,,,Silver
Afton Mines Ltd.,Afton Operating Corporation,,,,,,Kamloops,British Columbia,50.661111,-120.515,1977,2018,,,,,,1,0,0,,,,Molybdenum
Afton Mines Ltd.,Afton Operating Corporation,,,,,,Kamloops,British Columbia,50.661111,-120.515,1977,2018,,,,,,1,0,0,,,,Palladium
"Esso Resources Canada Ltd.,",Westminer Canada Ltd.,,,,,,Gays River ,Nova Scotia,45.029524,-63.36771908,1979,1982,1991,1991,,,,1,0,0,,,,Lead
"Esso Resources Canada Ltd.,",Westminer Canada Ltd.,,,,,,Gays River ,Nova Scotia,45.029524,-63.36771908,1979,1982,1991,1991,,,,1,0,0,,,,Copper
"Esso Resources Canada Ltd.,",Westminer Canada Ltd.,,,,,,Gays River ,Nova Scotia,45.029524,-63.36771908,1979,1982,1991,1991,,,,1,0,0,,,,Fluorine
"Esso Resources Canada Ltd.,",Westminer Canada Ltd.,,,,,,Gays River ,Nova Scotia,45.029524,-63.36771908,1979,1982,1991,1991,,,,1,0,0,,,,Zinc
"Esso Resources Canada Ltd.,",Westminer Canada Ltd.,,,,,,Gays River ,Nova Scotia,45.029524,-63.36771908,1979,1982,1991,1991,,,,1,0,0,,,,Iron
"Esso Resources Canada Ltd.,",Westminer Canada Ltd.,,,,,,Gays River ,Nova Scotia,45.029524,-63.36771908,1979,1982,1991,1991,,,,1,0,0,,,,Barium
Goldlund Mines Ltd. ,,,,,,,Echo Township,Ontario,49.89671,-92.34736,1980,1985,,,,,,1,0,0,,,,Gold
B. Miller Inc. ,Homestake Canada Ltd.,,,,,,Nicholson,British Columbia,51.211111,-116.86027,1980,1997,,,,,,1,0,0,,,,Aggregate
B. Miller Inc. ,Homestake Canada Ltd.,,,,,,Nicholson,British Columbia,51.211111,-116.86027,1980,1997,,,,,,1,0,0,,,,Silica
Flin Flon Mines Ltd.,,,,,,Rio,Rio Mine,Saskatchewan,54.56666666666667,-101.8833333,1980,1984,,,,,"In 1980, Flin Flon Mines Ltd. took over the project conducting a 46 hole diamond drill program totaling 11,352m which included results of 38.28 g/t gold over 4.2 metres in drill hole R12-80 and 14.11 g/t gold over 1.7 metres in drill hole R21-80.

In fall 1982 Flin Flon Mines Ltd. undertook underground development on the Rio (Bootleg) deposit consisting of a ramp decline to a depth of 350 ft. (106.7m). Flin Flon Mines purchased a 300 ton per day mill and planned on using mined material from the Rio and Henning Maloney deposits, with subsequent mined material from the Newcor deposit.

Start-up was postponed until early 1984 due to technical problems but opened by mid¬-1984. The mine closed just three months after start up after experiencing lower than forecast recovery rates. The mine went into receivership, and Vista Mines Inc. (“Vista”) gained possession of the property soon after.",1,0,0,,,,Gold
Avonlea Mineral Industries Ltd.,Canadian Clay Products Inc.,,,,,Wilcox,Wilcox,Saskatchewan,49.960179,-104.8187553,1981,open,,,,,,1,0,0,,,,Bentonite
Highmont Operating Corporation,Teck Corporation Ltd.,,,,,Highmont,Highland Valley,British Columbia,50.431666,-120.99805,1981,1984,,,,,,1,0,0,,,,Molybdenum
Highmont Operating Corporation,Teck Corporation Ltd.,,,,,Highmont,Highland Valley,British Columbia,50.431666,-120.99805,1981,1984,,,,,,1,0,0,,,,Copper
Equity Silver Mines Ltd. (Placer Dome Inc.),,,,,,,Houston,British Columbia,54.189444,-126.26333,1981,1994,,,,,,1,0,0,,,,Gold
Equity Silver Mines Ltd. (Placer Dome Inc.),,,,,,,Houston,British Columbia,54.189444,-126.26333,1981,1994,,,,,,1,0,0,,,,Copper
Equity Silver Mines Ltd. (Placer Dome Inc.),,,,,,,Houston,British Columbia,54.189444,-126.26333,1981,1994,,,,,,1,0,0,,,,Silver
Equity Silver Mines Ltd. (Placer Dome Inc.),,,,,,,Houston,British Columbia,54.189444,-126.26333,1981,1994,,,,,,1,0,0,,,,Arsenic
Equity Silver Mines Ltd. (Placer Dome Inc.),,,,,,,Houston,British Columbia,54.189444,-126.26333,1981,1994,,,,,,1,0,0,,,,Antimony
Camchib Resources Inc.,,,,,,,Chibougamau ,Quebec,49.91693905,-74.37846241,1982,1986,,,,,,1,0,0,,,,Silver
Camchib Resources Inc.,,,,,,,Chibougamau ,Quebec,49.91693905,-74.37846241,1982,1986,,,,,,1,0,0,,,,Gold
Camchib Resources Inc.,,,,,,,Chibougamau ,Quebec,49.91693905,-74.37846241,1982,1986,,,,,,1,0,0,,,,Copper
Hudson Bay Mining and Smelting Co. Ltd. ,,,,,,Spruce Point ,,Manitoba,54.575,-100.4013889,1982,1992,,,,,,1,0,0,,,,Silver
Hudson Bay Mining and Smelting Co. Ltd. ,,,,,,Spruce Point ,,Manitoba,54.575,-100.4013889,1982,1992,,,,,,1,0,0,,,,Gold
Hudson Bay Mining and Smelting Co. Ltd. ,,,,,,Spruce Point ,,Manitoba,54.575,-100.4013889,1982,1992,,,,,,1,0,0,,,,Zinc
Hudson Bay Mining and Smelting Co. Ltd. ,,,,,,Spruce Point ,,Manitoba,54.575,-100.4013889,1982,1992,,,,,,1,0,0,,,,Copper
Cullaton Lake Gold Mines Ltd.,O'Brien Gold Mines Ltd.,,,,,Cullaton Lake Gold ,Whale Cove,Nunavut,61.266666666666666,-98.5,1982,1985,,,,,"64,000 oz gold from 0.228 Mt processed, mill-head grade of 10.6 g/t Au, mine site reclaimed (small producer).",1,0,0,,,,Gold
Aurun Mines Ltd.,,,,,,,Empire Valley,British Columbia,51.345277,-122.35166,1983,1987,,,,,,1,0,0,,,,Pozzolan
Aurun Mines Ltd.,,,,,,,Empire Valley,British Columbia,51.345277,-122.35166,1983,1987,,,,,,1,0,0,,,,Perlite
Noranda Inc.,,,,,,,Goldstream Mine,British Columbia,51.624999,-118.42888,1983,1996,,,,,,1,0,0,,,,Gold
Noranda Inc.,,,,,,,Goldstream Mine,British Columbia,51.624999,-118.42888,1983,1996,,,,,,1,0,0,,,,Copper
Noranda Inc.,,,,,,,Goldstream Mine,British Columbia,51.624999,-118.42888,1983,1996,,,,,,1,0,0,,,,Silver
Noranda Inc.,,,,,,,Goldstream Mine,British Columbia,51.624999,-118.42888,1983,1996,,,,,,1,0,0,,,,Cadmium
Noranda Inc.,,,,,,,Goldstream Mine,British Columbia,51.624999,-118.42888,1983,1996,,,,,,1,0,0,,,,Zinc
Noranda Inc.,,,,,,,Goldstream Mine,British Columbia,51.624999,-118.42888,1983,1996,,,,,,1,0,0,,,,Antimony
Quintette Coal Ltd.,,,,,,Quintette,Tumbler Ridge,British Columbia,55.027221,-121.19055,1983,2000,,,,,,1,0,0,,,,Coal
Key Lake Mining Corp.,Cameco Corporation,,,,,Key Lake,Key Lake,Saskatchewan,57.201114,-105.666104,1983,2018,,,,,,1,0,0,,,,Uranium
"Giant Yellowknife Mines Ltd.,",,,,,,Salmita ,,Northwest Territories,64.07916666666667,-111.2458333,1983,1987,,,,,"""In 1986, there were 90 company employees and an unknown amount of contractors from R.M. Drilling, the winze sinking contractor. Turnover was approximately 40% (mine records)."" (source1 (Silke), p.438)",1,0,0,,,,Gold
Rio Algom Ltd.,,,,,,East Kemptville ,"East Kemptville, Yarmouth County",Nova Scotia,44.103137,-65.68087932,1984,1992,,,,,"Rio Algom constructing plant for tin mine, near Yarmouth, Nova Scotia",1,0,0,,,,Silver
Rio Algom Ltd.,,,,,,East Kemptville ,"East Kemptville, Yarmouth County",Nova Scotia,44.103137,-65.68087932,1984,1992,,,,,"Rio Algom constructing plant for tin mine, near Yarmouth, Nova Scotia",1,0,0,,,,Tin
Rio Algom Ltd.,,,,,,East Kemptville ,"East Kemptville, Yarmouth County",Nova Scotia,44.103137,-65.68087932,1984,1992,,,,,"Rio Algom constructing plant for tin mine, near Yarmouth, Nova Scotia",1,0,0,,,,Zinc
Rio Algom Ltd.,,,,,,East Kemptville ,"East Kemptville, Yarmouth County",Nova Scotia,44.103137,-65.68087932,1984,1992,,,,,"Rio Algom constructing plant for tin mine, near Yarmouth, Nova Scotia",1,0,0,,,,Copper
Asarco Exploration Company of Canada,Lake Asbestos of Canada Ltd.,,,,,Aquarius,Maclem Twp,Ontario,48.53189,-80.86851,1984,1988,,,,,,1,0,0,,,,Gold
Baymag Mines Co. Ltd.,,,,,,Mt. Brussilof,Radium Hot Springs,British Columbia,50.788888,-115.67888,1984,2015,,,,,,1,0,0,,,,Magnesia
Gordex Minerals Ltd,,,,,,,Cape Spencer ,New Brunswick,45.19832,-65.91163,1986,1988,,,,,,1,0,0,,,,Gold
Sussex Silica Inc.,Atlantic Silica Inc,,,,,,Poodiac,New Brunswick,45.607191,-65.534962,1986,open,,,,,,1,0,0,,,,Silica
Curragh Resources Corporation,,,,,,Whiskey Lake,Whitehorse,Yukon,61.974722222222226,-132.5325,1986,1992,,,,,,1,0,0,,,,Coal
Treminco Resources Ltd.,Ptarmigan Mines Limited,Cominco Ltd.,,,,Tom and Ptarmigans,Yellowknife ,Northwest Territories,62.520833333333336,-114.1958333,1986,1997,,,,,"The mine was also in production from1941 to 1942/// ""Ptarmigan and Tom operations were in full swing after 1989 when Treminco installed its own milling plant. The mine began to loose profit in 1992 and reserves continued to drop throughout the 1990s. A depletion of economic orebodies forced a final closure in 1997."" (source1 (Silke), p.399)",1,0,0,,,,Gold
Canamax Resources Inc.,Lake Shore Gold Corp.,,,,,Bell Creek,,Ontario,48.56007,-81.17146,1987,1994,2012,open,,,,1,0,0,,,,Gold
Bond Gold Canada Inc.,,,,,,Golden Patricia,Sioux Lookout,Ontario,51.36594,-91.13417,1987,2015,,,,,,1,0,0,,,,Gold
Clayburn Industries Ltd.,,,,,,,Quesnel,British Columbia,52.751388,-122.53472,1987,1993,,,,,,1,0,0,,,,Diatomite
Grartges Exploration Ltd.,,,,,,Tartan Lake,,Manitoba,54.85611111111111,-101.7305556,1987,1989,,,,,,1,0,0,,,,Gold
Cameco - A Canadian Mining & Energy Corp.,,,,,,Star Lake,,Saskatchewan,55.984445,-104.2791675,1987,1989,,,,,,1,0,0,,,,Gold
Total Erickson Resources Ltd.,,,,,,Mount Skukum ,Mount Skukum,Yukon,60.20666666666667,-135.4691667,1987,1988,,,,,,1,0,0,,,,Silver
Total Erickson Resources Ltd.,,,,,,Mount Skukum ,Mount Skukum,Yukon,60.20666666666667,-135.4691667,1987,1988,,,,,,1,0,0,,,,Gold
Fording Coal Ltd. ,TransAlberta Utilities Corporation,Warburg Coal & Fording Coal Limited,,,,Genesee,Warburg,Alberta,53.32950606,-114.3655183,1988,open,,,,,,1,0,0,,,,Coal
Skyline Explorations Ltd.,,,,,,,Johnny Mountain Mine,British Columbia,56.62361,-131.06749,1988,1993,,,,,,1,0,0,,,,Lead
Skyline Explorations Ltd.,,,,,,,Johnny Mountain Mine,British Columbia,56.62361,-131.06749,1988,1993,,,,,,1,0,0,,,,Copper
Skyline Explorations Ltd.,,,,,,,Johnny Mountain Mine,British Columbia,56.62361,-131.06749,1988,1993,,,,,,1,0,0,,,,Gold
Skyline Explorations Ltd.,,,,,,,Johnny Mountain Mine,British Columbia,56.62361,-131.06749,1988,1993,,,,,,1,0,0,,,,Silver
Skyline Explorations Ltd.,,,,,,,Johnny Mountain Mine,British Columbia,56.62361,-131.06749,1988,1993,,,,,,1,0,0,,,,Zinc
NovaGold Resources Inc.,,,,,,Murray Brook ,Bathurst,New Brunswick,47.5253,-66.43163,1989,1993,,,,,,1,0,0,,,,Silver
NovaGold Resources Inc.,,,,,,Murray Brook ,Bathurst,New Brunswick,47.5253,-66.43163,1989,1993,,,,,,1,0,0,,,,Copper
Dow Chemical Co.,,,,,,,Fort Saskatchewan,Alberta,53.7004071,-113.2165395,1989,open,,,,,very minor production esp. Compare to oil and gas production in the same location,1,0,0,,,,Salt
Amok Ltd. ,Cluff Mining,COGEMA Resources Inc.,,,,Cluff Lake,Cluff Lake,Saskatchewan,58.366664,-109.5422238,1989,2002,,,,,,1,0,0,,,,Uranium
Northwest Gold. Corp. ,Royal Oak Mines Inc.,,,,,Colomac,Indin Lake,Northwest Territories,64.4,-115.1,1989,1991,1994,1997,,,"The mine was also in production from 1946 to 1946. /////indigenous history (source1 (Silke), p.103) ///It produced gold from 1990-1991 and from 1994-1997 when low gold prices bankrupted the company and shut down the mine for good. /// Camp facilities at Colomac Mine consisted of an Atco trailer complex with 276 rooms and 7 suites, including a small recreation room in the kitchen complex. On average, 320 personnel were employed at Colomac Mine. An agreement between local Dogrib communities and Neptune Resources Corporation Limited suggested that 25% of the workforce be aboriginal. (source1 (Silke), p.107)",1,0,0,https://www.miningnorth.com/_rsc/site-content/library/NWT_Mines_History_RSilke2009.pdf,,,Gold
Noranda Inc.,Noranda Mining and Exploration Inc. ,,,,,Gaspé Division,Gaspé,Quebec,48.951944,-65.51863,1990,2002,,,,,,1,0,0,,,,Copper
Summit Lime Works Ltd. ,Summit Lime Works Umited,Graymont Western Canada Inc.,,,,Coleman,Hazel,Alberta,49.67038631,-114.5040416,1990,open,,,,,,1,0,0,,,,Lime
Summit Lime Works Ltd. ,Summit Lime Works Umited,Graymont Western Canada Inc.,,,,Coleman,Hazel,Alberta,49.67038631,-114.5040416,1990,open,,,,,,1,0,0,,,,Dolomite
B.C. Sugar Refining Co. Ltd. ,,,,,,,Taber,Alberta,49.7904586,-112.1247863,1990,open,,,,,sugar factory still open,1,0,0,,,,Lime
Hudson Bay Mining and Smelting Co. Ltd.,,,,,,Callinan,Flin Flon ,Manitoba,54.78611111111111,-101.8875,1990,2001,,,,,,1,0,0,,,,Gold
Hudson Bay Mining and Smelting Co. Ltd.,,,,,,Callinan,Flin Flon ,Manitoba,54.78611111111111,-101.8875,1990,2001,,,,,,1,0,0,,,,Copper
Hudson Bay Mining and Smelting Co. Ltd.,,,,,,Callinan,Flin Flon ,Manitoba,54.78611111111111,-101.8875,1990,2001,,,,,,1,0,0,,,,Silver
Hudson Bay Mining and Smelting Co. Ltd.,,,,,,Callinan,Flin Flon ,Manitoba,54.78611111111111,-101.8875,1990,2001,,,,,,1,0,0,,,,Cadmium
Hudson Bay Mining and Smelting Co. Ltd.,,,,,,Callinan,Flin Flon ,Manitoba,54.78611111111111,-101.8875,1990,2001,,,,,,1,0,0,,,,Zinc
Golden Bear Operating Co. Ltd.,North American Metal Corp.,,,,,Golden Bear,Telegraph Creek,British Columbia,58.210833,-132.29361,1990,2000,,,,,,1,0,0,,,,Antimony
Golden Bear Operating Co. Ltd.,North American Metal Corp.,,,,,Golden Bear,Telegraph Creek,British Columbia,58.210833,-132.29361,1990,2000,,,,,,1,0,0,,,,Silver
Golden Bear Operating Co. Ltd.,North American Metal Corp.,,,,,Golden Bear,Telegraph Creek,British Columbia,58.210833,-132.29361,1990,2000,,,,,,1,0,0,,,,Copper
Golden Bear Operating Co. Ltd.,North American Metal Corp.,,,,,Golden Bear,Telegraph Creek,British Columbia,58.210833,-132.29361,1990,2000,,,,,,1,0,0,,,,Gold
BP Ressources Canada Ltd.,Lhoist,,,,,,Fort Langley,British Columbia,49.18965861,-122.6605992,1991,open,,,,,,1,0,0,,,,Lime
Continental Lime Ltd.,Graymont Western Canada Inc.,,,,,,Exshaw,Alberta,51.07138943,-115.1351986,1991,open,,,,,,1,0,0,,,,Lime
Cominco Ltd.,Prime Resources Group Inc.,,,,,Snip,Iskut River,British Columbia,56.66861,-131.10888,1991,1999,,,,,,1,0,0,,,,Lead
Cominco Ltd.,Prime Resources Group Inc.,,,,,Snip,Iskut River,British Columbia,56.66861,-131.10888,1991,1999,,,,,,1,0,0,,,,Copper
Cominco Ltd.,Prime Resources Group Inc.,,,,,Snip,Iskut River,British Columbia,56.66861,-131.10888,1991,1999,,,,,,1,0,0,,,,Gold
Cominco Ltd.,Prime Resources Group Inc.,,,,,Snip,Iskut River,British Columbia,56.66861,-131.10888,1991,1999,,,,,,1,0,0,,,,Silver
Cominco Ltd.,Prime Resources Group Inc.,,,,,Snip,Iskut River,British Columbia,56.66861,-131.10888,1991,1999,,,,,,1,0,0,,,,Zinc
Curragh Resources Inc.,,,,,,Sa Dena Hes,Watson Lake ,Yukon,60.547777777777775,-128.8788889,1991,1992,,,,,"110 workers /// socio-economic agreement was signed by Cominco, Kaska Dena First Nation, Liard First Nation, the Town of Watson Lake and the Yukon Government in 1991",1,0,0,,,,Lead
Curragh Resources Inc.,,,,,,Sa Dena Hes,Watson Lake ,Yukon,60.547777777777775,-128.8788889,1991,1992,,,,,"110 workers /// socio-economic agreement was signed by Cominco, Kaska Dena First Nation, Liard First Nation, the Town of Watson Lake and the Yukon Government in 1991",1,0,0,,,,Zinc
Red Deer Silica Inc.,,,,,,,Hudson Bay ,Saskatchewan,52.98583,-101.7440383,1993,open,,,,,small scale /// Lower Cretaceous Mannville Group silica sand.  Last quarried for golf course bunker sand.,1,0,0,,,,Silica
Granduc Mining Corporation,Black Hawk Mining Inc. ,,,,,BT,Lynn Lake ,Manitoba,56.85108769,-101.055681,1993,1996,,,,,,1,0,0,,,,Gold
Uniquartz Inc.,,,,,,,St. Jean Vianney ,Quebec,48.624195,-67.332241,1994,2000,,,,,,1,0,0,,,,Quartz
Teck Corporation Ltd.,,,,,,Afton-Ajax,Kamloops,British Columbia,50.608055,-120.40444,1994,1997,,,,,,1,0,0,,,,Silver
Teck Corporation Ltd.,,,,,,Afton-Ajax,Kamloops,British Columbia,50.608055,-120.40444,1994,1997,,,,,,1,0,0,,,,Gold
Teck Corporation Ltd.,,,,,,Afton-Ajax,Kamloops,British Columbia,50.608055,-120.40444,1994,1997,,,,,,1,0,0,,,,Molybdenum
Teck Corporation Ltd.,,,,,,Afton-Ajax,Kamloops,British Columbia,50.608055,-120.40444,1994,1997,,,,,,1,0,0,,,,Copper
Candorado Mines Ltd. ,,,,,,Mascot,Hedley,British Columbia,49.365,-120.06694,1995,1995,,,,,,1,0,0,,,,Silver
Candorado Mines Ltd. ,,,,,,Mascot,Hedley,British Columbia,49.365,-120.06694,1995,1995,,,,,,1,0,0,,,,Gold
Hudson Bay Mining and Smelting Co. Ltd. ,,,,,,Photo Lake,Snow Lake,Manitoba,54.859722222222224,-100.1027778,1995,1998,,,,,,1,0,0,,,,Silver
Hudson Bay Mining and Smelting Co. Ltd. ,,,,,,Photo Lake,Snow Lake,Manitoba,54.859722222222224,-100.1027778,1995,1998,,,,,,1,0,0,,,,Gold
Hudson Bay Mining and Smelting Co. Ltd. ,,,,,,Photo Lake,Snow Lake,Manitoba,54.859722222222224,-100.1027778,1995,1998,,,,,,1,0,0,,,,Zinc
Hudson Bay Mining and Smelting Co. Ltd. ,,,,,,Photo Lake,Snow Lake,Manitoba,54.859722222222224,-100.1027778,1995,1998,,,,,,1,0,0,,,,Copper
Thorburn Mining Limited,Pictou County Research and Development Commission,Pioneer Coal Co. Inc.,,,,Stellarton,Stellarton ,Nova Scotia,45.55512033,-62.55392993,1996,2019,,,,,"another in 2003 is called Coalburn Mine /// Rio Algom constructing plant for tin mine, near Yarmouth, Nova Scotia",1,0,0,,,,Coal
"Imperial Metals Corporation, Mitsubishi Materials Corporation, Marubeni Corporation, Dowa Mining Co. Ltd and Furukawa Co. Ltd. ",Teck Resources Limited,Huckleberry Mines Ltd.,,,,Huckleberry,Kemano,British Columbia,53.68111,-127.17805,1997,2016,,,,,,1,0,0,,,,Silver
"Imperial Metals Corporation, Mitsubishi Materials Corporation, Marubeni Corporation, Dowa Mining Co. Ltd and Furukawa Co. Ltd. ",Teck Resources Limited,Huckleberry Mines Ltd.,,,,Huckleberry,Kemano,British Columbia,53.68111,-127.17805,1997,2016,,,,,,1,0,0,,,,Molybdenum
"Imperial Metals Corporation, Mitsubishi Materials Corporation, Marubeni Corporation, Dowa Mining Co. Ltd and Furukawa Co. Ltd. ",Teck Resources Limited,Huckleberry Mines Ltd.,,,,Huckleberry,Kemano,British Columbia,53.68111,-127.17805,1997,2016,,,,,,1,0,0,,,,Gold
"Imperial Metals Corporation, Mitsubishi Materials Corporation, Marubeni Corporation, Dowa Mining Co. Ltd and Furukawa Co. Ltd. ",Teck Resources Limited,Huckleberry Mines Ltd.,,,,Huckleberry,Kemano,British Columbia,53.68111,-127.17805,1997,2016,,,,,,1,0,0,,,,Copper
BHP Diamonds Inc.,Dia Met Minerals Ltd., Charles Fipke and Stewart Blusson,Arctic Canadian Diamond Company,,,Panda (Ekati Project),Lac de Gras,Northwest Territories,64.71666666666667,-110.6083333,1997,open,,,,,Brief closure between 2020 and 2021,1,0,0,,,,Diamond
Magnola Magnesium Inc. ,Society generale de financement du Quebec,,,,,Ardorbec,Danville ,Quebec,45.748462,-71.961305,1998,open,,,,,,1,0,0,,,,Magnesium
Canadian Johns-Manville Co. Ltd.,Asbestos Inc.,,,,,Jeffrey,Asbestos (Val-des-Sources),Quebec,45.7751,-71.9476,1879,2009,,,,,"FR: En 1992, la mine est l'objet d'une importante grève, qui débouche sur la mutualisation de la mine pour pérenniser sa production. This should be the largest Asbestos mine in the world https://gq.mines.gouv.qc.ca/documents/EXAMINE/GM61155/GM61155.pdfMine: Open-pit chrysotile asbestos mine measuring some 2 km in diameter and eventually reaching a depth of 350 m. Mining began in 1879. In 1950 an attempt was made to switch to block caving but was abandoned after 10 years. In 1969 the pit was expanded, requiring the relocation of the adjacent town. However, world demand for asbestos fell drastically in the 1980s when its carcinogenic properties became known and worldwide bans were implemented on its use as a building material. In 1996, in an attempt to mine a high-grade area at the bottom of the pit, another attempt was made to switch to underground methods, but government subsidies were exhausted in 2001, and since then the mine has been inactive.https://www.huffpost.com/archive/qc/entry/mine-jeffrey-dit-adieu-a-son-pret_n_1958099    //////https://gq.mines.gouv.qc.ca/documents/examine/DV9301/DV9301.pdf",0,0,1,https://miningwatch.ca/sites/default/files/asbestos_mining_in_canada_0.pdf,https://niche-canada.org/2015/11/19/workers-as-commodities-the-case-of-asbestos-quebec/,https://www.researchgate.net/publication/286641969_The_Jeffrey_mine_Asbestos_Quebec_Canada,Chrysotile
Crow's Nest Pass Coal Co. Ltd. ,,,,,,,,British Columbia,49.65448068,-114.7145444,1897,1978,,,,,"The Crow's Nest Pass Coal Company was established in 1897 to develop the coal resources of the British Columbia side of the Crowsnest Pass. Several subsidiaries were created to operate ancillary activities. They included the Morrissey, Fernie and Michel Railway, and the Crows Nest Pass Electric Light and Power Company. Various mines were opened at Coal Creek, Natal, Michel and Morrissey. After the Second World War demand for coal dropped and the company diversified through a subsidiary, Crow's Nest Pass Oil and Gas Company. As the 1950s and 1960s progressed the mines were closed and the company moved into the forest products area. Other subsidiaries acquired by the company were American Coal and Coke Company, Crows Nest Forest Products, Crows Nest Plywoods Ltd., East Kootenay Lumber Company, E.C. Letcher Lumber Company, Fernie Equipment Company, Gold Creek Timber Company, Knight Lumber Company, Kootenay and Elk Railway Company, Kootenay Coal Company, Transpacific Export Corporation (Transpac), Crow's Nest Pass Lumber Company, St. Mary's Lumber Company, and Wilson Lumber Company (Fernie) Ltd. In 1965 the name of the company was changed to Crows Nest Industries Ltd. In 1968 the company's coal resources were sold to Kaiser Steel and the assets of Crows Nest Pass Electric Light and Power were sold to British Columbia Hydro. Another subsidiary, Transpac, was sold in 1971. A change in the demand for coal resulted in the company reacquiring some coal lands from Kaiser in 1976. In 1977 Shell Canada purchased the company and renamed it Crowsnest Resources Ltd. The company was disbanded in 1991 and its assets redistributed. ///1876-1983, predominant 1897-1978 (Creation)",0,0,1,https://albertaonrecord.ca/crowsnest-resources-ltd-fonds,,,Coal
